ISO-10303-21;
HEADER;
/* Generated by software containing ST-Developer
 * from STEP Tools, Inc. (www.steptools.com) 
 */

FILE_DESCRIPTION(
/* description */ ('PART--DESC'),
/* implementation_level */ '2;1');

FILE_NAME(
/* name */ '2pin terminal male.step',
/* time_stamp */ '2025-10-23T21:08:32+03:00',
/* author */ (''),
/* organization */ (''),
/* preprocessor_version */ 'ST-DEVELOPER v20.1',
/* originating_system */ 'Autodesk Translation Framework v14.17.0.0',
/* authorisation */ '');

FILE_SCHEMA (('AUTOMOTIVE_DESIGN { 1 0 10303 214 3 1 1 }'));
ENDSEC;

DATA;
#10=MECHANICAL_DESIGN_GEOMETRIC_PRESENTATION_REPRESENTATION('',(#23,#24,
#25),#2606);
#11=ITEM_DEFINED_TRANSFORMATION($,$,#1592,#1719);
#12=ITEM_DEFINED_TRANSFORMATION($,$,#1684,#1720);
#13=(
REPRESENTATION_RELATIONSHIP($,$,#2619,#2618)
REPRESENTATION_RELATIONSHIP_WITH_TRANSFORMATION(#11)
SHAPE_REPRESENTATION_RELATIONSHIP()
);
#14=(
REPRESENTATION_RELATIONSHIP($,$,#2620,#2618)
REPRESENTATION_RELATIONSHIP_WITH_TRANSFORMATION(#12)
SHAPE_REPRESENTATION_RELATIONSHIP()
);
#15=CONTEXT_DEPENDENT_SHAPE_REPRESENTATION(#13,#2616);
#16=CONTEXT_DEPENDENT_SHAPE_REPRESENTATION(#14,#2617);
#17=NEXT_ASSEMBLY_USAGE_OCCURRENCE('M Geometry:1','M Geometry:1',
'M Geometry:1',#2622,#2623,'M Geometry:1');
#18=NEXT_ASSEMBLY_USAGE_OCCURRENCE('pich:1','pich:1','pich:1',#2622,#2624,
'pich:1');
#19=SHAPE_REPRESENTATION_RELATIONSHIP('SRR','None',#2619,#21);
#20=SHAPE_REPRESENTATION_RELATIONSHIP('SRR','None',#2620,#22);
#21=ADVANCED_BREP_SHAPE_REPRESENTATION('',(#26),#2604);
#22=ADVANCED_BREP_SHAPE_REPRESENTATION('',(#27,#28),#2605);
#23=STYLED_ITEM('',(#2638),#26);
#24=STYLED_ITEM('',(#2639),#27);
#25=STYLED_ITEM('',(#2639),#28);
#26=MANIFOLD_SOLID_BREP('Body1',#1565);
#27=MANIFOLD_SOLID_BREP('Body1',#1566);
#28=MANIFOLD_SOLID_BREP('Body2',#1567);
#29=FACE_BOUND('',#228,.T.);
#30=FACE_BOUND('',#229,.T.);
#31=FACE_BOUND('',#232,.T.);
#32=FACE_BOUND('',#256,.T.);
#33=FACE_BOUND('',#275,.T.);
#34=FACE_BOUND('',#276,.T.);
#35=FACE_BOUND('',#279,.T.);
#36=FACE_BOUND('',#281,.T.);
#37=FACE_BOUND('',#282,.T.);
#38=FACE_BOUND('',#285,.T.);
#39=FACE_BOUND('',#286,.T.);
#40=FACE_BOUND('',#291,.T.);
#41=FACE_BOUND('',#301,.T.);
#42=PLANE('',#1627);
#43=PLANE('',#1628);
#44=PLANE('',#1629);
#45=PLANE('',#1630);
#46=PLANE('',#1631);
#47=PLANE('',#1632);
#48=PLANE('',#1633);
#49=PLANE('',#1634);
#50=PLANE('',#1635);
#51=PLANE('',#1636);
#52=PLANE('',#1637);
#53=PLANE('',#1638);
#54=PLANE('',#1639);
#55=PLANE('',#1640);
#56=PLANE('',#1641);
#57=PLANE('',#1642);
#58=PLANE('',#1643);
#59=PLANE('',#1644);
#60=PLANE('',#1645);
#61=PLANE('',#1646);
#62=PLANE('',#1647);
#63=PLANE('',#1648);
#64=PLANE('',#1649);
#65=PLANE('',#1650);
#66=PLANE('',#1651);
#67=PLANE('',#1652);
#68=PLANE('',#1653);
#69=PLANE('',#1654);
#70=PLANE('',#1655);
#71=PLANE('',#1656);
#72=PLANE('',#1657);
#73=PLANE('',#1658);
#74=PLANE('',#1659);
#75=PLANE('',#1660);
#76=PLANE('',#1661);
#77=PLANE('',#1662);
#78=PLANE('',#1663);
#79=PLANE('',#1664);
#80=PLANE('',#1665);
#81=PLANE('',#1666);
#82=PLANE('',#1667);
#83=PLANE('',#1668);
#84=PLANE('',#1669);
#85=PLANE('',#1670);
#86=PLANE('',#1671);
#87=PLANE('',#1672);
#88=PLANE('',#1673);
#89=PLANE('',#1674);
#90=PLANE('',#1675);
#91=PLANE('',#1676);
#92=PLANE('',#1677);
#93=PLANE('',#1678);
#94=PLANE('',#1679);
#95=PLANE('',#1680);
#96=PLANE('',#1681);
#97=PLANE('',#1682);
#98=PLANE('',#1683);
#99=PLANE('',#1695);
#100=PLANE('',#1696);
#101=PLANE('',#1697);
#102=PLANE('',#1698);
#103=PLANE('',#1699);
#104=PLANE('',#1700);
#105=PLANE('',#1701);
#106=PLANE('',#1712);
#107=PLANE('',#1713);
#108=PLANE('',#1714);
#109=PLANE('',#1715);
#110=PLANE('',#1716);
#111=PLANE('',#1717);
#112=PLANE('',#1718);
#113=CYLINDRICAL_SURFACE('',#1598,0.0015);
#114=CYLINDRICAL_SURFACE('',#1600,0.0005);
#115=CYLINDRICAL_SURFACE('',#1602,0.0025);
#116=CYLINDRICAL_SURFACE('',#1606,0.0025);
#117=CYLINDRICAL_SURFACE('',#1610,0.0015);
#118=CYLINDRICAL_SURFACE('',#1617,0.0015);
#119=CYLINDRICAL_SURFACE('',#1621,0.0015);
#120=CYLINDRICAL_SURFACE('',#1625,0.0005);
#121=CYLINDRICAL_SURFACE('',#1685,0.0015);
#122=CYLINDRICAL_SURFACE('',#1692,0.001);
#123=CYLINDRICAL_SURFACE('',#1702,0.0015);
#124=CYLINDRICAL_SURFACE('',#1709,0.001);
#125=FACE_OUTER_BOUND('',#210,.T.);
#126=FACE_OUTER_BOUND('',#211,.T.);
#127=FACE_OUTER_BOUND('',#212,.T.);
#128=FACE_OUTER_BOUND('',#213,.T.);
#129=FACE_OUTER_BOUND('',#214,.T.);
#130=FACE_OUTER_BOUND('',#215,.T.);
#131=FACE_OUTER_BOUND('',#216,.T.);
#132=FACE_OUTER_BOUND('',#217,.T.);
#133=FACE_OUTER_BOUND('',#218,.T.);
#134=FACE_OUTER_BOUND('',#219,.T.);
#135=FACE_OUTER_BOUND('',#220,.T.);
#136=FACE_OUTER_BOUND('',#221,.T.);
#137=FACE_OUTER_BOUND('',#222,.T.);
#138=FACE_OUTER_BOUND('',#223,.T.);
#139=FACE_OUTER_BOUND('',#224,.T.);
#140=FACE_OUTER_BOUND('',#225,.T.);
#141=FACE_OUTER_BOUND('',#226,.T.);
#142=FACE_OUTER_BOUND('',#227,.T.);
#143=FACE_OUTER_BOUND('',#230,.T.);
#144=FACE_OUTER_BOUND('',#231,.T.);
#145=FACE_OUTER_BOUND('',#233,.T.);
#146=FACE_OUTER_BOUND('',#234,.T.);
#147=FACE_OUTER_BOUND('',#235,.T.);
#148=FACE_OUTER_BOUND('',#236,.T.);
#149=FACE_OUTER_BOUND('',#237,.T.);
#150=FACE_OUTER_BOUND('',#238,.T.);
#151=FACE_OUTER_BOUND('',#239,.T.);
#152=FACE_OUTER_BOUND('',#240,.T.);
#153=FACE_OUTER_BOUND('',#241,.T.);
#154=FACE_OUTER_BOUND('',#242,.T.);
#155=FACE_OUTER_BOUND('',#243,.T.);
#156=FACE_OUTER_BOUND('',#244,.T.);
#157=FACE_OUTER_BOUND('',#245,.T.);
#158=FACE_OUTER_BOUND('',#246,.T.);
#159=FACE_OUTER_BOUND('',#247,.T.);
#160=FACE_OUTER_BOUND('',#248,.T.);
#161=FACE_OUTER_BOUND('',#249,.T.);
#162=FACE_OUTER_BOUND('',#250,.T.);
#163=FACE_OUTER_BOUND('',#251,.T.);
#164=FACE_OUTER_BOUND('',#252,.T.);
#165=FACE_OUTER_BOUND('',#253,.T.);
#166=FACE_OUTER_BOUND('',#254,.T.);
#167=FACE_OUTER_BOUND('',#255,.T.);
#168=FACE_OUTER_BOUND('',#257,.T.);
#169=FACE_OUTER_BOUND('',#258,.T.);
#170=FACE_OUTER_BOUND('',#259,.T.);
#171=FACE_OUTER_BOUND('',#260,.T.);
#172=FACE_OUTER_BOUND('',#261,.T.);
#173=FACE_OUTER_BOUND('',#262,.T.);
#174=FACE_OUTER_BOUND('',#263,.T.);
#175=FACE_OUTER_BOUND('',#264,.T.);
#176=FACE_OUTER_BOUND('',#265,.T.);
#177=FACE_OUTER_BOUND('',#266,.T.);
#178=FACE_OUTER_BOUND('',#267,.T.);
#179=FACE_OUTER_BOUND('',#268,.T.);
#180=FACE_OUTER_BOUND('',#269,.T.);
#181=FACE_OUTER_BOUND('',#270,.T.);
#182=FACE_OUTER_BOUND('',#271,.T.);
#183=FACE_OUTER_BOUND('',#272,.T.);
#184=FACE_OUTER_BOUND('',#273,.T.);
#185=FACE_OUTER_BOUND('',#274,.T.);
#186=FACE_OUTER_BOUND('',#277,.T.);
#187=FACE_OUTER_BOUND('',#278,.T.);
#188=FACE_OUTER_BOUND('',#280,.T.);
#189=FACE_OUTER_BOUND('',#283,.T.);
#190=FACE_OUTER_BOUND('',#284,.T.);
#191=FACE_OUTER_BOUND('',#287,.T.);
#192=FACE_OUTER_BOUND('',#288,.T.);
#193=FACE_OUTER_BOUND('',#289,.T.);
#194=FACE_OUTER_BOUND('',#290,.T.);
#195=FACE_OUTER_BOUND('',#292,.T.);
#196=FACE_OUTER_BOUND('',#293,.T.);
#197=FACE_OUTER_BOUND('',#294,.T.);
#198=FACE_OUTER_BOUND('',#295,.T.);
#199=FACE_OUTER_BOUND('',#296,.T.);
#200=FACE_OUTER_BOUND('',#297,.T.);
#201=FACE_OUTER_BOUND('',#298,.T.);
#202=FACE_OUTER_BOUND('',#299,.T.);
#203=FACE_OUTER_BOUND('',#300,.T.);
#204=FACE_OUTER_BOUND('',#302,.T.);
#205=FACE_OUTER_BOUND('',#303,.T.);
#206=FACE_OUTER_BOUND('',#304,.T.);
#207=FACE_OUTER_BOUND('',#305,.T.);
#208=FACE_OUTER_BOUND('',#306,.T.);
#209=FACE_OUTER_BOUND('',#307,.T.);
#210=EDGE_LOOP('',(#1050,#1051,#1052,#1053,#1054,#1055));
#211=EDGE_LOOP('',(#1056,#1057,#1058,#1059,#1060));
#212=EDGE_LOOP('',(#1061,#1062,#1063,#1064,#1065));
#213=EDGE_LOOP('',(#1066,#1067,#1068,#1069,#1070));
#214=EDGE_LOOP('',(#1071,#1072,#1073,#1074,#1075));
#215=EDGE_LOOP('',(#1076,#1077,#1078,#1079,#1080));
#216=EDGE_LOOP('',(#1081,#1082,#1083,#1084,#1085,#1086));
#217=EDGE_LOOP('',(#1087,#1088,#1089,#1090,#1091));
#218=EDGE_LOOP('',(#1092,#1093,#1094,#1095,#1096));
#219=EDGE_LOOP('',(#1097,#1098,#1099,#1100,#1101));
#220=EDGE_LOOP('',(#1102,#1103,#1104,#1105));
#221=EDGE_LOOP('',(#1106,#1107,#1108,#1109));
#222=EDGE_LOOP('',(#1110,#1111,#1112,#1113,#1114));
#223=EDGE_LOOP('',(#1115,#1116,#1117));
#224=EDGE_LOOP('',(#1118,#1119,#1120,#1121,#1122,#1123,#1124,#1125,#1126,
#1127));
#225=EDGE_LOOP('',(#1128,#1129,#1130,#1131));
#226=EDGE_LOOP('',(#1132,#1133,#1134,#1135));
#227=EDGE_LOOP('',(#1136,#1137,#1138,#1139));
#228=EDGE_LOOP('',(#1140,#1141,#1142,#1143));
#229=EDGE_LOOP('',(#1144,#1145,#1146,#1147));
#230=EDGE_LOOP('',(#1148,#1149,#1150,#1151));
#231=EDGE_LOOP('',(#1152,#1153,#1154,#1155,#1156,#1157,#1158,#1159,#1160,
#1161,#1162,#1163,#1164,#1165));
#232=EDGE_LOOP('',(#1166,#1167,#1168,#1169));
#233=EDGE_LOOP('',(#1170,#1171,#1172,#1173));
#234=EDGE_LOOP('',(#1174,#1175,#1176,#1177));
#235=EDGE_LOOP('',(#1178,#1179,#1180,#1181));
#236=EDGE_LOOP('',(#1182,#1183,#1184,#1185));
#237=EDGE_LOOP('',(#1186,#1187,#1188,#1189));
#238=EDGE_LOOP('',(#1190,#1191,#1192,#1193));
#239=EDGE_LOOP('',(#1194,#1195,#1196,#1197));
#240=EDGE_LOOP('',(#1198,#1199,#1200,#1201));
#241=EDGE_LOOP('',(#1202,#1203,#1204,#1205));
#242=EDGE_LOOP('',(#1206,#1207,#1208,#1209));
#243=EDGE_LOOP('',(#1210,#1211,#1212,#1213,#1214,#1215));
#244=EDGE_LOOP('',(#1216,#1217,#1218,#1219,#1220,#1221,#1222,#1223,#1224));
#245=EDGE_LOOP('',(#1225,#1226,#1227,#1228));
#246=EDGE_LOOP('',(#1229,#1230,#1231,#1232));
#247=EDGE_LOOP('',(#1233,#1234,#1235,#1236));
#248=EDGE_LOOP('',(#1237,#1238,#1239,#1240));
#249=EDGE_LOOP('',(#1241,#1242,#1243,#1244));
#250=EDGE_LOOP('',(#1245,#1246,#1247,#1248));
#251=EDGE_LOOP('',(#1249,#1250,#1251,#1252,#1253,#1254));
#252=EDGE_LOOP('',(#1255,#1256,#1257,#1258,#1259,#1260,#1261,#1262,#1263));
#253=EDGE_LOOP('',(#1264,#1265,#1266,#1267));
#254=EDGE_LOOP('',(#1268,#1269,#1270,#1271,#1272,#1273));
#255=EDGE_LOOP('',(#1274,#1275,#1276,#1277));
#256=EDGE_LOOP('',(#1278));
#257=EDGE_LOOP('',(#1279,#1280,#1281,#1282));
#258=EDGE_LOOP('',(#1283,#1284,#1285,#1286,#1287));
#259=EDGE_LOOP('',(#1288,#1289,#1290,#1291));
#260=EDGE_LOOP('',(#1292,#1293,#1294,#1295));
#261=EDGE_LOOP('',(#1296,#1297,#1298,#1299,#1300));
#262=EDGE_LOOP('',(#1301,#1302,#1303,#1304));
#263=EDGE_LOOP('',(#1305,#1306,#1307,#1308,#1309));
#264=EDGE_LOOP('',(#1310,#1311,#1312,#1313));
#265=EDGE_LOOP('',(#1314,#1315,#1316));
#266=EDGE_LOOP('',(#1317,#1318,#1319));
#267=EDGE_LOOP('',(#1320,#1321,#1322,#1323));
#268=EDGE_LOOP('',(#1324,#1325,#1326,#1327));
#269=EDGE_LOOP('',(#1328,#1329,#1330,#1331,#1332,#1333,#1334,#1335,#1336,
#1337));
#270=EDGE_LOOP('',(#1338,#1339,#1340,#1341));
#271=EDGE_LOOP('',(#1342,#1343,#1344,#1345));
#272=EDGE_LOOP('',(#1346,#1347,#1348,#1349));
#273=EDGE_LOOP('',(#1350,#1351,#1352,#1353));
#274=EDGE_LOOP('',(#1354,#1355,#1356,#1357));
#275=EDGE_LOOP('',(#1358,#1359,#1360,#1361));
#276=EDGE_LOOP('',(#1362,#1363,#1364,#1365));
#277=EDGE_LOOP('',(#1366,#1367,#1368,#1369,#1370,#1371));
#278=EDGE_LOOP('',(#1372,#1373,#1374,#1375));
#279=EDGE_LOOP('',(#1376));
#280=EDGE_LOOP('',(#1377,#1378,#1379,#1380,#1381,#1382,#1383,#1384,#1385,
#1386,#1387,#1388,#1389));
#281=EDGE_LOOP('',(#1390));
#282=EDGE_LOOP('',(#1391));
#283=EDGE_LOOP('',(#1392,#1393,#1394,#1395));
#284=EDGE_LOOP('',(#1396,#1397,#1398,#1399));
#285=EDGE_LOOP('',(#1400));
#286=EDGE_LOOP('',(#1401));
#287=EDGE_LOOP('',(#1402,#1403,#1404,#1405));
#288=EDGE_LOOP('',(#1406,#1407,#1408,#1409,#1410,#1411,#1412,#1413,#1414,
#1415,#1416,#1417));
#289=EDGE_LOOP('',(#1418,#1419,#1420,#1421));
#290=EDGE_LOOP('',(#1422));
#291=EDGE_LOOP('',(#1423));
#292=EDGE_LOOP('',(#1424,#1425,#1426,#1427));
#293=EDGE_LOOP('',(#1428,#1429));
#294=EDGE_LOOP('',(#1430,#1431,#1432,#1433));
#295=EDGE_LOOP('',(#1434,#1435,#1436,#1437));
#296=EDGE_LOOP('',(#1438,#1439,#1440));
#297=EDGE_LOOP('',(#1441));
#298=EDGE_LOOP('',(#1442,#1443,#1444,#1445,#1446,#1447,#1448,#1449,#1450,
#1451,#1452,#1453));
#299=EDGE_LOOP('',(#1454,#1455,#1456,#1457));
#300=EDGE_LOOP('',(#1458));
#301=EDGE_LOOP('',(#1459));
#302=EDGE_LOOP('',(#1460,#1461,#1462,#1463));
#303=EDGE_LOOP('',(#1464,#1465));
#304=EDGE_LOOP('',(#1466,#1467,#1468,#1469));
#305=EDGE_LOOP('',(#1470,#1471,#1472,#1473));
#306=EDGE_LOOP('',(#1474,#1475,#1476));
#307=EDGE_LOOP('',(#1477));
#308=LINE('',#2163,#482);
#309=LINE('',#2169,#483);
#310=LINE('',#2174,#484);
#311=LINE('',#2180,#485);
#312=LINE('',#2185,#486);
#313=LINE('',#2193,#487);
#314=LINE('',#2200,#488);
#315=LINE('',#2207,#489);
#316=LINE('',#2212,#490);
#317=LINE('',#2220,#491);
#318=LINE('',#2227,#492);
#319=LINE('',#2231,#493);
#320=LINE('',#2233,#494);
#321=LINE('',#2235,#495);
#322=LINE('',#2236,#496);
#323=LINE('',#2240,#497);
#324=LINE('',#2242,#498);
#325=LINE('',#2244,#499);
#326=LINE('',#2245,#500);
#327=LINE('',#2249,#501);
#328=LINE('',#2251,#502);
#329=LINE('',#2253,#503);
#330=LINE('',#2254,#504);
#331=LINE('',#2255,#505);
#332=LINE('',#2258,#506);
#333=LINE('',#2259,#507);
#334=LINE('',#2263,#508);
#335=LINE('',#2264,#509);
#336=LINE('',#2266,#510);
#337=LINE('',#2268,#511);
#338=LINE('',#2270,#512);
#339=LINE('',#2272,#513);
#340=LINE('',#2274,#514);
#341=LINE('',#2275,#515);
#342=LINE('',#2278,#516);
#343=LINE('',#2280,#517);
#344=LINE('',#2281,#518);
#345=LINE('',#2284,#519);
#346=LINE('',#2286,#520);
#347=LINE('',#2287,#521);
#348=LINE('',#2290,#522);
#349=LINE('',#2292,#523);
#350=LINE('',#2293,#524);
#351=LINE('',#2296,#525);
#352=LINE('',#2298,#526);
#353=LINE('',#2300,#527);
#354=LINE('',#2301,#528);
#355=LINE('',#2303,#529);
#356=LINE('',#2305,#530);
#357=LINE('',#2306,#531);
#358=LINE('',#2309,#532);
#359=LINE('',#2311,#533);
#360=LINE('',#2312,#534);
#361=LINE('',#2315,#535);
#362=LINE('',#2317,#536);
#363=LINE('',#2319,#537);
#364=LINE('',#2321,#538);
#365=LINE('',#2323,#539);
#366=LINE('',#2325,#540);
#367=LINE('',#2327,#541);
#368=LINE('',#2329,#542);
#369=LINE('',#2331,#543);
#370=LINE('',#2333,#544);
#371=LINE('',#2334,#545);
#372=LINE('',#2336,#546);
#373=LINE('',#2337,#547);
#374=LINE('',#2341,#548);
#375=LINE('',#2342,#549);
#376=LINE('',#2343,#550);
#377=LINE('',#2346,#551);
#378=LINE('',#2347,#552);
#379=LINE('',#2350,#553);
#380=LINE('',#2351,#554);
#381=LINE('',#2353,#555);
#382=LINE('',#2357,#556);
#383=LINE('',#2358,#557);
#384=LINE('',#2361,#558);
#385=LINE('',#2362,#559);
#386=LINE('',#2364,#560);
#387=LINE('',#2367,#561);
#388=LINE('',#2368,#562);
#389=LINE('',#2370,#563);
#390=LINE('',#2373,#564);
#391=LINE('',#2375,#565);
#392=LINE('',#2377,#566);
#393=LINE('',#2379,#567);
#394=LINE('',#2380,#568);
#395=LINE('',#2383,#569);
#396=LINE('',#2385,#570);
#397=LINE('',#2387,#571);
#398=LINE('',#2389,#572);
#399=LINE('',#2391,#573);
#400=LINE('',#2393,#574);
#401=LINE('',#2395,#575);
#402=LINE('',#2396,#576);
#403=LINE('',#2399,#577);
#404=LINE('',#2400,#578);
#405=LINE('',#2403,#579);
#406=LINE('',#2404,#580);
#407=LINE('',#2407,#581);
#408=LINE('',#2408,#582);
#409=LINE('',#2411,#583);
#410=LINE('',#2412,#584);
#411=LINE('',#2415,#585);
#412=LINE('',#2416,#586);
#413=LINE('',#2419,#587);
#414=LINE('',#2420,#588);
#415=LINE('',#2423,#589);
#416=LINE('',#2424,#590);
#417=LINE('',#2425,#591);
#418=LINE('',#2429,#592);
#419=LINE('',#2430,#593);
#420=LINE('',#2433,#594);
#421=LINE('',#2434,#595);
#422=LINE('',#2438,#596);
#423=LINE('',#2440,#597);
#424=LINE('',#2442,#598);
#425=LINE('',#2443,#599);
#426=LINE('',#2445,#600);
#427=LINE('',#2446,#601);
#428=LINE('',#2450,#602);
#429=LINE('',#2451,#603);
#430=LINE('',#2453,#604);
#431=LINE('',#2455,#605);
#432=LINE('',#2456,#606);
#433=LINE('',#2458,#607);
#434=LINE('',#2459,#608);
#435=LINE('',#2461,#609);
#436=LINE('',#2464,#610);
#437=LINE('',#2466,#611);
#438=LINE('',#2467,#612);
#439=LINE('',#2470,#613);
#440=LINE('',#2471,#614);
#441=LINE('',#2474,#615);
#442=LINE('',#2475,#616);
#443=LINE('',#2477,#617);
#444=LINE('',#2479,#618);
#445=LINE('',#2482,#619);
#446=LINE('',#2483,#620);
#447=LINE('',#2486,#621);
#448=LINE('',#2487,#622);
#449=LINE('',#2490,#623);
#450=LINE('',#2491,#624);
#451=LINE('',#2493,#625);
#452=LINE('',#2495,#626);
#453=LINE('',#2496,#627);
#454=LINE('',#2498,#628);
#455=LINE('',#2499,#629);
#456=LINE('',#2502,#630);
#457=LINE('',#2503,#631);
#458=LINE('',#2507,#632);
#459=LINE('',#2509,#633);
#460=LINE('',#2512,#634);
#461=LINE('',#2514,#635);
#462=LINE('',#2524,#636);
#463=LINE('',#2529,#637);
#464=LINE('',#2533,#638);
#465=LINE('',#2537,#639);
#466=LINE('',#2540,#640);
#467=LINE('',#2545,#641);
#468=LINE('',#2549,#642);
#469=LINE('',#2550,#643);
#470=LINE('',#2553,#644);
#471=LINE('',#2555,#645);
#472=LINE('',#2563,#646);
#473=LINE('',#2568,#647);
#474=LINE('',#2572,#648);
#475=LINE('',#2576,#649);
#476=LINE('',#2579,#650);
#477=LINE('',#2584,#651);
#478=LINE('',#2588,#652);
#479=LINE('',#2589,#653);
#480=LINE('',#2592,#654);
#481=LINE('',#2594,#655);
#482=VECTOR('',#1731,0.0015);
#483=VECTOR('',#1738,0.0015);
#484=VECTOR('',#1745,0.0005);
#485=VECTOR('',#1750,1.);
#486=VECTOR('',#1755,1.);
#487=VECTOR('',#1764,1.);
#488=VECTOR('',#1771,0.0015);
#489=VECTOR('',#1780,0.0015);
#490=VECTOR('',#1785,0.0015);
#491=VECTOR('',#1794,0.0015);
#492=VECTOR('',#1803,0.0005);
#493=VECTOR('',#1806,1.);
#494=VECTOR('',#1807,1.);
#495=VECTOR('',#1808,1.);
#496=VECTOR('',#1809,1.);
#497=VECTOR('',#1812,1.);
#498=VECTOR('',#1813,1.);
#499=VECTOR('',#1814,1.);
#500=VECTOR('',#1815,1.);
#501=VECTOR('',#1818,1.);
#502=VECTOR('',#1819,1.);
#503=VECTOR('',#1820,1.);
#504=VECTOR('',#1821,1.);
#505=VECTOR('',#1822,1.);
#506=VECTOR('',#1825,1.);
#507=VECTOR('',#1826,1.);
#508=VECTOR('',#1829,1.);
#509=VECTOR('',#1830,1.);
#510=VECTOR('',#1831,1.);
#511=VECTOR('',#1832,1.);
#512=VECTOR('',#1833,1.);
#513=VECTOR('',#1834,1.);
#514=VECTOR('',#1835,1.);
#515=VECTOR('',#1836,1.);
#516=VECTOR('',#1839,1.);
#517=VECTOR('',#1840,1.);
#518=VECTOR('',#1841,1.);
#519=VECTOR('',#1844,1.);
#520=VECTOR('',#1845,1.);
#521=VECTOR('',#1846,1.);
#522=VECTOR('',#1849,1.);
#523=VECTOR('',#1850,1.);
#524=VECTOR('',#1851,1.);
#525=VECTOR('',#1852,1.);
#526=VECTOR('',#1853,1.);
#527=VECTOR('',#1854,1.);
#528=VECTOR('',#1855,1.);
#529=VECTOR('',#1856,1.);
#530=VECTOR('',#1857,1.);
#531=VECTOR('',#1858,1.);
#532=VECTOR('',#1861,1.);
#533=VECTOR('',#1862,1.);
#534=VECTOR('',#1863,1.);
#535=VECTOR('',#1866,1.);
#536=VECTOR('',#1867,1.);
#537=VECTOR('',#1868,1.);
#538=VECTOR('',#1869,1.);
#539=VECTOR('',#1870,1.);
#540=VECTOR('',#1871,1.);
#541=VECTOR('',#1872,1.);
#542=VECTOR('',#1873,1.);
#543=VECTOR('',#1874,1.);
#544=VECTOR('',#1875,1.);
#545=VECTOR('',#1876,1.);
#546=VECTOR('',#1877,1.);
#547=VECTOR('',#1878,1.);
#548=VECTOR('',#1881,1.);
#549=VECTOR('',#1882,1.);
#550=VECTOR('',#1883,1.);
#551=VECTOR('',#1886,1.);
#552=VECTOR('',#1887,1.);
#553=VECTOR('',#1890,1.);
#554=VECTOR('',#1891,1.);
#555=VECTOR('',#1894,1.);
#556=VECTOR('',#1899,1.);
#557=VECTOR('',#1900,1.);
#558=VECTOR('',#1903,1.);
#559=VECTOR('',#1904,1.);
#560=VECTOR('',#1907,1.);
#561=VECTOR('',#1910,1.);
#562=VECTOR('',#1911,1.);
#563=VECTOR('',#1914,1.);
#564=VECTOR('',#1917,1.);
#565=VECTOR('',#1918,1.);
#566=VECTOR('',#1919,1.);
#567=VECTOR('',#1920,1.);
#568=VECTOR('',#1921,1.);
#569=VECTOR('',#1924,1.);
#570=VECTOR('',#1925,1.);
#571=VECTOR('',#1926,1.);
#572=VECTOR('',#1927,0.999999999999999);
#573=VECTOR('',#1928,1.);
#574=VECTOR('',#1929,1.);
#575=VECTOR('',#1930,1.);
#576=VECTOR('',#1931,1.);
#577=VECTOR('',#1934,1.);
#578=VECTOR('',#1935,1.);
#579=VECTOR('',#1938,1.);
#580=VECTOR('',#1939,1.);
#581=VECTOR('',#1942,1.);
#582=VECTOR('',#1943,1.);
#583=VECTOR('',#1946,1.);
#584=VECTOR('',#1947,1.);
#585=VECTOR('',#1950,1.);
#586=VECTOR('',#1951,0.999999999999999);
#587=VECTOR('',#1954,1.);
#588=VECTOR('',#1955,1.);
#589=VECTOR('',#1958,1.);
#590=VECTOR('',#1959,1.);
#591=VECTOR('',#1960,1.);
#592=VECTOR('',#1965,1.);
#593=VECTOR('',#1966,1.);
#594=VECTOR('',#1969,1.);
#595=VECTOR('',#1970,1.);
#596=VECTOR('',#1973,1.);
#597=VECTOR('',#1974,1.);
#598=VECTOR('',#1975,1.);
#599=VECTOR('',#1976,1.);
#600=VECTOR('',#1979,1.);
#601=VECTOR('',#1980,1.);
#602=VECTOR('',#1983,1.);
#603=VECTOR('',#1984,1.);
#604=VECTOR('',#1985,1.);
#605=VECTOR('',#1986,1.);
#606=VECTOR('',#1987,1.);
#607=VECTOR('',#1990,1.);
#608=VECTOR('',#1991,1.);
#609=VECTOR('',#1994,1.);
#610=VECTOR('',#1997,1.);
#611=VECTOR('',#1998,1.);
#612=VECTOR('',#1999,1.);
#613=VECTOR('',#2002,1.);
#614=VECTOR('',#2003,1.);
#615=VECTOR('',#2006,1.);
#616=VECTOR('',#2007,1.);
#617=VECTOR('',#2010,1.);
#618=VECTOR('',#2013,1.);
#619=VECTOR('',#2016,1.);
#620=VECTOR('',#2017,1.);
#621=VECTOR('',#2020,1.);
#622=VECTOR('',#2021,1.);
#623=VECTOR('',#2024,1.);
#624=VECTOR('',#2025,1.);
#625=VECTOR('',#2028,1.);
#626=VECTOR('',#2029,1.);
#627=VECTOR('',#2030,1.);
#628=VECTOR('',#2031,1.);
#629=VECTOR('',#2032,1.);
#630=VECTOR('',#2035,1.);
#631=VECTOR('',#2036,1.);
#632=VECTOR('',#2043,1.);
#633=VECTOR('',#2046,1.);
#634=VECTOR('',#2051,1.);
#635=VECTOR('',#2054,1.);
#636=VECTOR('',#2067,0.0015);
#637=VECTOR('',#2072,1.);
#638=VECTOR('',#2075,1.);
#639=VECTOR('',#2078,1.);
#640=VECTOR('',#2081,1.);
#641=VECTOR('',#2086,0.001);
#642=VECTOR('',#2093,1.);
#643=VECTOR('',#2094,1.);
#644=VECTOR('',#2099,1.);
#645=VECTOR('',#2102,1.);
#646=VECTOR('',#2111,0.0015);
#647=VECTOR('',#2116,1.);
#648=VECTOR('',#2119,1.);
#649=VECTOR('',#2122,1.);
#650=VECTOR('',#2125,1.);
#651=VECTOR('',#2130,0.001);
#652=VECTOR('',#2137,1.);
#653=VECTOR('',#2138,1.);
#654=VECTOR('',#2143,1.);
#655=VECTOR('',#2146,1.);
#656=CIRCLE('',#1594,0.000499999999999999);
#657=CIRCLE('',#1595,0.000499999999999999);
#658=CIRCLE('',#1596,0.0015);
#659=CIRCLE('',#1597,0.0015);
#660=CIRCLE('',#1599,0.0015);
#661=CIRCLE('',#1601,0.000499999999999999);
#662=CIRCLE('',#1603,0.0025);
#663=CIRCLE('',#1604,0.0025);
#664=CIRCLE('',#1605,0.0025);
#665=CIRCLE('',#1607,0.0025);
#666=CIRCLE('',#1608,0.0025);
#667=CIRCLE('',#1609,0.0025);
#668=CIRCLE('',#1611,0.0015);
#669=CIRCLE('',#1612,0.0015);
#670=CIRCLE('',#1613,0.0015);
#671=CIRCLE('',#1615,0.0005);
#672=CIRCLE('',#1616,0.0005);
#673=CIRCLE('',#1618,0.0015);
#674=CIRCLE('',#1619,0.0015);
#675=CIRCLE('',#1620,0.0015);
#676=CIRCLE('',#1622,0.0015);
#677=CIRCLE('',#1623,0.0015);
#678=CIRCLE('',#1624,0.0015);
#679=CIRCLE('',#1626,0.0005);
#680=CIRCLE('',#1686,0.0015);
#681=CIRCLE('',#1687,0.0015);
#682=CIRCLE('',#1688,0.0015);
#683=CIRCLE('',#1689,0.0015);
#684=CIRCLE('',#1690,0.0015);
#685=CIRCLE('',#1691,0.0015);
#686=CIRCLE('',#1693,0.001);
#687=CIRCLE('',#1694,0.001);
#688=CIRCLE('',#1703,0.0015);
#689=CIRCLE('',#1704,0.0015);
#690=CIRCLE('',#1705,0.0015);
#691=CIRCLE('',#1706,0.0015);
#692=CIRCLE('',#1707,0.0015);
#693=CIRCLE('',#1708,0.0015);
#694=CIRCLE('',#1710,0.001);
#695=CIRCLE('',#1711,0.001);
#696=VERTEX_POINT('',#2158);
#697=VERTEX_POINT('',#2159);
#698=VERTEX_POINT('',#2162);
#699=VERTEX_POINT('',#2164);
#700=VERTEX_POINT('',#2168);
#701=VERTEX_POINT('',#2172);
#702=VERTEX_POINT('',#2176);
#703=VERTEX_POINT('',#2177);
#704=VERTEX_POINT('',#2179);
#705=VERTEX_POINT('',#2181);
#706=VERTEX_POINT('',#2183);
#707=VERTEX_POINT('',#2187);
#708=VERTEX_POINT('',#2189);
#709=VERTEX_POINT('',#2191);
#710=VERTEX_POINT('',#2195);
#711=VERTEX_POINT('',#2196);
#712=VERTEX_POINT('',#2199);
#713=VERTEX_POINT('',#2203);
#714=VERTEX_POINT('',#2204);
#715=VERTEX_POINT('',#2209);
#716=VERTEX_POINT('',#2211);
#717=VERTEX_POINT('',#2213);
#718=VERTEX_POINT('',#2217);
#719=VERTEX_POINT('',#2219);
#720=VERTEX_POINT('',#2221);
#721=VERTEX_POINT('',#2225);
#722=VERTEX_POINT('',#2229);
#723=VERTEX_POINT('',#2230);
#724=VERTEX_POINT('',#2232);
#725=VERTEX_POINT('',#2234);
#726=VERTEX_POINT('',#2238);
#727=VERTEX_POINT('',#2239);
#728=VERTEX_POINT('',#2241);
#729=VERTEX_POINT('',#2243);
#730=VERTEX_POINT('',#2247);
#731=VERTEX_POINT('',#2248);
#732=VERTEX_POINT('',#2250);
#733=VERTEX_POINT('',#2252);
#734=VERTEX_POINT('',#2257);
#735=VERTEX_POINT('',#2261);
#736=VERTEX_POINT('',#2262);
#737=VERTEX_POINT('',#2265);
#738=VERTEX_POINT('',#2267);
#739=VERTEX_POINT('',#2269);
#740=VERTEX_POINT('',#2271);
#741=VERTEX_POINT('',#2273);
#742=VERTEX_POINT('',#2277);
#743=VERTEX_POINT('',#2279);
#744=VERTEX_POINT('',#2283);
#745=VERTEX_POINT('',#2285);
#746=VERTEX_POINT('',#2289);
#747=VERTEX_POINT('',#2291);
#748=VERTEX_POINT('',#2294);
#749=VERTEX_POINT('',#2295);
#750=VERTEX_POINT('',#2297);
#751=VERTEX_POINT('',#2299);
#752=VERTEX_POINT('',#2302);
#753=VERTEX_POINT('',#2304);
#754=VERTEX_POINT('',#2308);
#755=VERTEX_POINT('',#2310);
#756=VERTEX_POINT('',#2314);
#757=VERTEX_POINT('',#2316);
#758=VERTEX_POINT('',#2318);
#759=VERTEX_POINT('',#2320);
#760=VERTEX_POINT('',#2322);
#761=VERTEX_POINT('',#2324);
#762=VERTEX_POINT('',#2326);
#763=VERTEX_POINT('',#2328);
#764=VERTEX_POINT('',#2330);
#765=VERTEX_POINT('',#2332);
#766=VERTEX_POINT('',#2335);
#767=VERTEX_POINT('',#2339);
#768=VERTEX_POINT('',#2340);
#769=VERTEX_POINT('',#2345);
#770=VERTEX_POINT('',#2349);
#771=VERTEX_POINT('',#2356);
#772=VERTEX_POINT('',#2360);
#773=VERTEX_POINT('',#2366);
#774=VERTEX_POINT('',#2372);
#775=VERTEX_POINT('',#2374);
#776=VERTEX_POINT('',#2376);
#777=VERTEX_POINT('',#2378);
#778=VERTEX_POINT('',#2382);
#779=VERTEX_POINT('',#2384);
#780=VERTEX_POINT('',#2386);
#781=VERTEX_POINT('',#2388);
#782=VERTEX_POINT('',#2390);
#783=VERTEX_POINT('',#2392);
#784=VERTEX_POINT('',#2394);
#785=VERTEX_POINT('',#2398);
#786=VERTEX_POINT('',#2402);
#787=VERTEX_POINT('',#2406);
#788=VERTEX_POINT('',#2410);
#789=VERTEX_POINT('',#2414);
#790=VERTEX_POINT('',#2418);
#791=VERTEX_POINT('',#2422);
#792=VERTEX_POINT('',#2428);
#793=VERTEX_POINT('',#2432);
#794=VERTEX_POINT('',#2436);
#795=VERTEX_POINT('',#2437);
#796=VERTEX_POINT('',#2439);
#797=VERTEX_POINT('',#2441);
#798=VERTEX_POINT('',#2448);
#799=VERTEX_POINT('',#2449);
#800=VERTEX_POINT('',#2452);
#801=VERTEX_POINT('',#2454);
#802=VERTEX_POINT('',#2463);
#803=VERTEX_POINT('',#2465);
#804=VERTEX_POINT('',#2469);
#805=VERTEX_POINT('',#2473);
#806=VERTEX_POINT('',#2481);
#807=VERTEX_POINT('',#2485);
#808=VERTEX_POINT('',#2489);
#809=VERTEX_POINT('',#2494);
#810=VERTEX_POINT('',#2497);
#811=VERTEX_POINT('',#2501);
#812=VERTEX_POINT('',#2520);
#813=VERTEX_POINT('',#2521);
#814=VERTEX_POINT('',#2523);
#815=VERTEX_POINT('',#2526);
#816=VERTEX_POINT('',#2528);
#817=VERTEX_POINT('',#2530);
#818=VERTEX_POINT('',#2532);
#819=VERTEX_POINT('',#2534);
#820=VERTEX_POINT('',#2536);
#821=VERTEX_POINT('',#2538);
#822=VERTEX_POINT('',#2542);
#823=VERTEX_POINT('',#2544);
#824=VERTEX_POINT('',#2559);
#825=VERTEX_POINT('',#2560);
#826=VERTEX_POINT('',#2562);
#827=VERTEX_POINT('',#2565);
#828=VERTEX_POINT('',#2567);
#829=VERTEX_POINT('',#2569);
#830=VERTEX_POINT('',#2571);
#831=VERTEX_POINT('',#2573);
#832=VERTEX_POINT('',#2575);
#833=VERTEX_POINT('',#2577);
#834=VERTEX_POINT('',#2581);
#835=VERTEX_POINT('',#2583);
#836=EDGE_CURVE('',#696,#697,#656,.T.);
#837=EDGE_CURVE('',#697,#696,#657,.T.);
#838=EDGE_CURVE('',#696,#698,#308,.T.);
#839=EDGE_CURVE('',#698,#699,#658,.F.);
#840=EDGE_CURVE('',#699,#698,#659,.F.);
#841=EDGE_CURVE('',#699,#700,#309,.T.);
#842=EDGE_CURVE('',#700,#700,#660,.T.);
#843=EDGE_CURVE('',#701,#701,#661,.T.);
#844=EDGE_CURVE('',#701,#697,#310,.T.);
#845=EDGE_CURVE('',#702,#703,#662,.T.);
#846=EDGE_CURVE('',#702,#704,#311,.F.);
#847=EDGE_CURVE('',#704,#705,#663,.T.);
#848=EDGE_CURVE('',#705,#706,#664,.T.);
#849=EDGE_CURVE('',#703,#706,#312,.F.);
#850=EDGE_CURVE('',#703,#707,#665,.T.);
#851=EDGE_CURVE('',#706,#708,#666,.T.);
#852=EDGE_CURVE('',#708,#709,#667,.T.);
#853=EDGE_CURVE('',#709,#707,#313,.T.);
#854=EDGE_CURVE('',#710,#711,#668,.F.);
#855=EDGE_CURVE('',#711,#710,#669,.F.);
#856=EDGE_CURVE('',#711,#712,#314,.T.);
#857=EDGE_CURVE('',#712,#712,#670,.T.);
#858=EDGE_CURVE('',#713,#714,#671,.T.);
#859=EDGE_CURVE('',#714,#713,#672,.T.);
#860=EDGE_CURVE('',#713,#710,#315,.T.);
#861=EDGE_CURVE('',#715,#715,#673,.T.);
#862=EDGE_CURVE('',#715,#716,#316,.T.);
#863=EDGE_CURVE('',#716,#717,#674,.T.);
#864=EDGE_CURVE('',#717,#716,#675,.T.);
#865=EDGE_CURVE('',#718,#718,#676,.T.);
#866=EDGE_CURVE('',#718,#719,#317,.T.);
#867=EDGE_CURVE('',#719,#720,#677,.T.);
#868=EDGE_CURVE('',#720,#719,#678,.T.);
#869=EDGE_CURVE('',#721,#721,#679,.T.);
#870=EDGE_CURVE('',#721,#714,#318,.T.);
#871=EDGE_CURVE('',#722,#723,#319,.T.);
#872=EDGE_CURVE('',#724,#722,#320,.T.);
#873=EDGE_CURVE('',#725,#724,#321,.T.);
#874=EDGE_CURVE('',#725,#723,#322,.T.);
#875=EDGE_CURVE('',#726,#727,#323,.T.);
#876=EDGE_CURVE('',#728,#726,#324,.T.);
#877=EDGE_CURVE('',#729,#728,#325,.T.);
#878=EDGE_CURVE('',#729,#727,#326,.T.);
#879=EDGE_CURVE('',#730,#731,#327,.T.);
#880=EDGE_CURVE('',#732,#731,#328,.T.);
#881=EDGE_CURVE('',#732,#733,#329,.T.);
#882=EDGE_CURVE('',#733,#716,#330,.T.);
#883=EDGE_CURVE('',#716,#730,#331,.T.);
#884=EDGE_CURVE('',#734,#704,#332,.F.);
#885=EDGE_CURVE('',#734,#705,#333,.T.);
#886=EDGE_CURVE('',#735,#736,#334,.T.);
#887=EDGE_CURVE('',#734,#736,#335,.T.);
#888=EDGE_CURVE('',#702,#737,#336,.F.);
#889=EDGE_CURVE('',#738,#737,#337,.T.);
#890=EDGE_CURVE('',#738,#739,#338,.T.);
#891=EDGE_CURVE('',#740,#739,#339,.T.);
#892=EDGE_CURVE('',#740,#741,#340,.T.);
#893=EDGE_CURVE('',#741,#735,#341,.T.);
#894=EDGE_CURVE('',#738,#742,#342,.T.);
#895=EDGE_CURVE('',#737,#743,#343,.T.);
#896=EDGE_CURVE('',#742,#743,#344,.F.);
#897=EDGE_CURVE('',#742,#744,#345,.T.);
#898=EDGE_CURVE('',#743,#745,#346,.F.);
#899=EDGE_CURVE('',#745,#744,#347,.T.);
#900=EDGE_CURVE('',#746,#735,#348,.T.);
#901=EDGE_CURVE('',#741,#747,#349,.T.);
#902=EDGE_CURVE('',#747,#746,#350,.T.);
#903=EDGE_CURVE('',#748,#749,#351,.T.);
#904=EDGE_CURVE('',#749,#750,#352,.T.);
#905=EDGE_CURVE('',#750,#751,#353,.T.);
#906=EDGE_CURVE('',#751,#748,#354,.T.);
#907=EDGE_CURVE('',#724,#752,#355,.T.);
#908=EDGE_CURVE('',#752,#753,#356,.T.);
#909=EDGE_CURVE('',#753,#725,#357,.T.);
#910=EDGE_CURVE('',#727,#754,#358,.T.);
#911=EDGE_CURVE('',#755,#729,#359,.T.);
#912=EDGE_CURVE('',#755,#754,#360,.T.);
#913=EDGE_CURVE('',#739,#756,#361,.T.);
#914=EDGE_CURVE('',#744,#757,#362,.T.);
#915=EDGE_CURVE('',#757,#758,#363,.T.);
#916=EDGE_CURVE('',#758,#759,#364,.T.);
#917=EDGE_CURVE('',#759,#760,#365,.T.);
#918=EDGE_CURVE('',#760,#761,#366,.T.);
#919=EDGE_CURVE('',#761,#762,#367,.T.);
#920=EDGE_CURVE('',#762,#763,#368,.T.);
#921=EDGE_CURVE('',#763,#764,#369,.T.);
#922=EDGE_CURVE('',#764,#765,#370,.T.);
#923=EDGE_CURVE('',#756,#765,#371,.T.);
#924=EDGE_CURVE('',#728,#766,#372,.T.);
#925=EDGE_CURVE('',#766,#755,#373,.T.);
#926=EDGE_CURVE('',#767,#768,#374,.T.);
#927=EDGE_CURVE('',#749,#767,#375,.T.);
#928=EDGE_CURVE('',#748,#768,#376,.T.);
#929=EDGE_CURVE('',#768,#769,#377,.T.);
#930=EDGE_CURVE('',#751,#769,#378,.T.);
#931=EDGE_CURVE('',#769,#770,#379,.T.);
#932=EDGE_CURVE('',#750,#770,#380,.T.);
#933=EDGE_CURVE('',#770,#767,#381,.T.);
#934=EDGE_CURVE('',#723,#771,#382,.T.);
#935=EDGE_CURVE('',#753,#771,#383,.T.);
#936=EDGE_CURVE('',#771,#772,#384,.T.);
#937=EDGE_CURVE('',#752,#772,#385,.T.);
#938=EDGE_CURVE('',#772,#722,#386,.T.);
#939=EDGE_CURVE('',#754,#773,#387,.T.);
#940=EDGE_CURVE('',#766,#773,#388,.T.);
#941=EDGE_CURVE('',#773,#726,#389,.T.);
#942=EDGE_CURVE('',#762,#774,#390,.T.);
#943=EDGE_CURVE('',#774,#775,#391,.T.);
#944=EDGE_CURVE('',#776,#775,#392,.T.);
#945=EDGE_CURVE('',#777,#776,#393,.F.);
#946=EDGE_CURVE('',#763,#777,#394,.T.);
#947=EDGE_CURVE('',#778,#759,#395,.T.);
#948=EDGE_CURVE('',#779,#778,#396,.T.);
#949=EDGE_CURVE('',#780,#779,#397,.T.);
#950=EDGE_CURVE('',#781,#780,#398,.T.);
#951=EDGE_CURVE('',#782,#781,#399,.T.);
#952=EDGE_CURVE('',#783,#782,#400,.T.);
#953=EDGE_CURVE('',#784,#783,#401,.T.);
#954=EDGE_CURVE('',#760,#784,#402,.T.);
#955=EDGE_CURVE('',#785,#784,#403,.T.);
#956=EDGE_CURVE('',#785,#761,#404,.T.);
#957=EDGE_CURVE('',#786,#783,#405,.T.);
#958=EDGE_CURVE('',#786,#785,#406,.T.);
#959=EDGE_CURVE('',#787,#782,#407,.T.);
#960=EDGE_CURVE('',#787,#786,#408,.T.);
#961=EDGE_CURVE('',#788,#781,#409,.T.);
#962=EDGE_CURVE('',#788,#787,#410,.T.);
#963=EDGE_CURVE('',#789,#780,#411,.T.);
#964=EDGE_CURVE('',#789,#788,#412,.T.);
#965=EDGE_CURVE('',#790,#779,#413,.T.);
#966=EDGE_CURVE('',#790,#789,#414,.T.);
#967=EDGE_CURVE('',#775,#791,#415,.T.);
#968=EDGE_CURVE('',#774,#790,#416,.T.);
#969=EDGE_CURVE('',#791,#778,#417,.T.);
#970=EDGE_CURVE('',#792,#791,#418,.F.);
#971=EDGE_CURVE('',#792,#776,#419,.F.);
#972=EDGE_CURVE('',#758,#793,#420,.T.);
#973=EDGE_CURVE('',#793,#792,#421,.T.);
#974=EDGE_CURVE('',#794,#795,#422,.T.);
#975=EDGE_CURVE('',#796,#794,#423,.T.);
#976=EDGE_CURVE('',#797,#796,#424,.T.);
#977=EDGE_CURVE('',#795,#797,#425,.T.);
#978=EDGE_CURVE('',#720,#795,#426,.T.);
#979=EDGE_CURVE('',#719,#797,#427,.T.);
#980=EDGE_CURVE('',#798,#799,#428,.T.);
#981=EDGE_CURVE('',#717,#799,#429,.T.);
#982=EDGE_CURVE('',#800,#717,#430,.T.);
#983=EDGE_CURVE('',#800,#801,#431,.T.);
#984=EDGE_CURVE('',#801,#798,#432,.T.);
#985=EDGE_CURVE('',#801,#732,#433,.T.);
#986=EDGE_CURVE('',#731,#798,#434,.T.);
#987=EDGE_CURVE('',#733,#800,#435,.T.);
#988=EDGE_CURVE('',#802,#720,#436,.T.);
#989=EDGE_CURVE('',#802,#803,#437,.T.);
#990=EDGE_CURVE('',#803,#794,#438,.T.);
#991=EDGE_CURVE('',#803,#804,#439,.T.);
#992=EDGE_CURVE('',#804,#796,#440,.T.);
#993=EDGE_CURVE('',#804,#805,#441,.T.);
#994=EDGE_CURVE('',#805,#719,#442,.T.);
#995=EDGE_CURVE('',#805,#802,#443,.T.);
#996=EDGE_CURVE('',#705,#708,#444,.T.);
#997=EDGE_CURVE('',#708,#806,#445,.T.);
#998=EDGE_CURVE('',#709,#806,#446,.F.);
#999=EDGE_CURVE('',#777,#807,#447,.F.);
#1000=EDGE_CURVE('',#764,#807,#448,.T.);
#1001=EDGE_CURVE('',#807,#808,#449,.T.);
#1002=EDGE_CURVE('',#808,#765,#450,.T.);
#1003=EDGE_CURVE('',#808,#707,#451,.F.);
#1004=EDGE_CURVE('',#809,#806,#452,.T.);
#1005=EDGE_CURVE('',#809,#746,#453,.T.);
#1006=EDGE_CURVE('',#747,#810,#454,.T.);
#1007=EDGE_CURVE('',#810,#756,#455,.T.);
#1008=EDGE_CURVE('',#811,#793,#456,.F.);
#1009=EDGE_CURVE('',#757,#811,#457,.T.);
#1010=EDGE_CURVE('',#736,#809,#458,.T.);
#1011=EDGE_CURVE('',#810,#740,#459,.T.);
#1012=EDGE_CURVE('',#799,#730,#460,.T.);
#1013=EDGE_CURVE('',#811,#745,#461,.F.);
#1014=EDGE_CURVE('',#812,#813,#680,.T.);
#1015=EDGE_CURVE('',#813,#814,#462,.T.);
#1016=EDGE_CURVE('',#814,#814,#681,.T.);
#1017=EDGE_CURVE('',#813,#815,#682,.T.);
#1018=EDGE_CURVE('',#816,#815,#463,.T.);
#1019=EDGE_CURVE('',#817,#816,#683,.T.);
#1020=EDGE_CURVE('',#817,#818,#464,.T.);
#1021=EDGE_CURVE('',#818,#819,#684,.T.);
#1022=EDGE_CURVE('',#820,#819,#465,.T.);
#1023=EDGE_CURVE('',#821,#820,#685,.T.);
#1024=EDGE_CURVE('',#821,#812,#466,.T.);
#1025=EDGE_CURVE('',#822,#822,#686,.F.);
#1026=EDGE_CURVE('',#822,#823,#467,.T.);
#1027=EDGE_CURVE('',#823,#823,#687,.T.);
#1028=EDGE_CURVE('',#820,#817,#468,.T.);
#1029=EDGE_CURVE('',#819,#818,#469,.T.);
#1030=EDGE_CURVE('',#821,#816,#470,.T.);
#1031=EDGE_CURVE('',#815,#812,#471,.T.);
#1032=EDGE_CURVE('',#824,#825,#688,.T.);
#1033=EDGE_CURVE('',#825,#826,#472,.T.);
#1034=EDGE_CURVE('',#826,#826,#689,.T.);
#1035=EDGE_CURVE('',#825,#827,#690,.T.);
#1036=EDGE_CURVE('',#828,#827,#473,.T.);
#1037=EDGE_CURVE('',#829,#828,#691,.T.);
#1038=EDGE_CURVE('',#829,#830,#474,.T.);
#1039=EDGE_CURVE('',#830,#831,#692,.T.);
#1040=EDGE_CURVE('',#832,#831,#475,.T.);
#1041=EDGE_CURVE('',#833,#832,#693,.T.);
#1042=EDGE_CURVE('',#833,#824,#476,.T.);
#1043=EDGE_CURVE('',#834,#834,#694,.F.);
#1044=EDGE_CURVE('',#834,#835,#477,.T.);
#1045=EDGE_CURVE('',#835,#835,#695,.T.);
#1046=EDGE_CURVE('',#832,#829,#478,.T.);
#1047=EDGE_CURVE('',#831,#830,#479,.T.);
#1048=EDGE_CURVE('',#833,#828,#480,.T.);
#1049=EDGE_CURVE('',#827,#824,#481,.T.);
#1050=ORIENTED_EDGE('',*,*,#836,.T.);
#1051=ORIENTED_EDGE('',*,*,#837,.T.);
#1052=ORIENTED_EDGE('',*,*,#838,.T.);
#1053=ORIENTED_EDGE('',*,*,#839,.T.);
#1054=ORIENTED_EDGE('',*,*,#840,.T.);
#1055=ORIENTED_EDGE('',*,*,#838,.F.);
#1056=ORIENTED_EDGE('',*,*,#839,.F.);
#1057=ORIENTED_EDGE('',*,*,#840,.F.);
#1058=ORIENTED_EDGE('',*,*,#841,.T.);
#1059=ORIENTED_EDGE('',*,*,#842,.T.);
#1060=ORIENTED_EDGE('',*,*,#841,.F.);
#1061=ORIENTED_EDGE('',*,*,#843,.T.);
#1062=ORIENTED_EDGE('',*,*,#844,.T.);
#1063=ORIENTED_EDGE('',*,*,#836,.F.);
#1064=ORIENTED_EDGE('',*,*,#837,.F.);
#1065=ORIENTED_EDGE('',*,*,#844,.F.);
#1066=ORIENTED_EDGE('',*,*,#845,.F.);
#1067=ORIENTED_EDGE('',*,*,#846,.T.);
#1068=ORIENTED_EDGE('',*,*,#847,.T.);
#1069=ORIENTED_EDGE('',*,*,#848,.T.);
#1070=ORIENTED_EDGE('',*,*,#849,.F.);
#1071=ORIENTED_EDGE('',*,*,#850,.F.);
#1072=ORIENTED_EDGE('',*,*,#849,.T.);
#1073=ORIENTED_EDGE('',*,*,#851,.T.);
#1074=ORIENTED_EDGE('',*,*,#852,.T.);
#1075=ORIENTED_EDGE('',*,*,#853,.T.);
#1076=ORIENTED_EDGE('',*,*,#854,.F.);
#1077=ORIENTED_EDGE('',*,*,#855,.F.);
#1078=ORIENTED_EDGE('',*,*,#856,.T.);
#1079=ORIENTED_EDGE('',*,*,#857,.T.);
#1080=ORIENTED_EDGE('',*,*,#856,.F.);
#1081=ORIENTED_EDGE('',*,*,#858,.T.);
#1082=ORIENTED_EDGE('',*,*,#859,.T.);
#1083=ORIENTED_EDGE('',*,*,#860,.T.);
#1084=ORIENTED_EDGE('',*,*,#854,.T.);
#1085=ORIENTED_EDGE('',*,*,#855,.T.);
#1086=ORIENTED_EDGE('',*,*,#860,.F.);
#1087=ORIENTED_EDGE('',*,*,#861,.T.);
#1088=ORIENTED_EDGE('',*,*,#862,.T.);
#1089=ORIENTED_EDGE('',*,*,#863,.T.);
#1090=ORIENTED_EDGE('',*,*,#864,.T.);
#1091=ORIENTED_EDGE('',*,*,#862,.F.);
#1092=ORIENTED_EDGE('',*,*,#865,.T.);
#1093=ORIENTED_EDGE('',*,*,#866,.T.);
#1094=ORIENTED_EDGE('',*,*,#867,.T.);
#1095=ORIENTED_EDGE('',*,*,#868,.T.);
#1096=ORIENTED_EDGE('',*,*,#866,.F.);
#1097=ORIENTED_EDGE('',*,*,#869,.T.);
#1098=ORIENTED_EDGE('',*,*,#870,.T.);
#1099=ORIENTED_EDGE('',*,*,#858,.F.);
#1100=ORIENTED_EDGE('',*,*,#859,.F.);
#1101=ORIENTED_EDGE('',*,*,#870,.F.);
#1102=ORIENTED_EDGE('',*,*,#871,.F.);
#1103=ORIENTED_EDGE('',*,*,#872,.F.);
#1104=ORIENTED_EDGE('',*,*,#873,.F.);
#1105=ORIENTED_EDGE('',*,*,#874,.T.);
#1106=ORIENTED_EDGE('',*,*,#875,.F.);
#1107=ORIENTED_EDGE('',*,*,#876,.F.);
#1108=ORIENTED_EDGE('',*,*,#877,.F.);
#1109=ORIENTED_EDGE('',*,*,#878,.T.);
#1110=ORIENTED_EDGE('',*,*,#879,.T.);
#1111=ORIENTED_EDGE('',*,*,#880,.F.);
#1112=ORIENTED_EDGE('',*,*,#881,.T.);
#1113=ORIENTED_EDGE('',*,*,#882,.T.);
#1114=ORIENTED_EDGE('',*,*,#883,.T.);
#1115=ORIENTED_EDGE('',*,*,#847,.F.);
#1116=ORIENTED_EDGE('',*,*,#884,.F.);
#1117=ORIENTED_EDGE('',*,*,#885,.T.);
#1118=ORIENTED_EDGE('',*,*,#886,.T.);
#1119=ORIENTED_EDGE('',*,*,#887,.F.);
#1120=ORIENTED_EDGE('',*,*,#884,.T.);
#1121=ORIENTED_EDGE('',*,*,#846,.F.);
#1122=ORIENTED_EDGE('',*,*,#888,.T.);
#1123=ORIENTED_EDGE('',*,*,#889,.F.);
#1124=ORIENTED_EDGE('',*,*,#890,.T.);
#1125=ORIENTED_EDGE('',*,*,#891,.F.);
#1126=ORIENTED_EDGE('',*,*,#892,.T.);
#1127=ORIENTED_EDGE('',*,*,#893,.T.);
#1128=ORIENTED_EDGE('',*,*,#894,.F.);
#1129=ORIENTED_EDGE('',*,*,#889,.T.);
#1130=ORIENTED_EDGE('',*,*,#895,.T.);
#1131=ORIENTED_EDGE('',*,*,#896,.F.);
#1132=ORIENTED_EDGE('',*,*,#897,.F.);
#1133=ORIENTED_EDGE('',*,*,#896,.T.);
#1134=ORIENTED_EDGE('',*,*,#898,.T.);
#1135=ORIENTED_EDGE('',*,*,#899,.T.);
#1136=ORIENTED_EDGE('',*,*,#900,.T.);
#1137=ORIENTED_EDGE('',*,*,#893,.F.);
#1138=ORIENTED_EDGE('',*,*,#901,.T.);
#1139=ORIENTED_EDGE('',*,*,#902,.T.);
#1140=ORIENTED_EDGE('',*,*,#903,.T.);
#1141=ORIENTED_EDGE('',*,*,#904,.T.);
#1142=ORIENTED_EDGE('',*,*,#905,.T.);
#1143=ORIENTED_EDGE('',*,*,#906,.T.);
#1144=ORIENTED_EDGE('',*,*,#907,.T.);
#1145=ORIENTED_EDGE('',*,*,#908,.T.);
#1146=ORIENTED_EDGE('',*,*,#909,.T.);
#1147=ORIENTED_EDGE('',*,*,#873,.T.);
#1148=ORIENTED_EDGE('',*,*,#910,.F.);
#1149=ORIENTED_EDGE('',*,*,#878,.F.);
#1150=ORIENTED_EDGE('',*,*,#911,.F.);
#1151=ORIENTED_EDGE('',*,*,#912,.T.);
#1152=ORIENTED_EDGE('',*,*,#913,.F.);
#1153=ORIENTED_EDGE('',*,*,#890,.F.);
#1154=ORIENTED_EDGE('',*,*,#894,.T.);
#1155=ORIENTED_EDGE('',*,*,#897,.T.);
#1156=ORIENTED_EDGE('',*,*,#914,.T.);
#1157=ORIENTED_EDGE('',*,*,#915,.T.);
#1158=ORIENTED_EDGE('',*,*,#916,.T.);
#1159=ORIENTED_EDGE('',*,*,#917,.T.);
#1160=ORIENTED_EDGE('',*,*,#918,.T.);
#1161=ORIENTED_EDGE('',*,*,#919,.T.);
#1162=ORIENTED_EDGE('',*,*,#920,.T.);
#1163=ORIENTED_EDGE('',*,*,#921,.T.);
#1164=ORIENTED_EDGE('',*,*,#922,.T.);
#1165=ORIENTED_EDGE('',*,*,#923,.F.);
#1166=ORIENTED_EDGE('',*,*,#924,.T.);
#1167=ORIENTED_EDGE('',*,*,#925,.T.);
#1168=ORIENTED_EDGE('',*,*,#911,.T.);
#1169=ORIENTED_EDGE('',*,*,#877,.T.);
#1170=ORIENTED_EDGE('',*,*,#926,.F.);
#1171=ORIENTED_EDGE('',*,*,#927,.F.);
#1172=ORIENTED_EDGE('',*,*,#903,.F.);
#1173=ORIENTED_EDGE('',*,*,#928,.T.);
#1174=ORIENTED_EDGE('',*,*,#929,.F.);
#1175=ORIENTED_EDGE('',*,*,#928,.F.);
#1176=ORIENTED_EDGE('',*,*,#906,.F.);
#1177=ORIENTED_EDGE('',*,*,#930,.T.);
#1178=ORIENTED_EDGE('',*,*,#931,.F.);
#1179=ORIENTED_EDGE('',*,*,#930,.F.);
#1180=ORIENTED_EDGE('',*,*,#905,.F.);
#1181=ORIENTED_EDGE('',*,*,#932,.T.);
#1182=ORIENTED_EDGE('',*,*,#933,.F.);
#1183=ORIENTED_EDGE('',*,*,#932,.F.);
#1184=ORIENTED_EDGE('',*,*,#904,.F.);
#1185=ORIENTED_EDGE('',*,*,#927,.T.);
#1186=ORIENTED_EDGE('',*,*,#926,.T.);
#1187=ORIENTED_EDGE('',*,*,#929,.T.);
#1188=ORIENTED_EDGE('',*,*,#931,.T.);
#1189=ORIENTED_EDGE('',*,*,#933,.T.);
#1190=ORIENTED_EDGE('',*,*,#934,.F.);
#1191=ORIENTED_EDGE('',*,*,#874,.F.);
#1192=ORIENTED_EDGE('',*,*,#909,.F.);
#1193=ORIENTED_EDGE('',*,*,#935,.T.);
#1194=ORIENTED_EDGE('',*,*,#936,.F.);
#1195=ORIENTED_EDGE('',*,*,#935,.F.);
#1196=ORIENTED_EDGE('',*,*,#908,.F.);
#1197=ORIENTED_EDGE('',*,*,#937,.T.);
#1198=ORIENTED_EDGE('',*,*,#938,.T.);
#1199=ORIENTED_EDGE('',*,*,#871,.T.);
#1200=ORIENTED_EDGE('',*,*,#934,.T.);
#1201=ORIENTED_EDGE('',*,*,#936,.T.);
#1202=ORIENTED_EDGE('',*,*,#939,.F.);
#1203=ORIENTED_EDGE('',*,*,#912,.F.);
#1204=ORIENTED_EDGE('',*,*,#925,.F.);
#1205=ORIENTED_EDGE('',*,*,#940,.T.);
#1206=ORIENTED_EDGE('',*,*,#941,.T.);
#1207=ORIENTED_EDGE('',*,*,#875,.T.);
#1208=ORIENTED_EDGE('',*,*,#910,.T.);
#1209=ORIENTED_EDGE('',*,*,#939,.T.);
#1210=ORIENTED_EDGE('',*,*,#942,.T.);
#1211=ORIENTED_EDGE('',*,*,#943,.T.);
#1212=ORIENTED_EDGE('',*,*,#944,.F.);
#1213=ORIENTED_EDGE('',*,*,#945,.F.);
#1214=ORIENTED_EDGE('',*,*,#946,.F.);
#1215=ORIENTED_EDGE('',*,*,#920,.F.);
#1216=ORIENTED_EDGE('',*,*,#947,.F.);
#1217=ORIENTED_EDGE('',*,*,#948,.F.);
#1218=ORIENTED_EDGE('',*,*,#949,.F.);
#1219=ORIENTED_EDGE('',*,*,#950,.F.);
#1220=ORIENTED_EDGE('',*,*,#951,.F.);
#1221=ORIENTED_EDGE('',*,*,#952,.F.);
#1222=ORIENTED_EDGE('',*,*,#953,.F.);
#1223=ORIENTED_EDGE('',*,*,#954,.F.);
#1224=ORIENTED_EDGE('',*,*,#917,.F.);
#1225=ORIENTED_EDGE('',*,*,#954,.T.);
#1226=ORIENTED_EDGE('',*,*,#955,.F.);
#1227=ORIENTED_EDGE('',*,*,#956,.T.);
#1228=ORIENTED_EDGE('',*,*,#918,.F.);
#1229=ORIENTED_EDGE('',*,*,#953,.T.);
#1230=ORIENTED_EDGE('',*,*,#957,.F.);
#1231=ORIENTED_EDGE('',*,*,#958,.T.);
#1232=ORIENTED_EDGE('',*,*,#955,.T.);
#1233=ORIENTED_EDGE('',*,*,#952,.T.);
#1234=ORIENTED_EDGE('',*,*,#959,.F.);
#1235=ORIENTED_EDGE('',*,*,#960,.T.);
#1236=ORIENTED_EDGE('',*,*,#957,.T.);
#1237=ORIENTED_EDGE('',*,*,#951,.T.);
#1238=ORIENTED_EDGE('',*,*,#961,.F.);
#1239=ORIENTED_EDGE('',*,*,#962,.T.);
#1240=ORIENTED_EDGE('',*,*,#959,.T.);
#1241=ORIENTED_EDGE('',*,*,#950,.T.);
#1242=ORIENTED_EDGE('',*,*,#963,.F.);
#1243=ORIENTED_EDGE('',*,*,#964,.T.);
#1244=ORIENTED_EDGE('',*,*,#961,.T.);
#1245=ORIENTED_EDGE('',*,*,#949,.T.);
#1246=ORIENTED_EDGE('',*,*,#965,.F.);
#1247=ORIENTED_EDGE('',*,*,#966,.T.);
#1248=ORIENTED_EDGE('',*,*,#963,.T.);
#1249=ORIENTED_EDGE('',*,*,#967,.F.);
#1250=ORIENTED_EDGE('',*,*,#943,.F.);
#1251=ORIENTED_EDGE('',*,*,#968,.T.);
#1252=ORIENTED_EDGE('',*,*,#965,.T.);
#1253=ORIENTED_EDGE('',*,*,#948,.T.);
#1254=ORIENTED_EDGE('',*,*,#969,.F.);
#1255=ORIENTED_EDGE('',*,*,#968,.F.);
#1256=ORIENTED_EDGE('',*,*,#942,.F.);
#1257=ORIENTED_EDGE('',*,*,#919,.F.);
#1258=ORIENTED_EDGE('',*,*,#956,.F.);
#1259=ORIENTED_EDGE('',*,*,#958,.F.);
#1260=ORIENTED_EDGE('',*,*,#960,.F.);
#1261=ORIENTED_EDGE('',*,*,#962,.F.);
#1262=ORIENTED_EDGE('',*,*,#964,.F.);
#1263=ORIENTED_EDGE('',*,*,#966,.F.);
#1264=ORIENTED_EDGE('',*,*,#944,.T.);
#1265=ORIENTED_EDGE('',*,*,#967,.T.);
#1266=ORIENTED_EDGE('',*,*,#970,.F.);
#1267=ORIENTED_EDGE('',*,*,#971,.T.);
#1268=ORIENTED_EDGE('',*,*,#947,.T.);
#1269=ORIENTED_EDGE('',*,*,#916,.F.);
#1270=ORIENTED_EDGE('',*,*,#972,.T.);
#1271=ORIENTED_EDGE('',*,*,#973,.T.);
#1272=ORIENTED_EDGE('',*,*,#970,.T.);
#1273=ORIENTED_EDGE('',*,*,#969,.T.);
#1274=ORIENTED_EDGE('',*,*,#974,.F.);
#1275=ORIENTED_EDGE('',*,*,#975,.F.);
#1276=ORIENTED_EDGE('',*,*,#976,.F.);
#1277=ORIENTED_EDGE('',*,*,#977,.F.);
#1278=ORIENTED_EDGE('',*,*,#869,.F.);
#1279=ORIENTED_EDGE('',*,*,#868,.F.);
#1280=ORIENTED_EDGE('',*,*,#978,.T.);
#1281=ORIENTED_EDGE('',*,*,#977,.T.);
#1282=ORIENTED_EDGE('',*,*,#979,.F.);
#1283=ORIENTED_EDGE('',*,*,#980,.T.);
#1284=ORIENTED_EDGE('',*,*,#981,.F.);
#1285=ORIENTED_EDGE('',*,*,#982,.F.);
#1286=ORIENTED_EDGE('',*,*,#983,.T.);
#1287=ORIENTED_EDGE('',*,*,#984,.T.);
#1288=ORIENTED_EDGE('',*,*,#985,.T.);
#1289=ORIENTED_EDGE('',*,*,#880,.T.);
#1290=ORIENTED_EDGE('',*,*,#986,.T.);
#1291=ORIENTED_EDGE('',*,*,#984,.F.);
#1292=ORIENTED_EDGE('',*,*,#863,.F.);
#1293=ORIENTED_EDGE('',*,*,#882,.F.);
#1294=ORIENTED_EDGE('',*,*,#987,.T.);
#1295=ORIENTED_EDGE('',*,*,#982,.T.);
#1296=ORIENTED_EDGE('',*,*,#974,.T.);
#1297=ORIENTED_EDGE('',*,*,#978,.F.);
#1298=ORIENTED_EDGE('',*,*,#988,.F.);
#1299=ORIENTED_EDGE('',*,*,#989,.T.);
#1300=ORIENTED_EDGE('',*,*,#990,.T.);
#1301=ORIENTED_EDGE('',*,*,#975,.T.);
#1302=ORIENTED_EDGE('',*,*,#990,.F.);
#1303=ORIENTED_EDGE('',*,*,#991,.T.);
#1304=ORIENTED_EDGE('',*,*,#992,.T.);
#1305=ORIENTED_EDGE('',*,*,#976,.T.);
#1306=ORIENTED_EDGE('',*,*,#992,.F.);
#1307=ORIENTED_EDGE('',*,*,#993,.T.);
#1308=ORIENTED_EDGE('',*,*,#994,.T.);
#1309=ORIENTED_EDGE('',*,*,#979,.T.);
#1310=ORIENTED_EDGE('',*,*,#867,.F.);
#1311=ORIENTED_EDGE('',*,*,#994,.F.);
#1312=ORIENTED_EDGE('',*,*,#995,.T.);
#1313=ORIENTED_EDGE('',*,*,#988,.T.);
#1314=ORIENTED_EDGE('',*,*,#851,.F.);
#1315=ORIENTED_EDGE('',*,*,#848,.F.);
#1316=ORIENTED_EDGE('',*,*,#996,.T.);
#1317=ORIENTED_EDGE('',*,*,#852,.F.);
#1318=ORIENTED_EDGE('',*,*,#997,.T.);
#1319=ORIENTED_EDGE('',*,*,#998,.F.);
#1320=ORIENTED_EDGE('',*,*,#999,.T.);
#1321=ORIENTED_EDGE('',*,*,#1000,.F.);
#1322=ORIENTED_EDGE('',*,*,#921,.F.);
#1323=ORIENTED_EDGE('',*,*,#946,.T.);
#1324=ORIENTED_EDGE('',*,*,#922,.F.);
#1325=ORIENTED_EDGE('',*,*,#1000,.T.);
#1326=ORIENTED_EDGE('',*,*,#1001,.T.);
#1327=ORIENTED_EDGE('',*,*,#1002,.T.);
#1328=ORIENTED_EDGE('',*,*,#923,.T.);
#1329=ORIENTED_EDGE('',*,*,#1002,.F.);
#1330=ORIENTED_EDGE('',*,*,#1003,.T.);
#1331=ORIENTED_EDGE('',*,*,#853,.F.);
#1332=ORIENTED_EDGE('',*,*,#998,.T.);
#1333=ORIENTED_EDGE('',*,*,#1004,.F.);
#1334=ORIENTED_EDGE('',*,*,#1005,.T.);
#1335=ORIENTED_EDGE('',*,*,#902,.F.);
#1336=ORIENTED_EDGE('',*,*,#1006,.T.);
#1337=ORIENTED_EDGE('',*,*,#1007,.T.);
#1338=ORIENTED_EDGE('',*,*,#1008,.T.);
#1339=ORIENTED_EDGE('',*,*,#972,.F.);
#1340=ORIENTED_EDGE('',*,*,#915,.F.);
#1341=ORIENTED_EDGE('',*,*,#1009,.T.);
#1342=ORIENTED_EDGE('',*,*,#924,.F.);
#1343=ORIENTED_EDGE('',*,*,#876,.T.);
#1344=ORIENTED_EDGE('',*,*,#941,.F.);
#1345=ORIENTED_EDGE('',*,*,#940,.F.);
#1346=ORIENTED_EDGE('',*,*,#907,.F.);
#1347=ORIENTED_EDGE('',*,*,#872,.T.);
#1348=ORIENTED_EDGE('',*,*,#938,.F.);
#1349=ORIENTED_EDGE('',*,*,#937,.F.);
#1350=ORIENTED_EDGE('',*,*,#1010,.F.);
#1351=ORIENTED_EDGE('',*,*,#886,.F.);
#1352=ORIENTED_EDGE('',*,*,#900,.F.);
#1353=ORIENTED_EDGE('',*,*,#1005,.F.);
#1354=ORIENTED_EDGE('',*,*,#901,.F.);
#1355=ORIENTED_EDGE('',*,*,#892,.F.);
#1356=ORIENTED_EDGE('',*,*,#1011,.F.);
#1357=ORIENTED_EDGE('',*,*,#1006,.F.);
#1358=ORIENTED_EDGE('',*,*,#985,.F.);
#1359=ORIENTED_EDGE('',*,*,#983,.F.);
#1360=ORIENTED_EDGE('',*,*,#987,.F.);
#1361=ORIENTED_EDGE('',*,*,#881,.F.);
#1362=ORIENTED_EDGE('',*,*,#995,.F.);
#1363=ORIENTED_EDGE('',*,*,#993,.F.);
#1364=ORIENTED_EDGE('',*,*,#991,.F.);
#1365=ORIENTED_EDGE('',*,*,#989,.F.);
#1366=ORIENTED_EDGE('',*,*,#996,.F.);
#1367=ORIENTED_EDGE('',*,*,#885,.F.);
#1368=ORIENTED_EDGE('',*,*,#887,.T.);
#1369=ORIENTED_EDGE('',*,*,#1010,.T.);
#1370=ORIENTED_EDGE('',*,*,#1004,.T.);
#1371=ORIENTED_EDGE('',*,*,#997,.F.);
#1372=ORIENTED_EDGE('',*,*,#1012,.F.);
#1373=ORIENTED_EDGE('',*,*,#980,.F.);
#1374=ORIENTED_EDGE('',*,*,#986,.F.);
#1375=ORIENTED_EDGE('',*,*,#879,.F.);
#1376=ORIENTED_EDGE('',*,*,#843,.F.);
#1377=ORIENTED_EDGE('',*,*,#1013,.T.);
#1378=ORIENTED_EDGE('',*,*,#898,.F.);
#1379=ORIENTED_EDGE('',*,*,#895,.F.);
#1380=ORIENTED_EDGE('',*,*,#888,.F.);
#1381=ORIENTED_EDGE('',*,*,#845,.T.);
#1382=ORIENTED_EDGE('',*,*,#850,.T.);
#1383=ORIENTED_EDGE('',*,*,#1003,.F.);
#1384=ORIENTED_EDGE('',*,*,#1001,.F.);
#1385=ORIENTED_EDGE('',*,*,#999,.F.);
#1386=ORIENTED_EDGE('',*,*,#945,.T.);
#1387=ORIENTED_EDGE('',*,*,#971,.F.);
#1388=ORIENTED_EDGE('',*,*,#973,.F.);
#1389=ORIENTED_EDGE('',*,*,#1008,.F.);
#1390=ORIENTED_EDGE('',*,*,#857,.F.);
#1391=ORIENTED_EDGE('',*,*,#842,.F.);
#1392=ORIENTED_EDGE('',*,*,#1012,.T.);
#1393=ORIENTED_EDGE('',*,*,#883,.F.);
#1394=ORIENTED_EDGE('',*,*,#864,.F.);
#1395=ORIENTED_EDGE('',*,*,#981,.T.);
#1396=ORIENTED_EDGE('',*,*,#913,.T.);
#1397=ORIENTED_EDGE('',*,*,#1007,.F.);
#1398=ORIENTED_EDGE('',*,*,#1011,.T.);
#1399=ORIENTED_EDGE('',*,*,#891,.T.);
#1400=ORIENTED_EDGE('',*,*,#861,.F.);
#1401=ORIENTED_EDGE('',*,*,#865,.F.);
#1402=ORIENTED_EDGE('',*,*,#914,.F.);
#1403=ORIENTED_EDGE('',*,*,#899,.F.);
#1404=ORIENTED_EDGE('',*,*,#1013,.F.);
#1405=ORIENTED_EDGE('',*,*,#1009,.F.);
#1406=ORIENTED_EDGE('',*,*,#1014,.T.);
#1407=ORIENTED_EDGE('',*,*,#1015,.T.);
#1408=ORIENTED_EDGE('',*,*,#1016,.T.);
#1409=ORIENTED_EDGE('',*,*,#1015,.F.);
#1410=ORIENTED_EDGE('',*,*,#1017,.T.);
#1411=ORIENTED_EDGE('',*,*,#1018,.F.);
#1412=ORIENTED_EDGE('',*,*,#1019,.F.);
#1413=ORIENTED_EDGE('',*,*,#1020,.T.);
#1414=ORIENTED_EDGE('',*,*,#1021,.T.);
#1415=ORIENTED_EDGE('',*,*,#1022,.F.);
#1416=ORIENTED_EDGE('',*,*,#1023,.F.);
#1417=ORIENTED_EDGE('',*,*,#1024,.T.);
#1418=ORIENTED_EDGE('',*,*,#1025,.F.);
#1419=ORIENTED_EDGE('',*,*,#1026,.T.);
#1420=ORIENTED_EDGE('',*,*,#1027,.T.);
#1421=ORIENTED_EDGE('',*,*,#1026,.F.);
#1422=ORIENTED_EDGE('',*,*,#1016,.F.);
#1423=ORIENTED_EDGE('',*,*,#1027,.F.);
#1424=ORIENTED_EDGE('',*,*,#1028,.F.);
#1425=ORIENTED_EDGE('',*,*,#1022,.T.);
#1426=ORIENTED_EDGE('',*,*,#1029,.T.);
#1427=ORIENTED_EDGE('',*,*,#1020,.F.);
#1428=ORIENTED_EDGE('',*,*,#1021,.F.);
#1429=ORIENTED_EDGE('',*,*,#1029,.F.);
#1430=ORIENTED_EDGE('',*,*,#1028,.T.);
#1431=ORIENTED_EDGE('',*,*,#1019,.T.);
#1432=ORIENTED_EDGE('',*,*,#1030,.F.);
#1433=ORIENTED_EDGE('',*,*,#1023,.T.);
#1434=ORIENTED_EDGE('',*,*,#1030,.T.);
#1435=ORIENTED_EDGE('',*,*,#1018,.T.);
#1436=ORIENTED_EDGE('',*,*,#1031,.T.);
#1437=ORIENTED_EDGE('',*,*,#1024,.F.);
#1438=ORIENTED_EDGE('',*,*,#1014,.F.);
#1439=ORIENTED_EDGE('',*,*,#1031,.F.);
#1440=ORIENTED_EDGE('',*,*,#1017,.F.);
#1441=ORIENTED_EDGE('',*,*,#1025,.T.);
#1442=ORIENTED_EDGE('',*,*,#1032,.T.);
#1443=ORIENTED_EDGE('',*,*,#1033,.T.);
#1444=ORIENTED_EDGE('',*,*,#1034,.T.);
#1445=ORIENTED_EDGE('',*,*,#1033,.F.);
#1446=ORIENTED_EDGE('',*,*,#1035,.T.);
#1447=ORIENTED_EDGE('',*,*,#1036,.F.);
#1448=ORIENTED_EDGE('',*,*,#1037,.F.);
#1449=ORIENTED_EDGE('',*,*,#1038,.T.);
#1450=ORIENTED_EDGE('',*,*,#1039,.T.);
#1451=ORIENTED_EDGE('',*,*,#1040,.F.);
#1452=ORIENTED_EDGE('',*,*,#1041,.F.);
#1453=ORIENTED_EDGE('',*,*,#1042,.T.);
#1454=ORIENTED_EDGE('',*,*,#1043,.F.);
#1455=ORIENTED_EDGE('',*,*,#1044,.T.);
#1456=ORIENTED_EDGE('',*,*,#1045,.T.);
#1457=ORIENTED_EDGE('',*,*,#1044,.F.);
#1458=ORIENTED_EDGE('',*,*,#1034,.F.);
#1459=ORIENTED_EDGE('',*,*,#1045,.F.);
#1460=ORIENTED_EDGE('',*,*,#1046,.F.);
#1461=ORIENTED_EDGE('',*,*,#1040,.T.);
#1462=ORIENTED_EDGE('',*,*,#1047,.T.);
#1463=ORIENTED_EDGE('',*,*,#1038,.F.);
#1464=ORIENTED_EDGE('',*,*,#1039,.F.);
#1465=ORIENTED_EDGE('',*,*,#1047,.F.);
#1466=ORIENTED_EDGE('',*,*,#1046,.T.);
#1467=ORIENTED_EDGE('',*,*,#1037,.T.);
#1468=ORIENTED_EDGE('',*,*,#1048,.F.);
#1469=ORIENTED_EDGE('',*,*,#1041,.T.);
#1470=ORIENTED_EDGE('',*,*,#1048,.T.);
#1471=ORIENTED_EDGE('',*,*,#1036,.T.);
#1472=ORIENTED_EDGE('',*,*,#1049,.T.);
#1473=ORIENTED_EDGE('',*,*,#1042,.F.);
#1474=ORIENTED_EDGE('',*,*,#1032,.F.);
#1475=ORIENTED_EDGE('',*,*,#1049,.F.);
#1476=ORIENTED_EDGE('',*,*,#1035,.F.);
#1477=ORIENTED_EDGE('',*,*,#1043,.T.);
#1478=CONICAL_SURFACE('',#1593,0.0015,0.785398163397448);
#1479=CONICAL_SURFACE('',#1614,0.0015,0.785398163397448);
#1480=ADVANCED_FACE('',(#125),#1478,.F.);
#1481=ADVANCED_FACE('',(#126),#113,.F.);
#1482=ADVANCED_FACE('',(#127),#114,.F.);
#1483=ADVANCED_FACE('',(#128),#115,.T.);
#1484=ADVANCED_FACE('',(#129),#116,.T.);
#1485=ADVANCED_FACE('',(#130),#117,.F.);
#1486=ADVANCED_FACE('',(#131),#1479,.F.);
#1487=ADVANCED_FACE('',(#132),#118,.F.);
#1488=ADVANCED_FACE('',(#133),#119,.F.);
#1489=ADVANCED_FACE('',(#134),#120,.F.);
#1490=ADVANCED_FACE('',(#135),#42,.F.);
#1491=ADVANCED_FACE('',(#136),#43,.F.);
#1492=ADVANCED_FACE('',(#137),#44,.T.);
#1493=ADVANCED_FACE('',(#138),#45,.T.);
#1494=ADVANCED_FACE('',(#139),#46,.T.);
#1495=ADVANCED_FACE('',(#140),#47,.T.);
#1496=ADVANCED_FACE('',(#141),#48,.T.);
#1497=ADVANCED_FACE('',(#142,#29,#30),#49,.T.);
#1498=ADVANCED_FACE('',(#143),#50,.F.);
#1499=ADVANCED_FACE('',(#144,#31),#51,.T.);
#1500=ADVANCED_FACE('',(#145),#52,.F.);
#1501=ADVANCED_FACE('',(#146),#53,.F.);
#1502=ADVANCED_FACE('',(#147),#54,.F.);
#1503=ADVANCED_FACE('',(#148),#55,.F.);
#1504=ADVANCED_FACE('',(#149),#56,.F.);
#1505=ADVANCED_FACE('',(#150),#57,.F.);
#1506=ADVANCED_FACE('',(#151),#58,.F.);
#1507=ADVANCED_FACE('',(#152),#59,.F.);
#1508=ADVANCED_FACE('',(#153),#60,.F.);
#1509=ADVANCED_FACE('',(#154),#61,.T.);
#1510=ADVANCED_FACE('',(#155),#62,.T.);
#1511=ADVANCED_FACE('',(#156),#63,.F.);
#1512=ADVANCED_FACE('',(#157),#64,.T.);
#1513=ADVANCED_FACE('',(#158),#65,.T.);
#1514=ADVANCED_FACE('',(#159),#66,.T.);
#1515=ADVANCED_FACE('',(#160),#67,.T.);
#1516=ADVANCED_FACE('',(#161),#68,.T.);
#1517=ADVANCED_FACE('',(#162),#69,.T.);
#1518=ADVANCED_FACE('',(#163),#70,.T.);
#1519=ADVANCED_FACE('',(#164),#71,.T.);
#1520=ADVANCED_FACE('',(#165),#72,.T.);
#1521=ADVANCED_FACE('',(#166),#73,.T.);
#1522=ADVANCED_FACE('',(#167,#32),#74,.F.);
#1523=ADVANCED_FACE('',(#168),#75,.T.);
#1524=ADVANCED_FACE('',(#169),#76,.T.);
#1525=ADVANCED_FACE('',(#170),#77,.T.);
#1526=ADVANCED_FACE('',(#171),#78,.T.);
#1527=ADVANCED_FACE('',(#172),#79,.T.);
#1528=ADVANCED_FACE('',(#173),#80,.T.);
#1529=ADVANCED_FACE('',(#174),#81,.T.);
#1530=ADVANCED_FACE('',(#175),#82,.T.);
#1531=ADVANCED_FACE('',(#176),#83,.T.);
#1532=ADVANCED_FACE('',(#177),#84,.T.);
#1533=ADVANCED_FACE('',(#178),#85,.T.);
#1534=ADVANCED_FACE('',(#179),#86,.T.);
#1535=ADVANCED_FACE('',(#180),#87,.T.);
#1536=ADVANCED_FACE('',(#181),#88,.T.);
#1537=ADVANCED_FACE('',(#182),#89,.F.);
#1538=ADVANCED_FACE('',(#183),#90,.F.);
#1539=ADVANCED_FACE('',(#184),#91,.T.);
#1540=ADVANCED_FACE('',(#185,#33,#34),#92,.F.);
#1541=ADVANCED_FACE('',(#186),#93,.T.);
#1542=ADVANCED_FACE('',(#187,#35),#94,.F.);
#1543=ADVANCED_FACE('',(#188,#36,#37),#95,.T.);
#1544=ADVANCED_FACE('',(#189),#96,.T.);
#1545=ADVANCED_FACE('',(#190,#38,#39),#97,.T.);
#1546=ADVANCED_FACE('',(#191),#98,.T.);
#1547=ADVANCED_FACE('',(#192),#121,.T.);
#1548=ADVANCED_FACE('',(#193),#122,.T.);
#1549=ADVANCED_FACE('',(#194,#40),#99,.F.);
#1550=ADVANCED_FACE('',(#195),#100,.T.);
#1551=ADVANCED_FACE('',(#196),#101,.T.);
#1552=ADVANCED_FACE('',(#197),#102,.T.);
#1553=ADVANCED_FACE('',(#198),#103,.T.);
#1554=ADVANCED_FACE('',(#199),#104,.T.);
#1555=ADVANCED_FACE('',(#200),#105,.F.);
#1556=ADVANCED_FACE('',(#201),#123,.T.);
#1557=ADVANCED_FACE('',(#202),#124,.T.);
#1558=ADVANCED_FACE('',(#203,#41),#106,.F.);
#1559=ADVANCED_FACE('',(#204),#107,.T.);
#1560=ADVANCED_FACE('',(#205),#108,.T.);
#1561=ADVANCED_FACE('',(#206),#109,.T.);
#1562=ADVANCED_FACE('',(#207),#110,.T.);
#1563=ADVANCED_FACE('',(#208),#111,.T.);
#1564=ADVANCED_FACE('',(#209),#112,.F.);
#1565=CLOSED_SHELL('',(#1480,#1481,#1482,#1483,#1484,#1485,#1486,#1487,
#1488,#1489,#1490,#1491,#1492,#1493,#1494,#1495,#1496,#1497,#1498,#1499,
#1500,#1501,#1502,#1503,#1504,#1505,#1506,#1507,#1508,#1509,#1510,#1511,
#1512,#1513,#1514,#1515,#1516,#1517,#1518,#1519,#1520,#1521,#1522,#1523,
#1524,#1525,#1526,#1527,#1528,#1529,#1530,#1531,#1532,#1533,#1534,#1535,
#1536,#1537,#1538,#1539,#1540,#1541,#1542,#1543,#1544,#1545,#1546));
#1566=CLOSED_SHELL('',(#1547,#1548,#1549,#1550,#1551,#1552,#1553,#1554,
#1555));
#1567=CLOSED_SHELL('',(#1556,#1557,#1558,#1559,#1560,#1561,#1562,#1563,
#1564));
#1568=DERIVED_UNIT_ELEMENT(#1572,1.);
#1569=DERIVED_UNIT_ELEMENT(#2607,-3.);
#1570=DERIVED_UNIT_ELEMENT(#1572,1.);
#1571=DERIVED_UNIT_ELEMENT(#2607,-3.);
#1572=(
MASS_UNIT()
NAMED_UNIT(*)
SI_UNIT(.KILO.,.GRAM.)
);
#1573=DERIVED_UNIT((#1568,#1569));
#1574=DERIVED_UNIT((#1570,#1571));
#1575=MEASURE_REPRESENTATION_ITEM('density measure',
POSITIVE_RATIO_MEASURE(7850.),#1573);
#1576=MEASURE_REPRESENTATION_ITEM('density measure',
POSITIVE_RATIO_MEASURE(7850.),#1574);
#1577=PROPERTY_DEFINITION_REPRESENTATION(#1587,#1581);
#1578=PROPERTY_DEFINITION_REPRESENTATION(#1588,#1582);
#1579=PROPERTY_DEFINITION_REPRESENTATION(#1589,#1583);
#1580=PROPERTY_DEFINITION_REPRESENTATION(#1590,#1584);
#1581=REPRESENTATION('material name',(#1585),#2604);
#1582=REPRESENTATION('density',(#1575),#2604);
#1583=REPRESENTATION('material name',(#1586),#2605);
#1584=REPRESENTATION('density',(#1576),#2605);
#1585=DESCRIPTIVE_REPRESENTATION_ITEM('Steel','Steel');
#1586=DESCRIPTIVE_REPRESENTATION_ITEM('Steel','Steel');
#1587=PROPERTY_DEFINITION('material property','material name',#2623);
#1588=PROPERTY_DEFINITION('material property','density of part',#2623);
#1589=PROPERTY_DEFINITION('material property','material name',#2624);
#1590=PROPERTY_DEFINITION('material property','density of part',#2624);
#1591=AXIS2_PLACEMENT_3D('',#2155,#1721,#1722);
#1592=AXIS2_PLACEMENT_3D('',#2156,#1723,#1724);
#1593=AXIS2_PLACEMENT_3D('',#2157,#1725,#1726);
#1594=AXIS2_PLACEMENT_3D('',#2160,#1727,#1728);
#1595=AXIS2_PLACEMENT_3D('',#2161,#1729,#1730);
#1596=AXIS2_PLACEMENT_3D('',#2165,#1732,#1733);
#1597=AXIS2_PLACEMENT_3D('',#2166,#1734,#1735);
#1598=AXIS2_PLACEMENT_3D('',#2167,#1736,#1737);
#1599=AXIS2_PLACEMENT_3D('',#2170,#1739,#1740);
#1600=AXIS2_PLACEMENT_3D('',#2171,#1741,#1742);
#1601=AXIS2_PLACEMENT_3D('',#2173,#1743,#1744);
#1602=AXIS2_PLACEMENT_3D('',#2175,#1746,#1747);
#1603=AXIS2_PLACEMENT_3D('',#2178,#1748,#1749);
#1604=AXIS2_PLACEMENT_3D('',#2182,#1751,#1752);
#1605=AXIS2_PLACEMENT_3D('',#2184,#1753,#1754);
#1606=AXIS2_PLACEMENT_3D('',#2186,#1756,#1757);
#1607=AXIS2_PLACEMENT_3D('',#2188,#1758,#1759);
#1608=AXIS2_PLACEMENT_3D('',#2190,#1760,#1761);
#1609=AXIS2_PLACEMENT_3D('',#2192,#1762,#1763);
#1610=AXIS2_PLACEMENT_3D('',#2194,#1765,#1766);
#1611=AXIS2_PLACEMENT_3D('',#2197,#1767,#1768);
#1612=AXIS2_PLACEMENT_3D('',#2198,#1769,#1770);
#1613=AXIS2_PLACEMENT_3D('',#2201,#1772,#1773);
#1614=AXIS2_PLACEMENT_3D('',#2202,#1774,#1775);
#1615=AXIS2_PLACEMENT_3D('',#2205,#1776,#1777);
#1616=AXIS2_PLACEMENT_3D('',#2206,#1778,#1779);
#1617=AXIS2_PLACEMENT_3D('',#2208,#1781,#1782);
#1618=AXIS2_PLACEMENT_3D('',#2210,#1783,#1784);
#1619=AXIS2_PLACEMENT_3D('',#2214,#1786,#1787);
#1620=AXIS2_PLACEMENT_3D('',#2215,#1788,#1789);
#1621=AXIS2_PLACEMENT_3D('',#2216,#1790,#1791);
#1622=AXIS2_PLACEMENT_3D('',#2218,#1792,#1793);
#1623=AXIS2_PLACEMENT_3D('',#2222,#1795,#1796);
#1624=AXIS2_PLACEMENT_3D('',#2223,#1797,#1798);
#1625=AXIS2_PLACEMENT_3D('',#2224,#1799,#1800);
#1626=AXIS2_PLACEMENT_3D('',#2226,#1801,#1802);
#1627=AXIS2_PLACEMENT_3D('',#2228,#1804,#1805);
#1628=AXIS2_PLACEMENT_3D('',#2237,#1810,#1811);
#1629=AXIS2_PLACEMENT_3D('',#2246,#1816,#1817);
#1630=AXIS2_PLACEMENT_3D('',#2256,#1823,#1824);
#1631=AXIS2_PLACEMENT_3D('',#2260,#1827,#1828);
#1632=AXIS2_PLACEMENT_3D('',#2276,#1837,#1838);
#1633=AXIS2_PLACEMENT_3D('',#2282,#1842,#1843);
#1634=AXIS2_PLACEMENT_3D('',#2288,#1847,#1848);
#1635=AXIS2_PLACEMENT_3D('',#2307,#1859,#1860);
#1636=AXIS2_PLACEMENT_3D('',#2313,#1864,#1865);
#1637=AXIS2_PLACEMENT_3D('',#2338,#1879,#1880);
#1638=AXIS2_PLACEMENT_3D('',#2344,#1884,#1885);
#1639=AXIS2_PLACEMENT_3D('',#2348,#1888,#1889);
#1640=AXIS2_PLACEMENT_3D('',#2352,#1892,#1893);
#1641=AXIS2_PLACEMENT_3D('',#2354,#1895,#1896);
#1642=AXIS2_PLACEMENT_3D('',#2355,#1897,#1898);
#1643=AXIS2_PLACEMENT_3D('',#2359,#1901,#1902);
#1644=AXIS2_PLACEMENT_3D('',#2363,#1905,#1906);
#1645=AXIS2_PLACEMENT_3D('',#2365,#1908,#1909);
#1646=AXIS2_PLACEMENT_3D('',#2369,#1912,#1913);
#1647=AXIS2_PLACEMENT_3D('',#2371,#1915,#1916);
#1648=AXIS2_PLACEMENT_3D('',#2381,#1922,#1923);
#1649=AXIS2_PLACEMENT_3D('',#2397,#1932,#1933);
#1650=AXIS2_PLACEMENT_3D('',#2401,#1936,#1937);
#1651=AXIS2_PLACEMENT_3D('',#2405,#1940,#1941);
#1652=AXIS2_PLACEMENT_3D('',#2409,#1944,#1945);
#1653=AXIS2_PLACEMENT_3D('',#2413,#1948,#1949);
#1654=AXIS2_PLACEMENT_3D('',#2417,#1952,#1953);
#1655=AXIS2_PLACEMENT_3D('',#2421,#1956,#1957);
#1656=AXIS2_PLACEMENT_3D('',#2426,#1961,#1962);
#1657=AXIS2_PLACEMENT_3D('',#2427,#1963,#1964);
#1658=AXIS2_PLACEMENT_3D('',#2431,#1967,#1968);
#1659=AXIS2_PLACEMENT_3D('',#2435,#1971,#1972);
#1660=AXIS2_PLACEMENT_3D('',#2444,#1977,#1978);
#1661=AXIS2_PLACEMENT_3D('',#2447,#1981,#1982);
#1662=AXIS2_PLACEMENT_3D('',#2457,#1988,#1989);
#1663=AXIS2_PLACEMENT_3D('',#2460,#1992,#1993);
#1664=AXIS2_PLACEMENT_3D('',#2462,#1995,#1996);
#1665=AXIS2_PLACEMENT_3D('',#2468,#2000,#2001);
#1666=AXIS2_PLACEMENT_3D('',#2472,#2004,#2005);
#1667=AXIS2_PLACEMENT_3D('',#2476,#2008,#2009);
#1668=AXIS2_PLACEMENT_3D('',#2478,#2011,#2012);
#1669=AXIS2_PLACEMENT_3D('',#2480,#2014,#2015);
#1670=AXIS2_PLACEMENT_3D('',#2484,#2018,#2019);
#1671=AXIS2_PLACEMENT_3D('',#2488,#2022,#2023);
#1672=AXIS2_PLACEMENT_3D('',#2492,#2026,#2027);
#1673=AXIS2_PLACEMENT_3D('',#2500,#2033,#2034);
#1674=AXIS2_PLACEMENT_3D('',#2504,#2037,#2038);
#1675=AXIS2_PLACEMENT_3D('',#2505,#2039,#2040);
#1676=AXIS2_PLACEMENT_3D('',#2506,#2041,#2042);
#1677=AXIS2_PLACEMENT_3D('',#2508,#2044,#2045);
#1678=AXIS2_PLACEMENT_3D('',#2510,#2047,#2048);
#1679=AXIS2_PLACEMENT_3D('',#2511,#2049,#2050);
#1680=AXIS2_PLACEMENT_3D('',#2513,#2052,#2053);
#1681=AXIS2_PLACEMENT_3D('',#2515,#2055,#2056);
#1682=AXIS2_PLACEMENT_3D('',#2516,#2057,#2058);
#1683=AXIS2_PLACEMENT_3D('',#2517,#2059,#2060);
#1684=AXIS2_PLACEMENT_3D('',#2518,#2061,#2062);
#1685=AXIS2_PLACEMENT_3D('',#2519,#2063,#2064);
#1686=AXIS2_PLACEMENT_3D('',#2522,#2065,#2066);
#1687=AXIS2_PLACEMENT_3D('',#2525,#2068,#2069);
#1688=AXIS2_PLACEMENT_3D('',#2527,#2070,#2071);
#1689=AXIS2_PLACEMENT_3D('',#2531,#2073,#2074);
#1690=AXIS2_PLACEMENT_3D('',#2535,#2076,#2077);
#1691=AXIS2_PLACEMENT_3D('',#2539,#2079,#2080);
#1692=AXIS2_PLACEMENT_3D('',#2541,#2082,#2083);
#1693=AXIS2_PLACEMENT_3D('',#2543,#2084,#2085);
#1694=AXIS2_PLACEMENT_3D('',#2546,#2087,#2088);
#1695=AXIS2_PLACEMENT_3D('',#2547,#2089,#2090);
#1696=AXIS2_PLACEMENT_3D('',#2548,#2091,#2092);
#1697=AXIS2_PLACEMENT_3D('',#2551,#2095,#2096);
#1698=AXIS2_PLACEMENT_3D('',#2552,#2097,#2098);
#1699=AXIS2_PLACEMENT_3D('',#2554,#2100,#2101);
#1700=AXIS2_PLACEMENT_3D('',#2556,#2103,#2104);
#1701=AXIS2_PLACEMENT_3D('',#2557,#2105,#2106);
#1702=AXIS2_PLACEMENT_3D('',#2558,#2107,#2108);
#1703=AXIS2_PLACEMENT_3D('',#2561,#2109,#2110);
#1704=AXIS2_PLACEMENT_3D('',#2564,#2112,#2113);
#1705=AXIS2_PLACEMENT_3D('',#2566,#2114,#2115);
#1706=AXIS2_PLACEMENT_3D('',#2570,#2117,#2118);
#1707=AXIS2_PLACEMENT_3D('',#2574,#2120,#2121);
#1708=AXIS2_PLACEMENT_3D('',#2578,#2123,#2124);
#1709=AXIS2_PLACEMENT_3D('',#2580,#2126,#2127);
#1710=AXIS2_PLACEMENT_3D('',#2582,#2128,#2129);
#1711=AXIS2_PLACEMENT_3D('',#2585,#2131,#2132);
#1712=AXIS2_PLACEMENT_3D('',#2586,#2133,#2134);
#1713=AXIS2_PLACEMENT_3D('',#2587,#2135,#2136);
#1714=AXIS2_PLACEMENT_3D('',#2590,#2139,#2140);
#1715=AXIS2_PLACEMENT_3D('',#2591,#2141,#2142);
#1716=AXIS2_PLACEMENT_3D('',#2593,#2144,#2145);
#1717=AXIS2_PLACEMENT_3D('',#2595,#2147,#2148);
#1718=AXIS2_PLACEMENT_3D('',#2596,#2149,#2150);
#1719=AXIS2_PLACEMENT_3D('',#2597,#2151,#2152);
#1720=AXIS2_PLACEMENT_3D('',#2598,#2153,#2154);
#1721=DIRECTION('axis',(0.,0.,1.));
#1722=DIRECTION('refdir',(1.,0.,0.));
#1723=DIRECTION('axis',(0.,0.,1.));
#1724=DIRECTION('refdir',(1.,0.,0.));
#1725=DIRECTION('center_axis',(1.,-2.9861638335682E-15,3.49148336110938E-15));
#1726=DIRECTION('ref_axis',(3.49148336110938E-15,0.,-1.));
#1727=DIRECTION('center_axis',(-1.,2.9861638335682E-15,-3.49148336110938E-15));
#1728=DIRECTION('ref_axis',(3.49148336110938E-15,0.,-1.));
#1729=DIRECTION('center_axis',(-1.,2.9861638335682E-15,-3.49148336110938E-15));
#1730=DIRECTION('ref_axis',(3.49148336110938E-15,0.,-1.));
#1731=DIRECTION('',(0.707106781186545,-2.19813230207364E-15,0.70710678118655));
#1732=DIRECTION('center_axis',(-1.,2.9861638335682E-15,-3.49148336110938E-15));
#1733=DIRECTION('ref_axis',(-3.49148336110938E-15,0.,1.));
#1734=DIRECTION('center_axis',(-1.,2.9861638335682E-15,-3.49148336110938E-15));
#1735=DIRECTION('ref_axis',(-3.49148336110938E-15,0.,1.));
#1736=DIRECTION('center_axis',(1.,-2.9861638335682E-15,3.49148336110938E-15));
#1737=DIRECTION('ref_axis',(-3.49148336110938E-15,0.,1.));
#1738=DIRECTION('',(1.,-2.9861638335682E-15,3.49148336110938E-15));
#1739=DIRECTION('center_axis',(1.,-2.9861638335682E-15,3.49148336110938E-15));
#1740=DIRECTION('ref_axis',(-3.49148336110938E-15,0.,1.));
#1741=DIRECTION('center_axis',(1.,-2.9861638335682E-15,3.49148336110938E-15));
#1742=DIRECTION('ref_axis',(-3.49148336110938E-15,0.,1.));
#1743=DIRECTION('center_axis',(-1.,2.9861638335682E-15,-3.49148336110938E-15));
#1744=DIRECTION('ref_axis',(-3.49148336110938E-15,0.,1.));
#1745=DIRECTION('',(1.,-2.9861638335682E-15,3.49148336110938E-15));
#1746=DIRECTION('center_axis',(1.,-2.9861638335682E-15,3.49148336110938E-15));
#1747=DIRECTION('ref_axis',(3.49148336110938E-15,-1.22464679914735E-16,
-1.));
#1748=DIRECTION('center_axis',(1.,-2.9861638335682E-15,3.49148336110938E-15));
#1749=DIRECTION('ref_axis',(-3.49148336110938E-15,0.,1.));
#1750=DIRECTION('',(1.,-2.9861638335682E-15,3.49148336110938E-15));
#1751=DIRECTION('center_axis',(1.,-2.9861638335682E-15,3.49148336110938E-15));
#1752=DIRECTION('ref_axis',(-3.49148336110938E-15,-2.80259692864963E-45,
1.));
#1753=DIRECTION('center_axis',(1.,-2.9861638335682E-15,3.49148336110938E-15));
#1754=DIRECTION('ref_axis',(-3.49148336110938E-15,0.,1.));
#1755=DIRECTION('',(1.,-2.9861638335682E-15,3.49148336110938E-15));
#1756=DIRECTION('center_axis',(1.,-2.9861638335682E-15,3.49148336110938E-15));
#1757=DIRECTION('ref_axis',(3.49148336110938E-15,-1.22464679914735E-16,
-1.));
#1758=DIRECTION('center_axis',(1.,-2.9861638335682E-15,3.49148336110938E-15));
#1759=DIRECTION('ref_axis',(-3.49148336110938E-15,0.,1.));
#1760=DIRECTION('center_axis',(1.,-2.9861638335682E-15,3.49148336110938E-15));
#1761=DIRECTION('ref_axis',(-3.49148336110938E-15,0.,1.));
#1762=DIRECTION('center_axis',(1.,-2.9861638335682E-15,3.49148336110938E-15));
#1763=DIRECTION('ref_axis',(-3.49148336110938E-15,0.,1.));
#1764=DIRECTION('',(1.,-2.9861638335682E-15,3.49148336110938E-15));
#1765=DIRECTION('center_axis',(1.,-2.9861638335682E-15,3.49148336110938E-15));
#1766=DIRECTION('ref_axis',(-3.49148336110938E-15,0.,1.));
#1767=DIRECTION('center_axis',(-1.,2.9861638335682E-15,-3.49148336110938E-15));
#1768=DIRECTION('ref_axis',(-3.49148336110938E-15,0.,1.));
#1769=DIRECTION('center_axis',(-1.,2.9861638335682E-15,-3.49148336110938E-15));
#1770=DIRECTION('ref_axis',(-3.49148336110938E-15,0.,1.));
#1771=DIRECTION('',(1.,-2.9861638335682E-15,3.49148336110938E-15));
#1772=DIRECTION('center_axis',(1.,-2.9861638335682E-15,3.49148336110938E-15));
#1773=DIRECTION('ref_axis',(-3.49148336110938E-15,0.,1.));
#1774=DIRECTION('center_axis',(1.,-2.9861638335682E-15,3.49148336110938E-15));
#1775=DIRECTION('ref_axis',(3.49148336110938E-15,0.,-1.));
#1776=DIRECTION('center_axis',(-1.,2.9861638335682E-15,-3.49148336110938E-15));
#1777=DIRECTION('ref_axis',(3.49148336110938E-15,1.40129846432482E-45,-1.));
#1778=DIRECTION('center_axis',(-1.,2.9861638335682E-15,-3.49148336110938E-15));
#1779=DIRECTION('ref_axis',(3.49148336110938E-15,1.40129846432482E-45,-1.));
#1780=DIRECTION('',(0.707106781186545,-2.19813230207364E-15,0.70710678118655));
#1781=DIRECTION('center_axis',(3.49148336110938E-15,-1.18789542670764E-45,
-1.));
#1782=DIRECTION('ref_axis',(2.9861638335682E-15,1.,1.042614133845E-29));
#1783=DIRECTION('center_axis',(-3.49148336110938E-15,1.18789542670764E-45,
1.));
#1784=DIRECTION('ref_axis',(2.9861638335682E-15,1.,1.042614133845E-29));
#1785=DIRECTION('',(3.49148336110938E-15,-1.18789542670764E-45,-1.));
#1786=DIRECTION('center_axis',(3.49148336110938E-15,-1.18789542670764E-45,
-1.));
#1787=DIRECTION('ref_axis',(2.9861638335682E-15,1.,1.042614133845E-29));
#1788=DIRECTION('center_axis',(3.49148336110938E-15,-1.18789542670764E-45,
-1.));
#1789=DIRECTION('ref_axis',(2.9861638335682E-15,1.,1.042614133845E-29));
#1790=DIRECTION('center_axis',(3.49148336110938E-15,-1.18789542670764E-45,
-1.));
#1791=DIRECTION('ref_axis',(2.9861638335682E-15,1.,1.042614133845E-29));
#1792=DIRECTION('center_axis',(-3.49148336110938E-15,1.18789542670764E-45,
1.));
#1793=DIRECTION('ref_axis',(2.9861638335682E-15,1.,1.042614133845E-29));
#1794=DIRECTION('',(3.49148336110938E-15,-1.18789542670764E-45,-1.));
#1795=DIRECTION('center_axis',(3.49148336110938E-15,-1.18789542670764E-45,
-1.));
#1796=DIRECTION('ref_axis',(2.9861638335682E-15,1.,1.042614133845E-29));
#1797=DIRECTION('center_axis',(3.49148336110938E-15,-1.18789542670764E-45,
-1.));
#1798=DIRECTION('ref_axis',(2.9861638335682E-15,1.,1.042614133845E-29));
#1799=DIRECTION('center_axis',(1.,-2.9861638335682E-15,3.49148336110938E-15));
#1800=DIRECTION('ref_axis',(-3.49148336110938E-15,-1.40129846432482E-45,
1.));
#1801=DIRECTION('center_axis',(-1.,2.9861638335682E-15,-3.49148336110938E-15));
#1802=DIRECTION('ref_axis',(-3.49148336110938E-15,-1.40129846432482E-45,
1.));
#1803=DIRECTION('',(1.,-2.9861638335682E-15,3.49148336110938E-15));
#1804=DIRECTION('center_axis',(-2.9861638335682E-15,-1.,-1.042614133845E-29));
#1805=DIRECTION('ref_axis',(1.,-2.9861638335682E-15,3.49148336110938E-15));
#1806=DIRECTION('',(-1.,2.9861638335682E-15,-3.49148336110938E-15));
#1807=DIRECTION('',(-3.49148336110938E-15,0.,1.));
#1808=DIRECTION('',(1.,-2.9861638335682E-15,3.49148336110938E-15));
#1809=DIRECTION('',(-3.49148336110938E-15,0.,1.));
#1810=DIRECTION('center_axis',(-2.9861638335682E-15,-1.,-1.042614133845E-29));
#1811=DIRECTION('ref_axis',(-3.49148336110938E-15,-2.80259692864963E-44,
1.));
#1812=DIRECTION('',(3.49148336110938E-15,0.,-1.));
#1813=DIRECTION('',(-1.,2.9861638335682E-15,-3.49148336110938E-15));
#1814=DIRECTION('',(-3.49148336110938E-15,0.,1.));
#1815=DIRECTION('',(-1.,2.9861638335682E-15,-3.49148336110938E-15));
#1816=DIRECTION('center_axis',(2.9861638335682E-15,1.,1.042614133845E-29));
#1817=DIRECTION('ref_axis',(-3.49148336110938E-15,-2.80259692864963E-44,
1.));
#1818=DIRECTION('',(3.49148336110938E-15,0.,-1.));
#1819=DIRECTION('',(1.,-2.9861638335682E-15,3.49148336110938E-15));
#1820=DIRECTION('',(-3.49148336110938E-15,0.,1.));
#1821=DIRECTION('',(1.,-2.9861638335682E-15,3.49148336110938E-15));
#1822=DIRECTION('',(1.,-2.9861638335682E-15,3.49148336110938E-15));
#1823=DIRECTION('center_axis',(1.,-2.9861638335682E-15,3.49148336110938E-15));
#1824=DIRECTION('ref_axis',(-3.49148336110938E-15,0.,1.));
#1825=DIRECTION('',(3.49148336110938E-15,0.,-1.));
#1826=DIRECTION('',(2.9861638335682E-15,1.,1.042614133845E-29));
#1827=DIRECTION('center_axis',(-2.9861638335682E-15,-1.,-1.042614133845E-29));
#1828=DIRECTION('ref_axis',(3.49148336110938E-15,2.80259692864963E-44,-1.));
#1829=DIRECTION('',(-3.49148336110938E-15,0.,1.));
#1830=DIRECTION('',(-1.,2.9861638335682E-15,-3.49148336110938E-15));
#1831=DIRECTION('',(3.49148336110938E-15,0.,-1.));
#1832=DIRECTION('',(1.,-2.9861638335682E-15,3.49148336110938E-15));
#1833=DIRECTION('',(-3.49148336110938E-15,0.,1.));
#1834=DIRECTION('',(1.,-2.9861638335682E-15,3.49148336110938E-15));
#1835=DIRECTION('',(3.49148336110938E-15,0.,-1.));
#1836=DIRECTION('',(1.,-2.9861638335682E-15,3.49148336110938E-15));
#1837=DIRECTION('center_axis',(-3.49148336110938E-15,0.,1.));
#1838=DIRECTION('ref_axis',(-1.,2.9861638335682E-15,-3.49148336110938E-15));
#1839=DIRECTION('',(2.9861638335682E-15,1.,1.042614133845E-29));
#1840=DIRECTION('',(2.9861638335682E-15,1.,1.042614133845E-29));
#1841=DIRECTION('',(-1.,2.9861638335682E-15,-3.49148336110938E-15));
#1842=DIRECTION('center_axis',(2.9861638335682E-15,1.,1.042614133845E-29));
#1843=DIRECTION('ref_axis',(-3.49148336110938E-15,-2.80259692864963E-44,
1.));
#1844=DIRECTION('',(3.49148336110938E-15,0.,-1.));
#1845=DIRECTION('',(-3.49148336110938E-15,0.,1.));
#1846=DIRECTION('',(-1.,2.9861638335682E-15,-3.49148336110938E-15));
#1847=DIRECTION('center_axis',(3.49148336110938E-15,0.,-1.));
#1848=DIRECTION('ref_axis',(2.9861638335682E-15,1.,1.042614133845E-29));
#1849=DIRECTION('',(-2.9861638335682E-15,-1.,-1.042614133845E-29));
#1850=DIRECTION('',(2.9861638335682E-15,1.,1.042614133845E-29));
#1851=DIRECTION('',(1.,-2.9861638335682E-15,3.49148336110938E-15));
#1852=DIRECTION('',(2.9861638335682E-15,1.,1.042614133845E-29));
#1853=DIRECTION('',(-1.,2.9861638335682E-15,-3.49148336110938E-15));
#1854=DIRECTION('',(-2.9861638335682E-15,-1.,-1.042614133845E-29));
#1855=DIRECTION('',(1.,-2.9861638335682E-15,3.49148336110938E-15));
#1856=DIRECTION('',(2.9861638335682E-15,1.,1.042614133845E-29));
#1857=DIRECTION('',(-1.,2.9861638335682E-15,-3.49148336110938E-15));
#1858=DIRECTION('',(-2.9861638335682E-15,-1.,-1.042614133845E-29));
#1859=DIRECTION('center_axis',(3.49148336110938E-15,0.,-1.));
#1860=DIRECTION('ref_axis',(-2.9861638335682E-15,-1.,-1.042614133845E-29));
#1861=DIRECTION('',(2.9861638335682E-15,1.,1.042614133845E-29));
#1862=DIRECTION('',(-2.9861638335682E-15,-1.,-1.042614133845E-29));
#1863=DIRECTION('',(-1.,2.9861638335682E-15,-3.49148336110938E-15));
#1864=DIRECTION('center_axis',(1.,-2.9861638335682E-15,3.49148336110938E-15));
#1865=DIRECTION('ref_axis',(-3.49148336110938E-15,0.,1.));
#1866=DIRECTION('',(2.9861638335682E-15,1.,1.042614133845E-29));
#1867=DIRECTION('',(2.9861638335682E-15,1.,1.042614133845E-29));
#1868=DIRECTION('',(-3.49148336110938E-15,0.,1.));
#1869=DIRECTION('',(2.9861638335682E-15,1.,1.042614133845E-29));
#1870=DIRECTION('',(-3.49148336110938E-15,0.,1.));
#1871=DIRECTION('',(2.9861638335682E-15,1.,1.042614133845E-29));
#1872=DIRECTION('',(3.49148336110938E-15,0.,-1.));
#1873=DIRECTION('',(2.9861638335682E-15,1.,1.042614133845E-29));
#1874=DIRECTION('',(-3.49148336110938E-15,0.,1.));
#1875=DIRECTION('',(2.9861638335682E-15,1.,1.042614133845E-29));
#1876=DIRECTION('',(3.49148336110938E-15,0.,-1.));
#1877=DIRECTION('',(2.9861638335682E-15,1.,1.042614133845E-29));
#1878=DIRECTION('',(3.49148336110938E-15,0.,-1.));
#1879=DIRECTION('center_axis',(1.,-2.9861638335682E-15,3.49148336110938E-15));
#1880=DIRECTION('ref_axis',(2.9861638335682E-15,1.,1.042614133845E-29));
#1881=DIRECTION('',(-2.9861638335682E-15,-1.,-1.042614133845E-29));
#1882=DIRECTION('',(-3.49148336110938E-15,0.,1.));
#1883=DIRECTION('',(-3.49148336110938E-15,0.,1.));
#1884=DIRECTION('center_axis',(-2.9861638335682E-15,-1.,-1.042614133845E-29));
#1885=DIRECTION('ref_axis',(1.,-2.9861638335682E-15,3.49148336110938E-15));
#1886=DIRECTION('',(-1.,2.9861638335682E-15,-3.49148336110938E-15));
#1887=DIRECTION('',(-3.49148336110938E-15,0.,1.));
#1888=DIRECTION('center_axis',(-1.,2.9861638335682E-15,-3.49148336110938E-15));
#1889=DIRECTION('ref_axis',(-2.9861638335682E-15,-1.,-1.042614133845E-29));
#1890=DIRECTION('',(2.9861638335682E-15,1.,1.042614133845E-29));
#1891=DIRECTION('',(-3.49148336110938E-15,0.,1.));
#1892=DIRECTION('center_axis',(2.9861638335682E-15,1.,1.042614133845E-29));
#1893=DIRECTION('ref_axis',(-1.,2.9861638335682E-15,-3.49148336110938E-15));
#1894=DIRECTION('',(1.,-2.9861638335682E-15,3.49148336110938E-15));
#1895=DIRECTION('center_axis',(-3.49148336110938E-15,0.,1.));
#1896=DIRECTION('ref_axis',(-2.9861638335682E-15,-1.,-1.042614133845E-29));
#1897=DIRECTION('center_axis',(-1.,2.9861638335682E-15,-3.49148336110938E-15));
#1898=DIRECTION('ref_axis',(-2.9861638335682E-15,-1.,-1.042614133845E-29));
#1899=DIRECTION('',(2.9861638335682E-15,1.,1.042614133845E-29));
#1900=DIRECTION('',(-3.49148336110938E-15,0.,1.));
#1901=DIRECTION('center_axis',(2.9861638335682E-15,1.,1.042614133845E-29));
#1902=DIRECTION('ref_axis',(-1.,2.9861638335682E-15,-3.49148336110938E-15));
#1903=DIRECTION('',(1.,-2.9861638335682E-15,3.49148336110938E-15));
#1904=DIRECTION('',(-3.49148336110938E-15,0.,1.));
#1905=DIRECTION('center_axis',(-3.49148336110938E-15,0.,1.));
#1906=DIRECTION('ref_axis',(-2.9861638335682E-15,-1.,-1.042614133845E-29));
#1907=DIRECTION('',(-2.9861638335682E-15,-1.,-1.042614133845E-29));
#1908=DIRECTION('center_axis',(2.9861638335682E-15,1.,1.042614133845E-29));
#1909=DIRECTION('ref_axis',(3.49148336110938E-15,2.80259692864963E-44,-1.));
#1910=DIRECTION('',(-3.49148336110938E-15,0.,1.));
#1911=DIRECTION('',(-1.,2.9861638335682E-15,-3.49148336110938E-15));
#1912=DIRECTION('center_axis',(1.,-2.9861638335682E-15,3.49148336110938E-15));
#1913=DIRECTION('ref_axis',(-3.49148336110938E-15,0.,1.));
#1914=DIRECTION('',(-2.9861638335682E-15,-1.,-1.042614133845E-29));
#1915=DIRECTION('center_axis',(-3.49148336110938E-15,0.,1.));
#1916=DIRECTION('ref_axis',(-2.9861638335682E-15,-1.,-1.042614133845E-29));
#1917=DIRECTION('',(1.,-2.9861638335682E-15,3.49148336110938E-15));
#1918=DIRECTION('',(-2.9861638335682E-15,-1.,-1.042614133845E-29));
#1919=DIRECTION('',(-1.,2.9861638335682E-15,-3.49148336110938E-15));
#1920=DIRECTION('',(2.9861638335682E-15,1.,1.042614133845E-29));
#1921=DIRECTION('',(1.,-2.9861638335682E-15,3.49148336110938E-15));
#1922=DIRECTION('center_axis',(2.9861638335682E-15,1.,1.042614133845E-29));
#1923=DIRECTION('ref_axis',(-3.49148336110938E-15,-2.80259692864963E-44,
1.));
#1924=DIRECTION('',(-1.,2.9861638335682E-15,-3.49148336110938E-15));
#1925=DIRECTION('',(3.49148336110938E-15,0.,-1.));
#1926=DIRECTION('',(-1.,2.9861638335682E-15,-3.49148336110938E-15));
#1927=DIRECTION('',(-0.500000000000003,1.4930819167841E-15,0.866025403784437));
#1928=DIRECTION('',(-0.866025403784437,2.58609373973239E-15,-0.500000000000003));
#1929=DIRECTION('',(0.500000000000004,-1.4930819167841E-15,-0.866025403784437));
#1930=DIRECTION('',(0.96621910088316,-2.88528853436008E-15,-0.257722038422285));
#1931=DIRECTION('',(1.,-2.9861638335682E-15,3.49148336110938E-15));
#1932=DIRECTION('center_axis',(-3.49148336110938E-15,0.,1.));
#1933=DIRECTION('ref_axis',(-1.,2.9861638335682E-15,-3.49148336110938E-15));
#1934=DIRECTION('',(-2.9861638335682E-15,-1.,-1.042614133845E-29));
#1935=DIRECTION('',(-1.,2.9861638335682E-15,-3.49148336110938E-15));
#1936=DIRECTION('center_axis',(0.257722038422285,-7.69600230250111E-16,
0.96621910088316));
#1937=DIRECTION('ref_axis',(-0.96621910088316,2.88528853436008E-15,0.257722038422285));
#1938=DIRECTION('',(-2.9861638335682E-15,-1.,-1.042614133845E-29));
#1939=DIRECTION('',(-0.96621910088316,2.88528853436008E-15,0.257722038422285));
#1940=DIRECTION('center_axis',(0.866025403784437,-2.58609373973239E-15,
0.500000000000004));
#1941=DIRECTION('ref_axis',(-0.500000000000004,1.4930819167841E-15,0.866025403784437));
#1942=DIRECTION('',(-2.9861638335682E-15,-1.,-1.042614133845E-29));
#1943=DIRECTION('',(-0.500000000000004,1.4930819167841E-15,0.866025403784437));
#1944=DIRECTION('center_axis',(0.500000000000003,-1.4930819167841E-15,-0.866025403784437));
#1945=DIRECTION('ref_axis',(0.866025403784437,-2.58609373973239E-15,0.500000000000003));
#1946=DIRECTION('',(-2.9861638335682E-15,-1.,-1.042614133845E-29));
#1947=DIRECTION('',(0.866025403784437,-2.58609373973239E-15,0.500000000000003));
#1948=DIRECTION('center_axis',(-0.866025403784437,2.58609373973239E-15,
-0.500000000000003));
#1949=DIRECTION('ref_axis',(0.500000000000003,-1.4930819167841E-15,-0.866025403784437));
#1950=DIRECTION('',(-2.9861638335682E-15,-1.,-1.042614133845E-29));
#1951=DIRECTION('',(0.500000000000003,-1.4930819167841E-15,-0.866025403784437));
#1952=DIRECTION('center_axis',(3.49148336110938E-15,0.,-1.));
#1953=DIRECTION('ref_axis',(1.,-2.9861638335682E-15,3.49148336110938E-15));
#1954=DIRECTION('',(-2.9861638335682E-15,-1.,-1.042614133845E-29));
#1955=DIRECTION('',(1.,-2.9861638335682E-15,3.49148336110938E-15));
#1956=DIRECTION('center_axis',(1.,-2.9861638335682E-15,3.49148336110938E-15));
#1957=DIRECTION('ref_axis',(-3.49148336110938E-15,0.,1.));
#1958=DIRECTION('',(-3.49148336110938E-15,0.,1.));
#1959=DIRECTION('',(-3.49148336110938E-15,0.,1.));
#1960=DIRECTION('',(-2.9861638335682E-15,-1.,-1.042614133845E-29));
#1961=DIRECTION('center_axis',(2.9861638335682E-15,1.,1.042614133845E-29));
#1962=DIRECTION('ref_axis',(-3.49148336110938E-15,-2.80259692864963E-44,
1.));
#1963=DIRECTION('center_axis',(2.9861638335682E-15,1.,1.042614133845E-29));
#1964=DIRECTION('ref_axis',(-3.49148336110938E-15,-2.80259692864963E-44,
1.));
#1965=DIRECTION('',(1.,-2.9861638335682E-15,3.49148336110938E-15));
#1966=DIRECTION('',(-3.49148336110938E-15,0.,1.));
#1967=DIRECTION('center_axis',(-3.49148336110938E-15,0.,1.));
#1968=DIRECTION('ref_axis',(-1.,2.9861638335682E-15,-3.49148336110938E-15));
#1969=DIRECTION('',(1.,-2.9861638335682E-15,3.49148336110938E-15));
#1970=DIRECTION('',(2.9861638335682E-15,1.,1.042614133845E-29));
#1971=DIRECTION('center_axis',(1.,-2.9861638335682E-15,3.49148336110938E-15));
#1972=DIRECTION('ref_axis',(-3.49148336110938E-15,0.,1.));
#1973=DIRECTION('',(-3.49148336110938E-15,0.,1.));
#1974=DIRECTION('',(2.9861638335682E-15,1.,1.042614133845E-29));
#1975=DIRECTION('',(3.49148336110938E-15,0.,-1.));
#1976=DIRECTION('',(-2.9861638335682E-15,-1.,-1.042614133845E-29));
#1977=DIRECTION('center_axis',(3.49148336110938E-15,0.,-1.));
#1978=DIRECTION('ref_axis',(2.9861638335682E-15,1.,1.042614133845E-29));
#1979=DIRECTION('',(1.,-2.9861638335682E-15,3.49148336110938E-15));
#1980=DIRECTION('',(1.,-2.9861638335682E-15,3.49148336110938E-15));
#1981=DIRECTION('center_axis',(-2.9861638335682E-15,-1.,-1.042614133845E-29));
#1982=DIRECTION('ref_axis',(1.,-2.9861638335682E-15,3.49148336110938E-15));
#1983=DIRECTION('',(-3.49148336110938E-15,0.,1.));
#1984=DIRECTION('',(1.,-2.9861638335682E-15,3.49148336110938E-15));
#1985=DIRECTION('',(1.,-2.9861638335682E-15,3.49148336110938E-15));
#1986=DIRECTION('',(3.49148336110938E-15,0.,-1.));
#1987=DIRECTION('',(1.,-2.9861638335682E-15,3.49148336110938E-15));
#1988=DIRECTION('center_axis',(-3.49148336110938E-15,0.,1.));
#1989=DIRECTION('ref_axis',(-2.9861638335682E-15,-1.,-1.042614133845E-29));
#1990=DIRECTION('',(-2.9861638335682E-15,-1.,-1.042614133845E-29));
#1991=DIRECTION('',(2.9861638335682E-15,1.,1.042614133845E-29));
#1992=DIRECTION('center_axis',(3.49148336110938E-15,0.,-1.));
#1993=DIRECTION('ref_axis',(2.9861638335682E-15,1.,1.042614133845E-29));
#1994=DIRECTION('',(2.9861638335682E-15,1.,1.042614133845E-29));
#1995=DIRECTION('center_axis',(-2.9861638335682E-15,-1.,-1.042614133845E-29));
#1996=DIRECTION('ref_axis',(1.,-2.9861638335682E-15,3.49148336110938E-15));
#1997=DIRECTION('',(1.,-2.9861638335682E-15,3.49148336110938E-15));
#1998=DIRECTION('',(3.49148336110938E-15,0.,-1.));
#1999=DIRECTION('',(1.,-2.9861638335682E-15,3.49148336110938E-15));
#2000=DIRECTION('center_axis',(-3.49148336110938E-15,0.,1.));
#2001=DIRECTION('ref_axis',(-2.9861638335682E-15,-1.,-1.042614133845E-29));
#2002=DIRECTION('',(-2.9861638335682E-15,-1.,-1.042614133845E-29));
#2003=DIRECTION('',(1.,-2.9861638335682E-15,3.49148336110938E-15));
#2004=DIRECTION('center_axis',(2.9861638335682E-15,1.,1.042614133845E-29));
#2005=DIRECTION('ref_axis',(-3.49148336110938E-15,-2.80259692864963E-44,
1.));
#2006=DIRECTION('',(-3.49148336110938E-15,0.,1.));
#2007=DIRECTION('',(1.,-2.9861638335682E-15,3.49148336110938E-15));
#2008=DIRECTION('center_axis',(3.49148336110938E-15,0.,-1.));
#2009=DIRECTION('ref_axis',(2.9861638335682E-15,1.,1.042614133845E-29));
#2010=DIRECTION('',(2.9861638335682E-15,1.,1.042614133845E-29));
#2011=DIRECTION('center_axis',(1.,-2.9861638335682E-15,3.49148336110938E-15));
#2012=DIRECTION('ref_axis',(-3.49148336110938E-15,0.,1.));
#2013=DIRECTION('',(2.9861638335682E-15,1.,1.042614133845E-29));
#2014=DIRECTION('center_axis',(1.,-2.9861638335682E-15,3.49148336110938E-15));
#2015=DIRECTION('ref_axis',(-3.49148336110938E-15,0.,1.));
#2016=DIRECTION('',(2.9861638335682E-15,1.,1.042614133845E-29));
#2017=DIRECTION('',(-3.49148336110938E-15,0.,1.));
#2018=DIRECTION('center_axis',(-2.9861638335682E-15,-1.,-1.042614133845E-29));
#2019=DIRECTION('ref_axis',(1.,-2.9861638335682E-15,3.49148336110938E-15));
#2020=DIRECTION('',(3.49148336110938E-15,0.,-1.));
#2021=DIRECTION('',(1.,-2.9861638335682E-15,3.49148336110938E-15));
#2022=DIRECTION('center_axis',(-3.49148336110938E-15,0.,1.));
#2023=DIRECTION('ref_axis',(-1.,2.9861638335682E-15,-3.49148336110938E-15));
#2024=DIRECTION('',(2.9861638335682E-15,1.,1.042614133845E-29));
#2025=DIRECTION('',(-1.,2.9861638335682E-15,-3.49148336110938E-15));
#2026=DIRECTION('center_axis',(2.9861638335682E-15,1.,1.042614133845E-29));
#2027=DIRECTION('ref_axis',(-3.49148336110938E-15,-2.80259692864963E-44,
1.));
#2028=DIRECTION('',(-3.49148336110938E-15,0.,1.));
#2029=DIRECTION('',(1.,-2.9861638335682E-15,3.49148336110938E-15));
#2030=DIRECTION('',(3.49148336110938E-15,0.,-1.));
#2031=DIRECTION('',(-3.49148336110938E-15,0.,1.));
#2032=DIRECTION('',(1.,-2.9861638335682E-15,3.49148336110938E-15));
#2033=DIRECTION('center_axis',(-2.9861638335682E-15,-1.,-1.042614133845E-29));
#2034=DIRECTION('ref_axis',(1.,-2.9861638335682E-15,3.49148336110938E-15));
#2035=DIRECTION('',(3.49148336110938E-15,0.,-1.));
#2036=DIRECTION('',(1.,-2.9861638335682E-15,3.49148336110938E-15));
#2037=DIRECTION('center_axis',(-3.49148336110938E-15,0.,1.));
#2038=DIRECTION('ref_axis',(2.9861638335682E-15,1.,1.042614133845E-29));
#2039=DIRECTION('center_axis',(1.,-2.9861638335682E-15,3.49148336110938E-15));
#2040=DIRECTION('ref_axis',(2.9861638335682E-15,1.,1.042614133845E-29));
#2041=DIRECTION('center_axis',(1.,-2.9861638335682E-15,3.49148336110938E-15));
#2042=DIRECTION('ref_axis',(-3.49148336110938E-15,0.,1.));
#2043=DIRECTION('',(2.9861638335682E-15,1.,1.042614133845E-29));
#2044=DIRECTION('center_axis',(1.,-2.9861638335682E-15,3.49148336110938E-15));
#2045=DIRECTION('ref_axis',(-3.49148336110938E-15,0.,1.));
#2046=DIRECTION('',(-2.9861638335682E-15,-1.,-1.042614133845E-29));
#2047=DIRECTION('center_axis',(3.49148336110938E-15,0.,-1.));
#2048=DIRECTION('ref_axis',(1.,-2.9861638335682E-15,3.49148336110938E-15));
#2049=DIRECTION('center_axis',(1.,-2.9861638335682E-15,3.49148336110938E-15));
#2050=DIRECTION('ref_axis',(-3.49148336110938E-15,0.,1.));
#2051=DIRECTION('',(-2.9861638335682E-15,-1.,-1.042614133845E-29));
#2052=DIRECTION('center_axis',(1.,-2.9861638335682E-15,3.49148336110938E-15));
#2053=DIRECTION('ref_axis',(-3.49148336110938E-15,0.,1.));
#2054=DIRECTION('',(2.9861638335682E-15,1.,1.042614133845E-29));
#2055=DIRECTION('center_axis',(3.49148336110938E-15,0.,-1.));
#2056=DIRECTION('ref_axis',(2.9861638335682E-15,1.,1.042614133845E-29));
#2057=DIRECTION('center_axis',(-3.49148336110938E-15,0.,1.));
#2058=DIRECTION('ref_axis',(-2.9861638335682E-15,-1.,-1.042614133845E-29));
#2059=DIRECTION('center_axis',(-3.49148336110938E-15,0.,1.));
#2060=DIRECTION('ref_axis',(-2.9861638335682E-15,-1.,-1.042614133845E-29));
#2061=DIRECTION('axis',(0.,0.,1.));
#2062=DIRECTION('refdir',(1.,0.,0.));
#2063=DIRECTION('center_axis',(-3.49148336110938E-15,-3.34362837567228E-31,
1.));
#2064=DIRECTION('ref_axis',(0.707106781186545,-0.70710678118655,2.46885156104043E-15));
#2065=DIRECTION('center_axis',(3.49148336110938E-15,3.34362837567228E-31,
-1.));
#2066=DIRECTION('ref_axis',(0.707106781186545,-0.70710678118655,2.46885156104043E-15));
#2067=DIRECTION('',(3.49148336110938E-15,3.34362837567228E-31,-1.));
#2068=DIRECTION('center_axis',(-3.49148336110938E-15,-3.34362837567228E-31,
1.));
#2069=DIRECTION('ref_axis',(0.707106781186545,-0.70710678118655,2.46885156104043E-15));
#2070=DIRECTION('center_axis',(3.49148336110938E-15,3.34362837567228E-31,
-1.));
#2071=DIRECTION('ref_axis',(0.707106781186545,-0.70710678118655,2.46885156104043E-15));
#2072=DIRECTION('',(-3.49148336110938E-15,0.,1.));
#2073=DIRECTION('center_axis',(-3.49148336110938E-15,-3.34362837567228E-31,
1.));
#2074=DIRECTION('ref_axis',(0.707106781186545,-0.70710678118655,2.46885156104043E-15));
#2075=DIRECTION('',(-3.49148336110938E-15,0.,1.));
#2076=DIRECTION('center_axis',(3.49148336110938E-15,3.34362837567228E-31,
-1.));
#2077=DIRECTION('ref_axis',(0.707106781186545,-0.70710678118655,2.46885156104043E-15));
#2078=DIRECTION('',(-3.49148336110938E-15,0.,1.));
#2079=DIRECTION('center_axis',(-3.49148336110938E-15,-3.34362837567228E-31,
1.));
#2080=DIRECTION('ref_axis',(0.707106781186545,-0.70710678118655,2.46885156104043E-15));
#2081=DIRECTION('',(-3.49148336110938E-15,0.,1.));
#2082=DIRECTION('center_axis',(3.49148336110938E-15,0.,-1.));
#2083=DIRECTION('ref_axis',(-0.707106781186545,0.70710678118655,-2.46885156104043E-15));
#2084=DIRECTION('center_axis',(-3.49148336110938E-15,0.,1.));
#2085=DIRECTION('ref_axis',(-0.707106781186545,0.70710678118655,-2.46885156104043E-15));
#2086=DIRECTION('',(-3.49148336110938E-15,0.,1.));
#2087=DIRECTION('center_axis',(3.49148336110938E-15,0.,-1.));
#2088=DIRECTION('ref_axis',(-0.707106781186545,0.70710678118655,-2.46885156104043E-15));
#2089=DIRECTION('center_axis',(-3.49148336110938E-15,0.,1.));
#2090=DIRECTION('ref_axis',(0.707106781186545,-0.70710678118655,2.46885156104043E-15));
#2091=DIRECTION('center_axis',(-0.707106781186545,0.70710678118655,-2.46885156104043E-15));
#2092=DIRECTION('ref_axis',(-0.70710678118655,-0.707106781186545,-2.46885156104045E-15));
#2093=DIRECTION('',(0.70710678118655,0.707106781186545,2.46885156104045E-15));
#2094=DIRECTION('',(0.70710678118655,0.707106781186545,2.46885156104045E-15));
#2095=DIRECTION('center_axis',(-3.49148336110938E-15,0.,1.));
#2096=DIRECTION('ref_axis',(0.707106781186545,-0.70710678118655,2.46885156104043E-15));
#2097=DIRECTION('center_axis',(-3.49148336110938E-15,0.,1.));
#2098=DIRECTION('ref_axis',(0.707106781186545,-0.70710678118655,2.46885156104043E-15));
#2099=DIRECTION('',(0.70710678118655,0.707106781186545,2.46885156104045E-15));
#2100=DIRECTION('center_axis',(0.707106781186545,-0.70710678118655,2.46885156104044E-15));
#2101=DIRECTION('ref_axis',(0.70710678118655,0.707106781186545,2.46885156104045E-15));
#2102=DIRECTION('',(-0.70710678118655,-0.707106781186545,-2.46885156104045E-15));
#2103=DIRECTION('center_axis',(-3.49148336110938E-15,0.,1.));
#2104=DIRECTION('ref_axis',(0.707106781186545,-0.70710678118655,2.46885156104043E-15));
#2105=DIRECTION('center_axis',(-3.49148336110938E-15,0.,1.));
#2106=DIRECTION('ref_axis',(0.707106781186545,-0.70710678118655,2.46885156104043E-15));
#2107=DIRECTION('center_axis',(-3.49148336110938E-15,-3.34362837567228E-31,
1.));
#2108=DIRECTION('ref_axis',(0.707106781186545,-0.70710678118655,2.46885156104043E-15));
#2109=DIRECTION('center_axis',(3.49148336110938E-15,3.34362837567228E-31,
-1.));
#2110=DIRECTION('ref_axis',(0.707106781186545,-0.70710678118655,2.46885156104043E-15));
#2111=DIRECTION('',(3.49148336110938E-15,3.34362837567228E-31,-1.));
#2112=DIRECTION('center_axis',(-3.49148336110938E-15,-3.34362837567228E-31,
1.));
#2113=DIRECTION('ref_axis',(0.707106781186545,-0.70710678118655,2.46885156104043E-15));
#2114=DIRECTION('center_axis',(3.49148336110938E-15,3.34362837567228E-31,
-1.));
#2115=DIRECTION('ref_axis',(0.707106781186545,-0.70710678118655,2.46885156104043E-15));
#2116=DIRECTION('',(-3.49148336110938E-15,0.,1.));
#2117=DIRECTION('center_axis',(-3.49148336110938E-15,-3.34362837567228E-31,
1.));
#2118=DIRECTION('ref_axis',(0.707106781186545,-0.70710678118655,2.46885156104043E-15));
#2119=DIRECTION('',(-3.49148336110938E-15,0.,1.));
#2120=DIRECTION('center_axis',(3.49148336110938E-15,3.34362837567228E-31,
-1.));
#2121=DIRECTION('ref_axis',(0.707106781186545,-0.70710678118655,2.46885156104043E-15));
#2122=DIRECTION('',(-3.49148336110938E-15,0.,1.));
#2123=DIRECTION('center_axis',(-3.49148336110938E-15,-3.34362837567228E-31,
1.));
#2124=DIRECTION('ref_axis',(0.707106781186545,-0.70710678118655,2.46885156104043E-15));
#2125=DIRECTION('',(-3.49148336110938E-15,0.,1.));
#2126=DIRECTION('center_axis',(3.49148336110938E-15,0.,-1.));
#2127=DIRECTION('ref_axis',(-0.707106781186545,0.70710678118655,-2.46885156104043E-15));
#2128=DIRECTION('center_axis',(-3.49148336110938E-15,0.,1.));
#2129=DIRECTION('ref_axis',(-0.707106781186545,0.70710678118655,-2.46885156104043E-15));
#2130=DIRECTION('',(-3.49148336110938E-15,0.,1.));
#2131=DIRECTION('center_axis',(3.49148336110938E-15,0.,-1.));
#2132=DIRECTION('ref_axis',(-0.707106781186545,0.70710678118655,-2.46885156104043E-15));
#2133=DIRECTION('center_axis',(-3.49148336110938E-15,0.,1.));
#2134=DIRECTION('ref_axis',(0.707106781186545,-0.70710678118655,2.46885156104043E-15));
#2135=DIRECTION('center_axis',(-0.707106781186545,0.70710678118655,-2.46885156104043E-15));
#2136=DIRECTION('ref_axis',(-0.70710678118655,-0.707106781186545,-2.46885156104045E-15));
#2137=DIRECTION('',(0.70710678118655,0.707106781186545,2.46885156104045E-15));
#2138=DIRECTION('',(0.70710678118655,0.707106781186545,2.46885156104045E-15));
#2139=DIRECTION('center_axis',(-3.49148336110938E-15,0.,1.));
#2140=DIRECTION('ref_axis',(0.707106781186545,-0.70710678118655,2.46885156104043E-15));
#2141=DIRECTION('center_axis',(-3.49148336110938E-15,0.,1.));
#2142=DIRECTION('ref_axis',(0.707106781186545,-0.70710678118655,2.46885156104043E-15));
#2143=DIRECTION('',(0.70710678118655,0.707106781186545,2.46885156104045E-15));
#2144=DIRECTION('center_axis',(0.707106781186545,-0.70710678118655,2.46885156104044E-15));
#2145=DIRECTION('ref_axis',(0.70710678118655,0.707106781186545,2.46885156104045E-15));
#2146=DIRECTION('',(-0.70710678118655,-0.707106781186545,-2.46885156104045E-15));
#2147=DIRECTION('center_axis',(-3.49148336110938E-15,0.,1.));
#2148=DIRECTION('ref_axis',(0.707106781186545,-0.70710678118655,2.46885156104043E-15));
#2149=DIRECTION('center_axis',(-3.49148336110938E-15,0.,1.));
#2150=DIRECTION('ref_axis',(0.707106781186545,-0.70710678118655,2.46885156104043E-15));
#2151=DIRECTION('',(0.,0.,1.));
#2152=DIRECTION('',(1.,0.,0.));
#2153=DIRECTION('',(0.,0.,1.));
#2154=DIRECTION('',(1.,0.,0.));
#2155=CARTESIAN_POINT('',(0.,0.,0.));
#2156=CARTESIAN_POINT('',(0.,0.,0.));
#2157=CARTESIAN_POINT('Origin',(0.00119500000000023,0.1525,0.018805));
#2158=CARTESIAN_POINT('',(0.000195000000000225,0.1525,0.019305));
#2159=CARTESIAN_POINT('',(0.000195000000000227,0.1525,0.018305));
#2160=CARTESIAN_POINT('Origin',(0.000195000000000225,0.1525,0.018805));
#2161=CARTESIAN_POINT('Origin',(0.000195000000000225,0.1525,0.018805));
#2162=CARTESIAN_POINT('',(0.00119500000000022,0.1525,0.020305));
#2163=CARTESIAN_POINT('',(0.00119500000000022,0.1525,0.020305));
#2164=CARTESIAN_POINT('',(0.00119500000000023,0.1525,0.017305));
#2165=CARTESIAN_POINT('Origin',(0.00119500000000023,0.1525,0.018805));
#2166=CARTESIAN_POINT('Origin',(0.00119500000000023,0.1525,0.018805));
#2167=CARTESIAN_POINT('Origin',(0.00319500000000022,0.1525,0.018805));
#2168=CARTESIAN_POINT('',(0.00319500000000023,0.1525,0.017305));
#2169=CARTESIAN_POINT('',(0.00319500000000023,0.1525,0.017305));
#2170=CARTESIAN_POINT('Origin',(0.00319500000000022,0.1525,0.018805));
#2171=CARTESIAN_POINT('Origin',(0.00319500000000022,0.1525,0.018805));
#2172=CARTESIAN_POINT('',(-0.00680499999999977,0.1525,0.018305));
#2173=CARTESIAN_POINT('Origin',(-0.00680499999999978,0.1525,0.018805));
#2174=CARTESIAN_POINT('',(0.00319500000000022,0.1525,0.018305));
#2175=CARTESIAN_POINT('Origin',(0.00319500000000022,0.1525,0.018805));
#2176=CARTESIAN_POINT('',(0.00319500000000022,0.15,0.018805));
#2177=CARTESIAN_POINT('',(0.00319500000000023,0.155,0.018805));
#2178=CARTESIAN_POINT('Origin',(0.00319500000000022,0.1525,0.018805));
#2179=CARTESIAN_POINT('',(-0.00580499999999978,0.15,0.018805));
#2180=CARTESIAN_POINT('',(0.00319500000000022,0.15,0.018805));
#2181=CARTESIAN_POINT('',(-0.00580499999999977,0.1525,0.016305));
#2182=CARTESIAN_POINT('Origin',(-0.00580499999999978,0.1525,0.018805));
#2183=CARTESIAN_POINT('',(-0.00580499999999977,0.155,0.018805));
#2184=CARTESIAN_POINT('Origin',(-0.00580499999999978,0.1525,0.018805));
#2185=CARTESIAN_POINT('',(0.00319500000000023,0.155,0.018805));
#2186=CARTESIAN_POINT('Origin',(0.00319500000000024,0.1575,0.018805));
#2187=CARTESIAN_POINT('',(0.00319500000000025,0.16,0.018805));
#2188=CARTESIAN_POINT('Origin',(0.00319500000000024,0.1575,0.018805));
#2189=CARTESIAN_POINT('',(-0.00580499999999975,0.1575,0.016305));
#2190=CARTESIAN_POINT('Origin',(-0.00580499999999976,0.1575,0.018805));
#2191=CARTESIAN_POINT('',(-0.00580499999999975,0.16,0.018805));
#2192=CARTESIAN_POINT('Origin',(-0.00580499999999976,0.1575,0.018805));
#2193=CARTESIAN_POINT('',(0.00319500000000025,0.16,0.018805));
#2194=CARTESIAN_POINT('Origin',(0.00319500000000024,0.1575,0.018805));
#2195=CARTESIAN_POINT('',(0.00119500000000024,0.1575,0.020305));
#2196=CARTESIAN_POINT('',(0.00119500000000024,0.1575,0.017305));
#2197=CARTESIAN_POINT('Origin',(0.00119500000000024,0.1575,0.018805));
#2198=CARTESIAN_POINT('Origin',(0.00119500000000024,0.1575,0.018805));
#2199=CARTESIAN_POINT('',(0.00319500000000025,0.1575,0.017305));
#2200=CARTESIAN_POINT('',(0.00319500000000025,0.1575,0.017305));
#2201=CARTESIAN_POINT('Origin',(0.00319500000000024,0.1575,0.018805));
#2202=CARTESIAN_POINT('Origin',(0.00119500000000024,0.1575,0.018805));
#2203=CARTESIAN_POINT('',(0.00019500000000024,0.1575,0.019305));
#2204=CARTESIAN_POINT('',(0.000195000000000242,0.1575,0.018305));
#2205=CARTESIAN_POINT('Origin',(0.00019500000000024,0.1575,0.018805));
#2206=CARTESIAN_POINT('Origin',(0.00019500000000024,0.1575,0.018805));
#2207=CARTESIAN_POINT('',(0.00119500000000023,0.1575,0.020305));
#2208=CARTESIAN_POINT('Origin',(-0.00930499999999978,0.1525,0.0208049999999999));
#2209=CARTESIAN_POINT('',(-0.00930499999999982,0.151,0.030805));
#2210=CARTESIAN_POINT('Origin',(-0.00930499999999982,0.1525,0.030805));
#2211=CARTESIAN_POINT('',(-0.00930499999999979,0.151,0.0208049999999999));
#2212=CARTESIAN_POINT('',(-0.00930499999999978,0.151,0.0208049999999999));
#2213=CARTESIAN_POINT('',(-0.00930499999999978,0.154,0.0208049999999999));
#2214=CARTESIAN_POINT('Origin',(-0.00930499999999978,0.1525,0.0208049999999999));
#2215=CARTESIAN_POINT('Origin',(-0.00930499999999978,0.1525,0.0208049999999999));
#2216=CARTESIAN_POINT('Origin',(-0.00930499999999977,0.1575,0.0208049999999999));
#2217=CARTESIAN_POINT('',(-0.00930499999999981,0.156,0.030805));
#2218=CARTESIAN_POINT('Origin',(-0.0093049999999998,0.1575,0.030805));
#2219=CARTESIAN_POINT('',(-0.00930499999775388,0.156,0.0208049999999999));
#2220=CARTESIAN_POINT('',(-0.00930499999999978,0.156,0.0208049999999999));
#2221=CARTESIAN_POINT('',(-0.00930499999999976,0.159,0.0208049999999999));
#2222=CARTESIAN_POINT('Origin',(-0.00930499999999977,0.1575,0.0208049999999999));
#2223=CARTESIAN_POINT('Origin',(-0.00930499999999977,0.1575,0.0208049999999999));
#2224=CARTESIAN_POINT('Origin',(0.00319500000000024,0.1575,0.018805));
#2225=CARTESIAN_POINT('',(-0.00680499999999976,0.1575,0.018305));
#2226=CARTESIAN_POINT('Origin',(-0.00680499999999976,0.1575,0.018805));
#2227=CARTESIAN_POINT('',(0.00319500000000024,0.1575,0.018305));
#2228=CARTESIAN_POINT('Origin',(-0.0143049999999998,0.151,0.0158049999999999));
#2229=CARTESIAN_POINT('',(-0.0138049999999998,0.151,0.0163049999999999));
#2230=CARTESIAN_POINT('',(-0.0148049999999998,0.151,0.0163049999999999));
#2231=CARTESIAN_POINT('',(-0.0138049999999998,0.151,0.0163049999999999));
#2232=CARTESIAN_POINT('',(-0.0138049999999998,0.151,0.0158049999999999));
#2233=CARTESIAN_POINT('',(-0.0138049999999998,0.151,0.0158049999999999));
#2234=CARTESIAN_POINT('',(-0.0148049999999998,0.151,0.0158049999999999));
#2235=CARTESIAN_POINT('',(-0.0150549999999998,0.151,0.0158049999999999));
#2236=CARTESIAN_POINT('',(-0.0148049999999998,0.151,0.0158049999999999));
#2237=CARTESIAN_POINT('Origin',(-0.00680499999999981,0.1505,0.029055));
#2238=CARTESIAN_POINT('',(-0.00760499999999982,0.1505,0.030055));
#2239=CARTESIAN_POINT('',(-0.00760499999999981,0.1505,0.028055));
#2240=CARTESIAN_POINT('',(-0.00760499999999981,0.1505,0.028055));
#2241=CARTESIAN_POINT('',(-0.00680499999999982,0.1505,0.030055));
#2242=CARTESIAN_POINT('',(-0.00680499999999982,0.1505,0.030055));
#2243=CARTESIAN_POINT('',(-0.00680499999999981,0.1505,0.028055));
#2244=CARTESIAN_POINT('',(-0.00680499999999979,0.1505,0.02243));
#2245=CARTESIAN_POINT('',(-0.00680499999999981,0.1505,0.028055));
#2246=CARTESIAN_POINT('Origin',(-0.0158049999999998,0.151,0.0188049999999999));
#2247=CARTESIAN_POINT('',(-0.00680499999999979,0.151,0.020805));
#2248=CARTESIAN_POINT('',(-0.00680499999999978,0.151,0.016805));
#2249=CARTESIAN_POINT('',(-0.00680499999999979,0.151,0.021055));
#2250=CARTESIAN_POINT('',(-0.0158049999999998,0.151,0.0168049999999999));
#2251=CARTESIAN_POINT('',(-0.0158049999999998,0.151,0.0168049999999999));
#2252=CARTESIAN_POINT('',(-0.0158049999999998,0.151,0.0208049999999999));
#2253=CARTESIAN_POINT('',(-0.0158049999999998,0.151,0.0168049999999999));
#2254=CARTESIAN_POINT('',(-0.0158049999999998,0.151,0.0208049999999999));
#2255=CARTESIAN_POINT('',(-0.0158049999999998,0.151,0.0208049999999999));
#2256=CARTESIAN_POINT('Origin',(-0.0058049999999997,0.175,0.015805));
#2257=CARTESIAN_POINT('',(-0.00580499999999978,0.15,0.016305));
#2258=CARTESIAN_POINT('',(-0.00580499999999978,0.15,0.019555));
#2259=CARTESIAN_POINT('',(-0.00580499999999972,0.16875,0.016305));
#2260=CARTESIAN_POINT('Origin',(-0.0158049999999998,0.15,0.0233049999999999));
#2261=CARTESIAN_POINT('',(-0.00680499999999977,0.15,0.015805));
#2262=CARTESIAN_POINT('',(-0.00680499999999978,0.15,0.016305));
#2263=CARTESIAN_POINT('',(-0.00680499999999983,0.15,0.030805));
#2264=CARTESIAN_POINT('',(-0.0113049999999998,0.15,0.0163049999999999));
#2265=CARTESIAN_POINT('',(0.0031950000000002,0.15,0.022805));
#2266=CARTESIAN_POINT('',(0.00319500000000022,0.15,0.019555));
#2267=CARTESIAN_POINT('',(-0.0068049999999998,0.15,0.022805));
#2268=CARTESIAN_POINT('',(-0.0113049999999998,0.15,0.0228049999999999));
#2269=CARTESIAN_POINT('',(-0.00680499999999983,0.15,0.030805));
#2270=CARTESIAN_POINT('',(-0.00680499999999983,0.15,0.030805));
#2271=CARTESIAN_POINT('',(-0.0158049999999998,0.15,0.0308049999999999));
#2272=CARTESIAN_POINT('',(-0.0158049999999998,0.15,0.0308049999999999));
#2273=CARTESIAN_POINT('',(-0.0158049999999998,0.15,0.0158049999999999));
#2274=CARTESIAN_POINT('',(-0.0158049999999998,0.15,0.0308049999999999));
#2275=CARTESIAN_POINT('',(-0.0158049999999998,0.15,0.0158049999999999));
#2276=CARTESIAN_POINT('Origin',(-0.0068049999999998,0.1505,0.022805));
#2277=CARTESIAN_POINT('',(-0.0068049999999998,0.151,0.022805));
#2278=CARTESIAN_POINT('',(-0.00680499999999976,0.16275,0.022805));
#2279=CARTESIAN_POINT('',(0.00319500000000021,0.151,0.022805));
#2280=CARTESIAN_POINT('',(0.00319500000000024,0.16275,0.022805));
#2281=CARTESIAN_POINT('',(-0.0113049999999998,0.151,0.0228049999999999));
#2282=CARTESIAN_POINT('Origin',(-0.0158049999999998,0.151,0.0188049999999999));
#2283=CARTESIAN_POINT('',(-0.00680499999999979,0.151,0.021305));
#2284=CARTESIAN_POINT('',(-0.00680499999999979,0.151,0.021805));
#2285=CARTESIAN_POINT('',(0.00319500000000021,0.151,0.021305));
#2286=CARTESIAN_POINT('',(0.00319500000000022,0.151,0.018555));
#2287=CARTESIAN_POINT('',(-0.0113049999999998,0.151,0.0213049999999999));
#2288=CARTESIAN_POINT('Origin',(-0.0158049999999998,0.1475,0.0158049999999999));
#2289=CARTESIAN_POINT('',(-0.00680499999999974,0.16,0.015805));
#2290=CARTESIAN_POINT('',(-0.00680499999999982,0.135,0.015805));
#2291=CARTESIAN_POINT('',(-0.0158049999999997,0.16,0.0158049999999999));
#2292=CARTESIAN_POINT('',(-0.0158049999999998,0.15,0.0158049999999999));
#2293=CARTESIAN_POINT('',(-0.0158049999999997,0.16,0.0158049999999999));
#2294=CARTESIAN_POINT('',(-0.0138049999999998,0.156,0.0158049999999999));
#2295=CARTESIAN_POINT('',(-0.0138049999999997,0.159,0.0158049999999999));
#2296=CARTESIAN_POINT('',(-0.0138049999999998,0.1525,0.0158049999999999));
#2297=CARTESIAN_POINT('',(-0.0148049999999997,0.159,0.0158049999999999));
#2298=CARTESIAN_POINT('',(-0.0150549999999997,0.159,0.0158049999999999));
#2299=CARTESIAN_POINT('',(-0.0148049999999998,0.156,0.0158049999999999));
#2300=CARTESIAN_POINT('',(-0.0148049999999998,0.1525,0.0158049999999999));
#2301=CARTESIAN_POINT('',(-0.0150549999999998,0.156,0.0158049999999999));
#2302=CARTESIAN_POINT('',(-0.0138049999999998,0.154,0.0158049999999999));
#2303=CARTESIAN_POINT('',(-0.0138049999999998,0.15,0.0158049999999999));
#2304=CARTESIAN_POINT('',(-0.0148049999999998,0.154,0.0158049999999999));
#2305=CARTESIAN_POINT('',(-0.0150549999999998,0.154,0.0158049999999999));
#2306=CARTESIAN_POINT('',(-0.0148049999999997,0.1575,0.0158049999999999));
#2307=CARTESIAN_POINT('Origin',(-0.00680499999999982,0.1475,0.028055));
#2308=CARTESIAN_POINT('',(-0.00760499999999979,0.1595,0.028055));
#2309=CARTESIAN_POINT('',(-0.00760499999999974,0.1745,0.028055));
#2310=CARTESIAN_POINT('',(-0.00680499999999978,0.1595,0.028055));
#2311=CARTESIAN_POINT('',(-0.00680499999999976,0.16875,0.028055));
#2312=CARTESIAN_POINT('',(-0.00680499999999978,0.1595,0.028055));
#2313=CARTESIAN_POINT('Origin',(-0.00680499999999974,0.16,0.015805));
#2314=CARTESIAN_POINT('',(-0.0068049999999998,0.16,0.030805));
#2315=CARTESIAN_POINT('',(-0.00680499999999977,0.17,0.030805));
#2316=CARTESIAN_POINT('',(-0.00680499999999978,0.154,0.021305));
#2317=CARTESIAN_POINT('',(-0.00680499999999975,0.16375,0.021305));
#2318=CARTESIAN_POINT('',(-0.00680499999999979,0.154,0.022805));
#2319=CARTESIAN_POINT('',(-0.00680499999999978,0.154,0.020805));
#2320=CARTESIAN_POINT('',(-0.00680499999999978,0.155,0.022805));
#2321=CARTESIAN_POINT('',(-0.00680499999999978,0.1575,0.022805));
#2322=CARTESIAN_POINT('',(-0.0068049999999998,0.155,0.026805));
#2323=CARTESIAN_POINT('',(-0.00680499999999977,0.155,0.019805));
#2324=CARTESIAN_POINT('',(-0.00680499999999979,0.1565,0.026805));
#2325=CARTESIAN_POINT('',(-0.00680499999999979,0.15825,0.026805));
#2326=CARTESIAN_POINT('',(-0.00680499999999977,0.1565,0.021305));
#2327=CARTESIAN_POINT('',(-0.00680499999999977,0.1565,0.019805));
#2328=CARTESIAN_POINT('',(-0.00680499999999977,0.159,0.021305));
#2329=CARTESIAN_POINT('',(-0.00680499999999977,0.15875,0.021305));
#2330=CARTESIAN_POINT('',(-0.00680499999999977,0.159,0.022805));
#2331=CARTESIAN_POINT('',(-0.00680499999999977,0.159,0.020805));
#2332=CARTESIAN_POINT('',(-0.00680499999999977,0.16,0.022805));
#2333=CARTESIAN_POINT('',(-0.00680499999999977,0.15975,0.022805));
#2334=CARTESIAN_POINT('',(-0.00680499999999974,0.16,0.015805));
#2335=CARTESIAN_POINT('',(-0.00680499999999979,0.1595,0.030055));
#2336=CARTESIAN_POINT('',(-0.00680499999999978,0.16375,0.030055));
#2337=CARTESIAN_POINT('',(-0.00680499999999977,0.1595,0.02243));
#2338=CARTESIAN_POINT('Origin',(-0.0138049999999997,0.1575,0.0158049999999999));
#2339=CARTESIAN_POINT('',(-0.0138049999999997,0.159,0.0163049999999999));
#2340=CARTESIAN_POINT('',(-0.0138049999999998,0.156,0.0163049999999999));
#2341=CARTESIAN_POINT('',(-0.0138049999999997,0.159,0.0163049999999999));
#2342=CARTESIAN_POINT('',(-0.0138049999999997,0.159,0.0158049999999999));
#2343=CARTESIAN_POINT('',(-0.0138049999999998,0.156,0.0158049999999999));
#2344=CARTESIAN_POINT('Origin',(-0.0143049999999998,0.156,0.0158049999999999));
#2345=CARTESIAN_POINT('',(-0.0148049999999998,0.156,0.0163049999999999));
#2346=CARTESIAN_POINT('',(-0.0138049999999998,0.156,0.0163049999999999));
#2347=CARTESIAN_POINT('',(-0.0148049999999998,0.156,0.0158049999999999));
#2348=CARTESIAN_POINT('Origin',(-0.0148049999999997,0.1575,0.0158049999999999));
#2349=CARTESIAN_POINT('',(-0.0148049999999997,0.159,0.0163049999999999));
#2350=CARTESIAN_POINT('',(-0.0148049999999998,0.156,0.0163049999999999));
#2351=CARTESIAN_POINT('',(-0.0148049999999997,0.159,0.0158049999999999));
#2352=CARTESIAN_POINT('Origin',(-0.0143049999999997,0.159,0.0158049999999999));
#2353=CARTESIAN_POINT('',(-0.0148049999999997,0.159,0.0163049999999999));
#2354=CARTESIAN_POINT('Origin',(-0.0103049999999998,0.1375,0.0163049999999999));
#2355=CARTESIAN_POINT('Origin',(-0.0148049999999998,0.1525,0.0158049999999999));
#2356=CARTESIAN_POINT('',(-0.0148049999999998,0.154,0.0163049999999999));
#2357=CARTESIAN_POINT('',(-0.0148049999999998,0.151,0.0163049999999999));
#2358=CARTESIAN_POINT('',(-0.0148049999999998,0.154,0.0158049999999999));
#2359=CARTESIAN_POINT('Origin',(-0.0143049999999998,0.154,0.0158049999999999));
#2360=CARTESIAN_POINT('',(-0.0138049999999998,0.154,0.0163049999999999));
#2361=CARTESIAN_POINT('',(-0.0148049999999998,0.154,0.0163049999999999));
#2362=CARTESIAN_POINT('',(-0.0138049999999998,0.154,0.0158049999999999));
#2363=CARTESIAN_POINT('Origin',(-0.0103049999999998,0.1375,0.0163049999999999));
#2364=CARTESIAN_POINT('',(-0.0138049999999998,0.154,0.0163049999999999));
#2365=CARTESIAN_POINT('Origin',(-0.00680499999999979,0.1595,0.029055));
#2366=CARTESIAN_POINT('',(-0.00760499999999979,0.1595,0.030055));
#2367=CARTESIAN_POINT('',(-0.00760499999999979,0.1595,0.030055));
#2368=CARTESIAN_POINT('',(-0.00680499999999979,0.1595,0.030055));
#2369=CARTESIAN_POINT('Origin',(-0.00760499999999982,0.1475,0.026055));
#2370=CARTESIAN_POINT('',(-0.00760499999999983,0.1455,0.030055));
#2371=CARTESIAN_POINT('Origin',(-0.00680499999999977,0.1575,0.021305));
#2372=CARTESIAN_POINT('',(-0.00580499999999977,0.1565,0.021305));
#2373=CARTESIAN_POINT('',(-0.00630499999999978,0.1565,0.021305));
#2374=CARTESIAN_POINT('',(-0.00580499999999978,0.156,0.021305));
#2375=CARTESIAN_POINT('',(-0.00580499999999977,0.1565,0.021305));
#2376=CARTESIAN_POINT('',(0.00319500000000023,0.156,0.021305));
#2377=CARTESIAN_POINT('',(-0.0113049999999998,0.156,0.0213049999999999));
#2378=CARTESIAN_POINT('',(0.00319500000000024,0.159,0.021305));
#2379=CARTESIAN_POINT('',(0.00319500000000024,0.15875,0.021305));
#2380=CARTESIAN_POINT('',(-0.00680499999999977,0.159,0.021305));
#2381=CARTESIAN_POINT('Origin',(-0.00630499999999978,0.155,0.023805));
#2382=CARTESIAN_POINT('',(-0.00580499999999978,0.155,0.022805));
#2383=CARTESIAN_POINT('',(-0.00655499999999978,0.155,0.022805));
#2384=CARTESIAN_POINT('',(-0.00580499999999979,0.155,0.024305));
#2385=CARTESIAN_POINT('',(-0.00580499999999978,0.155,0.022305));
#2386=CARTESIAN_POINT('',(-0.00280499999999979,0.155,0.024305));
#2387=CARTESIAN_POINT('',(-0.00580499999999979,0.155,0.024305));
#2388=CARTESIAN_POINT('',(-0.00251632486540498,0.155,0.023805));
#2389=CARTESIAN_POINT('',(-0.00280499999999979,0.155,0.024305));
#2390=CARTESIAN_POINT('',(-0.00130499999999979,0.155,0.0245043587371178));
#2391=CARTESIAN_POINT('',(-0.00251632486540498,0.155,0.023805));
#2392=CARTESIAN_POINT('',(-0.00205592558324398,0.155,0.025805));
#2393=CARTESIAN_POINT('',(-0.00130499999999979,0.155,0.0245043587371178));
#2394=CARTESIAN_POINT('',(-0.0058049999999998,0.155,0.026805));
#2395=CARTESIAN_POINT('',(-0.00205592558324398,0.155,0.025805));
#2396=CARTESIAN_POINT('',(-0.0058049999999998,0.155,0.026805));
#2397=CARTESIAN_POINT('Origin',(-0.00630499999999979,0.1565,0.026805));
#2398=CARTESIAN_POINT('',(-0.00580499999999979,0.1565,0.026805));
#2399=CARTESIAN_POINT('',(-0.00580499999999979,0.1565,0.026805));
#2400=CARTESIAN_POINT('',(-0.00580499999999979,0.1565,0.026805));
#2401=CARTESIAN_POINT('Origin',(-0.00393046279162189,0.1565,0.026305));
#2402=CARTESIAN_POINT('',(-0.00205592558324398,0.1565,0.025805));
#2403=CARTESIAN_POINT('',(-0.00205592558324398,0.1565,0.025805));
#2404=CARTESIAN_POINT('',(-0.00205592558324398,0.1565,0.025805));
#2405=CARTESIAN_POINT('Origin',(-0.00168046279162188,0.1565,0.0251546793685589));
#2406=CARTESIAN_POINT('',(-0.00130499999999978,0.1565,0.0245043587371178));
#2407=CARTESIAN_POINT('',(-0.00130499999999978,0.1565,0.0245043587371178));
#2408=CARTESIAN_POINT('',(-0.00130499999999978,0.1565,0.0245043587371178));
#2409=CARTESIAN_POINT('Origin',(-0.00191066243270238,0.1565,0.0241546793685589));
#2410=CARTESIAN_POINT('',(-0.00251632486540497,0.1565,0.023805));
#2411=CARTESIAN_POINT('',(-0.00251632486540497,0.1565,0.023805));
#2412=CARTESIAN_POINT('',(-0.00251632486540497,0.1565,0.023805));
#2413=CARTESIAN_POINT('Origin',(-0.00266066243270238,0.1565,0.024055));
#2414=CARTESIAN_POINT('',(-0.00280499999999979,0.1565,0.024305));
#2415=CARTESIAN_POINT('',(-0.00280499999999979,0.1565,0.024305));
#2416=CARTESIAN_POINT('',(-0.00280499999999979,0.1565,0.024305));
#2417=CARTESIAN_POINT('Origin',(-0.00430499999999978,0.1565,0.024305));
#2418=CARTESIAN_POINT('',(-0.00580499999999978,0.1565,0.024305));
#2419=CARTESIAN_POINT('',(-0.00580499999999978,0.1565,0.024305));
#2420=CARTESIAN_POINT('',(-0.00580499999999978,0.1565,0.024305));
#2421=CARTESIAN_POINT('Origin',(-0.00580499999999978,0.1565,0.023305));
#2422=CARTESIAN_POINT('',(-0.00580499999999978,0.156,0.022805));
#2423=CARTESIAN_POINT('',(-0.00580499999999977,0.156,0.021055));
#2424=CARTESIAN_POINT('',(-0.00580499999999978,0.1565,0.022305));
#2425=CARTESIAN_POINT('',(-0.00580499999999978,0.15575,0.022805));
#2426=CARTESIAN_POINT('Origin',(-0.00630499999999978,0.1565,0.023805));
#2427=CARTESIAN_POINT('Origin',(-0.0158049999999998,0.156,0.0188049999999999));
#2428=CARTESIAN_POINT('',(0.00319500000000022,0.156,0.022805));
#2429=CARTESIAN_POINT('',(-0.00655499999999978,0.156,0.022805));
#2430=CARTESIAN_POINT('',(0.00319500000000024,0.156,0.018555));
#2431=CARTESIAN_POINT('Origin',(-0.00680499999999978,0.155,0.022805));
#2432=CARTESIAN_POINT('',(0.00319500000000021,0.154,0.022805));
#2433=CARTESIAN_POINT('',(-0.00680499999999979,0.154,0.022805));
#2434=CARTESIAN_POINT('',(0.00319500000000022,0.1575,0.022805));
#2435=CARTESIAN_POINT('Origin',(-0.00680499999999981,0.1475,0.023305));
#2436=CARTESIAN_POINT('',(-0.00680499999999975,0.159,0.016805));
#2437=CARTESIAN_POINT('',(-0.00680499999999977,0.159,0.020805));
#2438=CARTESIAN_POINT('',(-0.00680499999999977,0.159,0.022305));
#2439=CARTESIAN_POINT('',(-0.00680499999999976,0.156,0.016805));
#2440=CARTESIAN_POINT('',(-0.00680499999999977,0.1525,0.016805));
#2441=CARTESIAN_POINT('',(-0.00680499999999977,0.156,0.020805));
#2442=CARTESIAN_POINT('',(-0.00680499999999977,0.156,0.021055));
#2443=CARTESIAN_POINT('',(-0.00680499999999977,0.156,0.020805));
#2444=CARTESIAN_POINT('Origin',(-0.0158049999999998,0.1575,0.0208049999999999));
#2445=CARTESIAN_POINT('',(-0.0158049999999998,0.159,0.0208049999999999));
#2446=CARTESIAN_POINT('',(-0.0158049999999998,0.156,0.0208049999999999));
#2447=CARTESIAN_POINT('Origin',(-0.00680499999999978,0.154,0.021305));
#2448=CARTESIAN_POINT('',(-0.00680499999999977,0.154,0.016805));
#2449=CARTESIAN_POINT('',(-0.00680499999999978,0.154,0.020805));
#2450=CARTESIAN_POINT('',(-0.00680499999999978,0.154,0.022305));
#2451=CARTESIAN_POINT('',(-0.0158049999999998,0.154,0.0208049999999999));
#2452=CARTESIAN_POINT('',(-0.0158049999999998,0.154,0.0208049999999999));
#2453=CARTESIAN_POINT('',(-0.0158049999999998,0.154,0.0208049999999999));
#2454=CARTESIAN_POINT('',(-0.0158049999999998,0.154,0.0168049999999999));
#2455=CARTESIAN_POINT('',(-0.0158049999999998,0.154,0.0208049999999999));
#2456=CARTESIAN_POINT('',(-0.0158049999999998,0.154,0.0168049999999999));
#2457=CARTESIAN_POINT('Origin',(-0.0158049999999998,0.1525,0.0168049999999999));
#2458=CARTESIAN_POINT('',(-0.0158049999999998,0.154,0.0168049999999999));
#2459=CARTESIAN_POINT('',(-0.00680499999999976,0.1575,0.016805));
#2460=CARTESIAN_POINT('Origin',(-0.0158049999999998,0.1525,0.0208049999999999));
#2461=CARTESIAN_POINT('',(-0.0158049999999998,0.151,0.0208049999999999));
#2462=CARTESIAN_POINT('Origin',(-0.00680499999999977,0.159,0.021305));
#2463=CARTESIAN_POINT('',(-0.0158049999999998,0.159,0.0208049999999999));
#2464=CARTESIAN_POINT('',(-0.0158049999999998,0.159,0.0208049999999999));
#2465=CARTESIAN_POINT('',(-0.0158049999999997,0.159,0.0168049999999999));
#2466=CARTESIAN_POINT('',(-0.0158049999999998,0.159,0.0208049999999999));
#2467=CARTESIAN_POINT('',(-0.0158049999999997,0.159,0.0168049999999999));
#2468=CARTESIAN_POINT('Origin',(-0.0158049999999998,0.1575,0.0168049999999999));
#2469=CARTESIAN_POINT('',(-0.0158049999999998,0.156,0.0168049999999999));
#2470=CARTESIAN_POINT('',(-0.0158049999999997,0.159,0.0168049999999999));
#2471=CARTESIAN_POINT('',(-0.0158049999999998,0.156,0.0168049999999999));
#2472=CARTESIAN_POINT('Origin',(-0.0158049999999998,0.156,0.0188049999999999));
#2473=CARTESIAN_POINT('',(-0.0158049999999998,0.156,0.0208049999999999));
#2474=CARTESIAN_POINT('',(-0.0158049999999998,0.156,0.0168049999999999));
#2475=CARTESIAN_POINT('',(-0.0158049999999998,0.156,0.0208049999999999));
#2476=CARTESIAN_POINT('Origin',(-0.0158049999999998,0.1575,0.0208049999999999));
#2477=CARTESIAN_POINT('',(-0.0158049999999998,0.156,0.0208049999999999));
#2478=CARTESIAN_POINT('Origin',(-0.00580499999999974,0.16,0.015805));
#2479=CARTESIAN_POINT('',(-0.00580499999999976,0.15375,0.016305));
#2480=CARTESIAN_POINT('Origin',(-0.00580499999999974,0.16,0.015805));
#2481=CARTESIAN_POINT('',(-0.00580499999999975,0.16,0.016305));
#2482=CARTESIAN_POINT('',(-0.00580499999999976,0.15375,0.016305));
#2483=CARTESIAN_POINT('',(-0.00580499999999975,0.16,0.019555));
#2484=CARTESIAN_POINT('Origin',(-0.00680499999999977,0.159,0.021305));
#2485=CARTESIAN_POINT('',(0.00319500000000023,0.159,0.022805));
#2486=CARTESIAN_POINT('',(0.00319500000000025,0.159,0.017305));
#2487=CARTESIAN_POINT('',(-0.00680499999999977,0.159,0.022805));
#2488=CARTESIAN_POINT('Origin',(-0.00680499999999977,0.1595,0.022805));
#2489=CARTESIAN_POINT('',(0.00319500000000023,0.16,0.022805));
#2490=CARTESIAN_POINT('',(0.00319500000000023,0.15975,0.022805));
#2491=CARTESIAN_POINT('',(-0.0113049999999998,0.16,0.0228049999999999));
#2492=CARTESIAN_POINT('Origin',(-0.0158049999999998,0.16,0.0233049999999999));
#2493=CARTESIAN_POINT('',(0.00319500000000025,0.16,0.019555));
#2494=CARTESIAN_POINT('',(-0.00680499999999975,0.16,0.016305));
#2495=CARTESIAN_POINT('',(-0.0113049999999997,0.16,0.0163049999999999));
#2496=CARTESIAN_POINT('',(-0.00680499999999974,0.16,0.015805));
#2497=CARTESIAN_POINT('',(-0.0158049999999998,0.16,0.0308049999999999));
#2498=CARTESIAN_POINT('',(-0.0158049999999997,0.16,0.0158049999999999));
#2499=CARTESIAN_POINT('',(-0.0158049999999998,0.16,0.0308049999999999));
#2500=CARTESIAN_POINT('Origin',(-0.00680499999999978,0.154,0.021305));
#2501=CARTESIAN_POINT('',(0.00319500000000022,0.154,0.021305));
#2502=CARTESIAN_POINT('',(0.00319500000000024,0.154,0.017305));
#2503=CARTESIAN_POINT('',(-0.00680499999999978,0.154,0.021305));
#2504=CARTESIAN_POINT('Origin',(-0.00680499999999983,0.1475,0.030055));
#2505=CARTESIAN_POINT('Origin',(-0.0138049999999998,0.1525,0.0158049999999999));
#2506=CARTESIAN_POINT('Origin',(-0.00680499999999974,0.16,0.015805));
#2507=CARTESIAN_POINT('',(-0.00680499999999982,0.135,0.016305));
#2508=CARTESIAN_POINT('Origin',(-0.0158049999999997,0.16,0.0158049999999999));
#2509=CARTESIAN_POINT('',(-0.0158049999999998,0.16,0.0308049999999999));
#2510=CARTESIAN_POINT('Origin',(-0.00680499999999978,0.1475,0.016305));
#2511=CARTESIAN_POINT('Origin',(-0.00680499999999981,0.1475,0.023305));
#2512=CARTESIAN_POINT('',(-0.00680499999999979,0.151,0.020805));
#2513=CARTESIAN_POINT('Origin',(0.00319500000000026,0.16,0.015805));
#2514=CARTESIAN_POINT('',(0.00319500000000023,0.15625,0.021305));
#2515=CARTESIAN_POINT('Origin',(-0.0158049999999998,0.1525,0.0208049999999999));
#2516=CARTESIAN_POINT('Origin',(-0.0158049999999998,0.1475,0.0308049999999999));
#2517=CARTESIAN_POINT('Origin',(-0.00680499999999978,0.1525,0.021305));
#2518=CARTESIAN_POINT('',(0.,0.,0.));
#2519=CARTESIAN_POINT('Origin',(-0.00930499999999979,0.1575,0.0278049999999999));
#2520=CARTESIAN_POINT('',(-0.0106585533905931,0.156853553390593,0.0288049999999999));
#2521=CARTESIAN_POINT('',(-0.0103656601717796,0.15856066017178,0.028805));
#2522=CARTESIAN_POINT('Origin',(-0.0093049999999998,0.1575,0.0288049999999999));
#2523=CARTESIAN_POINT('',(-0.0103656601717796,0.15856066017178,0.0268049999999999));
#2524=CARTESIAN_POINT('',(-0.0103656601717796,0.15856066017178,0.0278049999999999));
#2525=CARTESIAN_POINT('Origin',(-0.00930499999999979,0.1575,0.0268049999999999));
#2526=CARTESIAN_POINT('',(-0.00865855339059307,0.158853553390593,0.028805));
#2527=CARTESIAN_POINT('Origin',(-0.0093049999999998,0.1575,0.0288049999999999));
#2528=CARTESIAN_POINT('',(-0.00865855339059306,0.158853553390593,0.027805));
#2529=CARTESIAN_POINT('',(-0.00865855339059306,0.158853553390593,0.027805));
#2530=CARTESIAN_POINT('',(-0.00795144660940652,0.158146446609407,0.027805));
#2531=CARTESIAN_POINT('Origin',(-0.00930499999999979,0.1575,0.0278049999999999));
#2532=CARTESIAN_POINT('',(-0.00795144660940652,0.158146446609407,0.028805));
#2533=CARTESIAN_POINT('',(-0.00795144660940652,0.158146446609407,0.027805));
#2534=CARTESIAN_POINT('',(-0.00995144660940652,0.156146446609407,0.0288049999999999));
#2535=CARTESIAN_POINT('Origin',(-0.0093049999999998,0.1575,0.0288049999999999));
#2536=CARTESIAN_POINT('',(-0.00995144660940652,0.156146446609407,0.0278049999999999));
#2537=CARTESIAN_POINT('',(-0.00995144660940652,0.156146446609407,0.0278049999999999));
#2538=CARTESIAN_POINT('',(-0.0106585533905931,0.156853553390593,0.0278049999999999));
#2539=CARTESIAN_POINT('Origin',(-0.00930499999999979,0.1575,0.0278049999999999));
#2540=CARTESIAN_POINT('',(-0.0106585533905931,0.156853553390593,0.0278049999999999));
#2541=CARTESIAN_POINT('Origin',(-0.00930499999999979,0.1575,0.0268049999999999));
#2542=CARTESIAN_POINT('',(-0.00859789321881322,0.156792893218813,0.0188049999999999));
#2543=CARTESIAN_POINT('Origin',(-0.00930499999999976,0.1575,0.0188049999999999));
#2544=CARTESIAN_POINT('',(-0.00859789321881324,0.156792893218813,0.0268049999999999));
#2545=CARTESIAN_POINT('',(-0.00859789321881324,0.156792893218813,0.0268049999999999));
#2546=CARTESIAN_POINT('Origin',(-0.00930499999999979,0.1575,0.0268049999999999));
#2547=CARTESIAN_POINT('Origin',(-0.00364814575050744,0.149014718625761,
0.026805));
#2548=CARTESIAN_POINT('Origin',(-0.00895144660940652,0.157146446609407,
0.027805));
#2549=CARTESIAN_POINT('',(-0.00895144660940652,0.157146446609407,0.027805));
#2550=CARTESIAN_POINT('',(-0.00895144660940652,0.157146446609407,0.028805));
#2551=CARTESIAN_POINT('Origin',(-0.00364814575050744,0.149014718625761,
0.028805));
#2552=CARTESIAN_POINT('Origin',(-0.00364814575050744,0.149014718625761,
0.027805));
#2553=CARTESIAN_POINT('',(-0.0103656601717796,0.157146446609407,0.0278049999999999));
#2554=CARTESIAN_POINT('Origin',(-0.00965855339059307,0.157853553390593,
0.0278049999999999));
#2555=CARTESIAN_POINT('',(-0.00965855339059307,0.157853553390593,0.0288049999999999));
#2556=CARTESIAN_POINT('Origin',(-0.00364814575050744,0.149014718625761,
0.028805));
#2557=CARTESIAN_POINT('Origin',(-0.00364814575050741,0.149014718625761,
0.018805));
#2558=CARTESIAN_POINT('Origin',(-0.00930499999999981,0.1525,0.0278049999999999));
#2559=CARTESIAN_POINT('',(-0.0106585533905931,0.151853553390593,0.0288049999999999));
#2560=CARTESIAN_POINT('',(-0.0103656601717796,0.15356066017178,0.028805));
#2561=CARTESIAN_POINT('Origin',(-0.00930499999999981,0.1525,0.0288049999999999));
#2562=CARTESIAN_POINT('',(-0.0103656601717796,0.15356066017178,0.0268049999999999));
#2563=CARTESIAN_POINT('',(-0.0103656601717796,0.15356066017178,0.0278049999999999));
#2564=CARTESIAN_POINT('Origin',(-0.0093049999999998,0.1525,0.0268049999999999));
#2565=CARTESIAN_POINT('',(-0.00865855339059308,0.153853553390593,0.028805));
#2566=CARTESIAN_POINT('Origin',(-0.00930499999999981,0.1525,0.0288049999999999));
#2567=CARTESIAN_POINT('',(-0.00865855339059307,0.153853553390593,0.027805));
#2568=CARTESIAN_POINT('',(-0.00865855339059307,0.153853553390593,0.027805));
#2569=CARTESIAN_POINT('',(-0.00795144660940653,0.153146446609407,0.027805));
#2570=CARTESIAN_POINT('Origin',(-0.00930499999999981,0.1525,0.0278049999999999));
#2571=CARTESIAN_POINT('',(-0.00795144660940654,0.153146446609407,0.028805));
#2572=CARTESIAN_POINT('',(-0.00795144660940653,0.153146446609407,0.027805));
#2573=CARTESIAN_POINT('',(-0.00995144660940654,0.151146446609407,0.0288049999999999));
#2574=CARTESIAN_POINT('Origin',(-0.00930499999999981,0.1525,0.0288049999999999));
#2575=CARTESIAN_POINT('',(-0.00995144660940654,0.151146446609407,0.0278049999999999));
#2576=CARTESIAN_POINT('',(-0.00995144660940654,0.151146446609407,0.0278049999999999));
#2577=CARTESIAN_POINT('',(-0.0106585533905931,0.151853553390593,0.0278049999999999));
#2578=CARTESIAN_POINT('Origin',(-0.00930499999999981,0.1525,0.0278049999999999));
#2579=CARTESIAN_POINT('',(-0.0106585533905931,0.151853553390593,0.0278049999999999));
#2580=CARTESIAN_POINT('Origin',(-0.0093049999999998,0.1525,0.0268049999999999));
#2581=CARTESIAN_POINT('',(-0.00859789321881323,0.151792893218813,0.0188049999999999));
#2582=CARTESIAN_POINT('Origin',(-0.00930499999999978,0.1525,0.0188049999999999));
#2583=CARTESIAN_POINT('',(-0.00859789321881325,0.151792893218813,0.0268049999999999));
#2584=CARTESIAN_POINT('',(-0.00859789321881325,0.151792893218813,0.0268049999999999));
#2585=CARTESIAN_POINT('Origin',(-0.0093049999999998,0.1525,0.0268049999999999));
#2586=CARTESIAN_POINT('Origin',(-0.00364814575050745,0.144014718625761,
0.026805));
#2587=CARTESIAN_POINT('Origin',(-0.00895144660940654,0.152146446609407,
0.027805));
#2588=CARTESIAN_POINT('',(-0.00895144660940654,0.152146446609407,0.027805));
#2589=CARTESIAN_POINT('',(-0.00895144660940654,0.152146446609407,0.028805));
#2590=CARTESIAN_POINT('Origin',(-0.00364814575050746,0.144014718625761,
0.028805));
#2591=CARTESIAN_POINT('Origin',(-0.00364814575050746,0.144014718625761,
0.027805));
#2592=CARTESIAN_POINT('',(-0.0103656601717796,0.152146446609407,0.0278049999999999));
#2593=CARTESIAN_POINT('Origin',(-0.00965855339059308,0.152853553390593,
0.0278049999999999));
#2594=CARTESIAN_POINT('',(-0.00965855339059308,0.152853553390593,0.0288049999999999));
#2595=CARTESIAN_POINT('Origin',(-0.00364814575050746,0.144014718625761,
0.028805));
#2596=CARTESIAN_POINT('Origin',(-0.00364814575050743,0.144014718625761,
0.018805));
#2597=CARTESIAN_POINT('',(0.,0.,0.));
#2598=CARTESIAN_POINT('',(0.,0.,0.));
#2599=UNCERTAINTY_MEASURE_WITH_UNIT(LENGTH_MEASURE(1.E-5),#2607,
'DISTANCE_ACCURACY_VALUE',
'Maximum model space distance between geometric entities at asserted c
onnectivities');
#2600=UNCERTAINTY_MEASURE_WITH_UNIT(LENGTH_MEASURE(1.E-5),#2607,
'DISTANCE_ACCURACY_VALUE',
'Maximum model space distance between geometric entities at asserted c
onnectivities');
#2601=UNCERTAINTY_MEASURE_WITH_UNIT(LENGTH_MEASURE(1.E-5),#2607,
'DISTANCE_ACCURACY_VALUE',
'Maximum model space distance between geometric entities at asserted c
onnectivities');
#2602=UNCERTAINTY_MEASURE_WITH_UNIT(LENGTH_MEASURE(1.E-5),#2607,
'DISTANCE_ACCURACY_VALUE',
'Maximum model space distance between geometric entities at asserted c
onnectivities');
#2603=(
GEOMETRIC_REPRESENTATION_CONTEXT(3)
GLOBAL_UNCERTAINTY_ASSIGNED_CONTEXT((#2599))
GLOBAL_UNIT_ASSIGNED_CONTEXT((#2607,#2608,#2609))
REPRESENTATION_CONTEXT('','3D')
);
#2604=(
GEOMETRIC_REPRESENTATION_CONTEXT(3)
GLOBAL_UNCERTAINTY_ASSIGNED_CONTEXT((#2600))
GLOBAL_UNIT_ASSIGNED_CONTEXT((#2607,#2608,#2609))
REPRESENTATION_CONTEXT('','3D')
);
#2605=(
GEOMETRIC_REPRESENTATION_CONTEXT(3)
GLOBAL_UNCERTAINTY_ASSIGNED_CONTEXT((#2601))
GLOBAL_UNIT_ASSIGNED_CONTEXT((#2607,#2608,#2609))
REPRESENTATION_CONTEXT('','3D')
);
#2606=(
GEOMETRIC_REPRESENTATION_CONTEXT(3)
GLOBAL_UNCERTAINTY_ASSIGNED_CONTEXT((#2602))
GLOBAL_UNIT_ASSIGNED_CONTEXT((#2607,#2608,#2609))
REPRESENTATION_CONTEXT('','3D')
);
#2607=(
LENGTH_UNIT()
NAMED_UNIT(*)
SI_UNIT($,.METRE.)
);
#2608=(
NAMED_UNIT(*)
PLANE_ANGLE_UNIT()
SI_UNIT($,.RADIAN.)
);
#2609=(
NAMED_UNIT(*)
SI_UNIT($,.STERADIAN.)
SOLID_ANGLE_UNIT()
);
#2610=SHAPE_DEFINITION_REPRESENTATION(#2613,#2618);
#2611=SHAPE_DEFINITION_REPRESENTATION(#2614,#2619);
#2612=SHAPE_DEFINITION_REPRESENTATION(#2615,#2620);
#2613=PRODUCT_DEFINITION_SHAPE('',$,#2622);
#2614=PRODUCT_DEFINITION_SHAPE('',$,#2623);
#2615=PRODUCT_DEFINITION_SHAPE('',$,#2624);
#2616=PRODUCT_DEFINITION_SHAPE($,$,#17);
#2617=PRODUCT_DEFINITION_SHAPE($,$,#18);
#2618=SHAPE_REPRESENTATION('',(#1591,#1719,#1720),#2603);
#2619=SHAPE_REPRESENTATION('',(#1592),#2604);
#2620=SHAPE_REPRESENTATION('',(#1684),#2605);
#2621=PRODUCT_DEFINITION_CONTEXT('part definition',#2632,'design');
#2622=PRODUCT_DEFINITION('M','M',#2625,#2621);
#2623=PRODUCT_DEFINITION('M Geometry','M Geometry',#2626,#2621);
#2624=PRODUCT_DEFINITION('pich','pich',#2627,#2621);
#2625=PRODUCT_DEFINITION_FORMATION('',$,#2634);
#2626=PRODUCT_DEFINITION_FORMATION('',$,#2635);
#2627=PRODUCT_DEFINITION_FORMATION('',$,#2636);
#2628=PRODUCT_RELATED_PRODUCT_CATEGORY('M','M',(#2634));
#2629=PRODUCT_RELATED_PRODUCT_CATEGORY('M Geometry','M Geometry',(#2635));
#2630=PRODUCT_RELATED_PRODUCT_CATEGORY('pich','pich',(#2636));
#2631=APPLICATION_PROTOCOL_DEFINITION('international standard',
'automotive_design',2009,#2632);
#2632=APPLICATION_CONTEXT(
'Core Data for Automotive Mechanical Design Process');
#2633=PRODUCT_CONTEXT('part definition',#2632,'mechanical');
#2634=PRODUCT('M','M','PART--DESC',(#2633));
#2635=PRODUCT('M Geometry','M Geometry','PART-M Geometry-DESC',(#2633));
#2636=PRODUCT('pich','pich','PART--DESC',(#2633));
#2637=PRESENTATION_STYLE_ASSIGNMENT((#2640));
#2638=PRESENTATION_STYLE_ASSIGNMENT((#2641));
#2639=PRESENTATION_STYLE_ASSIGNMENT((#2642));
#2640=SURFACE_STYLE_USAGE(.BOTH.,#2643);
#2641=SURFACE_STYLE_USAGE(.BOTH.,#2644);
#2642=SURFACE_STYLE_USAGE(.BOTH.,#2645);
#2643=SURFACE_SIDE_STYLE('',(#2646));
#2644=SURFACE_SIDE_STYLE('',(#2647));
#2645=SURFACE_SIDE_STYLE('',(#2648));
#2646=SURFACE_STYLE_FILL_AREA(#2649);
#2647=SURFACE_STYLE_FILL_AREA(#2650);
#2648=SURFACE_STYLE_FILL_AREA(#2651);
#2649=FILL_AREA_STYLE('Steel - Satin',(#2652));
#2650=FILL_AREA_STYLE('Opaque(143,175,143)',(#2653));
#2651=FILL_AREA_STYLE('Opaque(128,128,0)',(#2654));
#2652=FILL_AREA_STYLE_COLOUR('Steel - Satin',#2655);
#2653=FILL_AREA_STYLE_COLOUR('Opaque(143,175,143)',#2656);
#2654=FILL_AREA_STYLE_COLOUR('Opaque(128,128,0)',#2657);
#2655=COLOUR_RGB('Steel - Satin',0.627450980392157,0.627450980392157,0.627450980392157);
#2656=COLOUR_RGB('Opaque(143,175,143)',0.56078431372549,0.686274509803922,
0.56078431372549);
#2657=COLOUR_RGB('Opaque(128,128,0)',0.501960784313725,0.501960784313725,
0.);
ENDSEC;
END-ISO-10303-21;
