ISO-10303-21;
HEADER;
FILE_DESCRIPTION (( 'STEP AP203' ),
    '1' );
FILE_NAME ('CONNECTOR,JST XH,F,02 PIN.step',
    '2022-03-01T00:53:35',
    ( '' ),
    ( '' ),
    'SwSTEP 2.0',
    'SolidWorks 2020',
    '' );
FILE_SCHEMA (( 'CONFIG_CONTROL_DESIGN' ));
ENDSEC;

DATA;
#1 = ORIENTED_EDGE ( 'NONE', *, *, #741, .F. ) ;
#2 = DIRECTION ( 'NONE',  ( 1.000000000000000000, 0.000000000000000000, -1.084202172485503448E-16 ) ) ;
#3 = EDGE_CURVE ( 'NONE', #1158, #840, #86, .T. ) ;
#4 = CARTESIAN_POINT ( 'NONE',  ( -3.500000000000182077, 6.900000000000075850, 0.8000000000000550004 ) ) ;
#5 = EDGE_LOOP ( 'NONE', ( #1514, #889, #2008, #1212 ) ) ;
#6 = CARTESIAN_POINT ( 'NONE',  ( -2.950000000000176481, 2.024500000000077460, -1.799999999999926992 ) ) ;
#7 = CARTESIAN_POINT ( 'NONE',  ( 2.399999999999806288, 6.900000000000077627, -2.599999999999936584 ) ) ;
#8 = DIRECTION ( 'NONE',  ( 0.000000000000000000, 0.000000000000000000, -1.000000000000000000 ) ) ;
#9 = FACE_OUTER_BOUND ( 'NONE', #1524, .T. ) ;
#10 = CARTESIAN_POINT ( 'NONE',  ( 1.599999999999813349, 6.100000000000067146, -0.9499999999999335643 ) ) ;
#11 = PERSON_AND_ORGANIZATION_ROLE ( 'creator' ) ;
#12 = ORIENTED_EDGE ( 'NONE', *, *, #1246, .F. ) ;
#13 = EDGE_CURVE ( 'NONE', #1653, #1265, #103, .T. ) ;
#14 = CARTESIAN_POINT ( 'NONE',  ( -1.279358563532895232E-13, 4.336808689942017736E-16, -3.469446951953614189E-15 ) ) ;
#15 = DIRECTION ( 'NONE',  ( -0.8660254037844361541, -2.635639646907289194E-16, 0.5000000000000042188 ) ) ;
#16 = PLANE ( 'NONE',  #26 ) ;
#17 = DIRECTION ( 'NONE',  ( -0.000000000000000000, -1.000000000000000000, 0.000000000000000000 ) ) ;
#18 = ORIENTED_EDGE ( 'NONE', *, *, #368, .F. ) ;
#19 = FACE_OUTER_BOUND ( 'NONE', #876, .T. ) ;
#20 = DIRECTION ( 'NONE',  ( -0.000000000000000000, 1.000000000000000000, 0.000000000000000000 ) ) ;
#21 = EDGE_CURVE ( 'NONE', #362, #1724, #1987, .T. ) ;
#22 = VECTOR ( 'NONE', #1007, 1000.000000000000000 ) ;
#23 = CARTESIAN_POINT ( 'NONE',  ( -4.100000000000190603, 4.336808689942017736E-16, 1.500000000000062839 ) ) ;
#24 = VECTOR ( 'NONE', #196, 1000.000000000000000 ) ;
#25 = FACE_OUTER_BOUND ( 'NONE', #294, .T. ) ;
#26 = AXIS2_PLACEMENT_3D ( 'NONE', #654, #1263, #8 ) ;
#27 = DIRECTION ( 'NONE',  ( 0.000000000000000000, 0.000000000000000000, 1.000000000000000000 ) ) ;
#28 = CARTESIAN_POINT ( 'NONE',  ( -2.050000000000177902, 2.024500000000077460, -1.799999999999936096 ) ) ;
#29 = ORIENTED_EDGE ( 'NONE', *, *, #1020, .F. ) ;
#30 = ORIENTED_EDGE ( 'NONE', *, *, #470, .F. ) ;
#31 = PLANE ( 'NONE',  #2041 ) ;
#32 = DIRECTION ( 'NONE',  ( -0.000000000000000000, -0.000000000000000000, -1.000000000000000000 ) ) ;
#33 = EDGE_CURVE ( 'NONE', #872, #110, #1009, .T. ) ;
#34 = EDGE_CURVE ( 'NONE', #1393, #108, #2002, .T. ) ;
#35 = PLANE ( 'NONE',  #1364 ) ;
#36 = CC_DESIGN_DATE_AND_TIME_ASSIGNMENT ( #157, #2063, ( #1574 ) ) ;
#37 = DIRECTION ( 'NONE',  ( -1.000000000000000000, -0.000000000000000000, -0.000000000000000000 ) ) ;
#38 = ORIENTED_EDGE ( 'NONE', *, *, #34, .T. ) ;
#39 = CARTESIAN_POINT ( 'NONE',  ( 0.4999999999998373523, 1.000000000000085487, 2.300000000000063327 ) ) ;
#40 = DIRECTION ( 'NONE',  ( 1.343011723336883001E-15, 1.000000000000000000, 0.000000000000000000 ) ) ;
#41 = CARTESIAN_POINT ( 'NONE',  ( -2.200000000000194245, 6.900000000000075850, -2.599999999999936584 ) ) ;
#42 = CARTESIAN_POINT ( 'NONE',  ( -3.146875000000194600, 4.336808689942017736E-16, -2.550000000000002931 ) ) ;
#43 = EDGE_CURVE ( 'NONE', #213, #1546, #209, .T. ) ;
#44 = FACE_OUTER_BOUND ( 'NONE', #1545, .T. ) ;
#45 = ORIENTED_EDGE ( 'NONE', *, *, #341, .F. ) ;
#46 = CARTESIAN_POINT ( 'NONE',  ( -0.8000000000001928901, 6.100000000000076028, 2.300000000000063327 ) ) ;
#47 = DIRECTION ( 'NONE',  ( 0.000000000000000000, 0.000000000000000000, 1.000000000000000000 ) ) ;
#48 = CARTESIAN_POINT ( 'NONE',  ( -4.100000000000190603, -0.8499999999999224842, 1.500000000000062839 ) ) ;
#49 = CLOSED_SHELL ( 'NONE', ( #1475, #456, #1606, #1926, #1940, #1920, #300, #1617, #651, #1999, #965, #1368, #517, #1107, #2033, #1383, #632, #1869, #289, #1714, #61, #210, #881, #414, #191, #1794, #845, #722, #804, #334, #1093, #1058, #1696, #56, #893, #681, #1739, #937, #961, #2021, #951, #1421, #1022, #261, #1010, #959, #107, #1452, #242, #1456, #203, #536, #1207, #1419, #188, #710, #1487, #754, #1554, #628, #1593, #1054, #345, #1278, #119, #1221 ) ) ;
#50 = CARTESIAN_POINT ( 'NONE',  ( -3.000000000000068390, 3.450000000000075673, 2.300000000000063327 ) ) ;
#51 = VECTOR ( 'NONE', #1387, 1000.000000000000000 ) ;
#52 = LOCAL_TIME ( 19, 53, 35.00000000000000000, #987 ) ;
#53 = VECTOR ( 'NONE', #1035, 1000.000000000000000 ) ;
#54 = ORIENTED_EDGE ( 'NONE', *, *, #580, .F. ) ;
#55 = LINE ( 'NONE', #1980, #1835 ) ;
#56 = ADVANCED_FACE ( 'NONE', ( #1817 ), #1019, .F. ) ;
#57 = ORIENTED_EDGE ( 'NONE', *, *, #1003, .F. ) ;
#58 = VECTOR ( 'NONE', #1806, 1000.000000000000000 ) ;
#59 = EDGE_LOOP ( 'NONE', ( #1828, #621, #888, #81 ) ) ;
#60 = CARTESIAN_POINT ( 'NONE',  ( 0.4499999999998216538, 4.336808689942017736E-16, -1.799999999999934541 ) ) ;
#61 = ADVANCED_FACE ( 'NONE', ( #919 ), #1721, .F. ) ;
#62 = DIRECTION ( 'NONE',  ( -0.000000000000000000, 0.000000000000000000, 1.000000000000000000 ) ) ;
#63 = CARTESIAN_POINT ( 'NONE',  ( -0.4500000000001758704, 2.024500000000077460, -1.799999999999936096 ) ) ;
#64 = VERTEX_POINT ( 'NONE', #1731 ) ;
#65 = CARTESIAN_POINT ( 'NONE',  ( -2.500000000000179856, 6.400000000000077627, -0.1999999999999302613 ) ) ;
#66 = ORIENTED_EDGE ( 'NONE', *, *, #168, .T. ) ;
#67 = ORIENTED_EDGE ( 'NONE', *, *, #1538, .F. ) ;
#68 = DIRECTION ( 'NONE',  ( -1.000000000000000000, 0.000000000000000000, -0.000000000000000000 ) ) ;
#69 = VERTEX_POINT ( 'NONE', #462 ) ;
#70 = ORIENTED_EDGE ( 'NONE', *, *, #580, .T. ) ;
#71 = EDGE_LOOP ( 'NONE', ( #447, #324, #437, #367, #797, #1899, #1677, #350 ) ) ;
#72 = CARTESIAN_POINT ( 'NONE',  ( -3.500000000000182077, 6.400000000000077627, -1.599999999999937028 ) ) ;
#73 = CARTESIAN_POINT ( 'NONE',  ( 0.9999999999998200328, 6.900000000000077627, -2.599999999999936584 ) ) ;
#74 = CARTESIAN_POINT ( 'NONE',  ( -2.050000000000182343, 6.900000000000075850, -2.599999999999936584 ) ) ;
#75 = EDGE_CURVE ( 'NONE', #464, #615, #2056, .T. ) ;
#76 = ORIENTED_EDGE ( 'NONE', *, *, #1538, .T. ) ;
#77 = CARTESIAN_POINT ( 'NONE',  ( 2.399999999999806288, 6.900000000000077627, -2.599999999999936584 ) ) ;
#78 = ORIENTED_EDGE ( 'NONE', *, *, #1760, .T. ) ;
#79 = ORIENTED_EDGE ( 'NONE', *, *, #178, .T. ) ;
#80 = CARTESIAN_POINT ( 'NONE',  ( -4.900000000000190425, 6.100000000000076028, -3.399999999999936851 ) ) ;
#81 = ORIENTED_EDGE ( 'NONE', *, *, #1127, .F. ) ;
#82 = ORIENTED_EDGE ( 'NONE', *, *, #1585, .F. ) ;
#83 = DIRECTION ( 'NONE',  ( 0.000000000000000000, 0.000000000000000000, 1.000000000000000000 ) ) ;
#84 = FACE_OUTER_BOUND ( 'NONE', #1380, .T. ) ;
#85 = LINE ( 'NONE', #386, #1199 ) ;
#86 = LINE ( 'NONE', #1482, #559 ) ;
#87 = EDGE_CURVE ( 'NONE', #913, #2037, #755, .T. ) ;
#88 = DIRECTION ( 'NONE',  ( -0.000000000000000000, -0.000000000000000000, -1.000000000000000000 ) ) ;
#89 = EDGE_CURVE ( 'NONE', #64, #406, #783, .T. ) ;
#90 = ORIENTED_EDGE ( 'NONE', *, *, #1433, .T. ) ;
#91 = CIRCLE ( 'NONE', #1603, 0.5000000000000001110 ) ;
#92 = ORIENTED_EDGE ( 'NONE', *, *, #1433, .F. ) ;
#93 = CARTESIAN_POINT ( 'NONE',  ( -0.8000000000001894485, 6.100000000000076028, 1.500000000000062839 ) ) ;
#94 = VECTOR ( 'NONE', #2069, 1000.000000000000000 ) ;
#95 = ORIENTED_EDGE ( 'NONE', *, *, #1818, .T. ) ;
#96 = VECTOR ( 'NONE', #2065, 1000.000000000000000 ) ;
#97 = VERTEX_POINT ( 'NONE', #1224 ) ;
#98 = ORIENTED_EDGE ( 'NONE', *, *, #1752, .T. ) ;
#99 = DIRECTION ( 'NONE',  ( 1.000000000000000000, 6.171612366455870887E-15, -0.000000000000000000 ) ) ;
#100 = FACE_OUTER_BOUND ( 'NONE', #1242, .T. ) ;
#101 = DIRECTION ( 'NONE',  ( -0.000000000000000000, 1.000000000000000000, 0.000000000000000000 ) ) ;
#102 = AXIS2_PLACEMENT_3D ( 'NONE', #776, #1420, #784 ) ;
#103 = LINE ( 'NONE', #1497, #1262 ) ;
#104 = EDGE_CURVE ( 'NONE', #1580, #550, #1091, .T. ) ;
#105 = CARTESIAN_POINT ( 'NONE',  ( 2.399999999999806288, 6.100000000000076028, -2.599999999999936584 ) ) ;
#106 = VERTEX_POINT ( 'NONE', #2026 ) ;
#107 = ADVANCED_FACE ( 'NONE', ( #1233 ), #1390, .T. ) ;
#108 = VERTEX_POINT ( 'NONE', #909 ) ;
#109 = FACE_BOUND ( 'NONE', #861, .T. ) ;
#110 = VERTEX_POINT ( 'NONE', #950 ) ;
#111 = VERTEX_POINT ( 'NONE', #150 ) ;
#112 = LINE ( 'NONE', #743, #51 ) ;
#113 = CARTESIAN_POINT ( 'NONE',  ( -2.950000000000180922, 6.400000000000077627, -2.099999999999944578 ) ) ;
#114 = CARTESIAN_POINT ( 'NONE',  ( 0.4499999999998220979, 2.024500000000077460, -1.799999999999936096 ) ) ;
#115 = CARTESIAN_POINT ( 'NONE',  ( -3.500000000000182077, 6.400000000000077627, 0.8000000000000550004 ) ) ;
#116 = ORIENTED_EDGE ( 'NONE', *, *, #708, .F. ) ;
#117 = EDGE_LOOP ( 'NONE', ( #1888, #1512 ) ) ;
#118 = DIRECTION ( 'NONE',  ( -1.000000000000000000, 0.000000000000000000, -0.000000000000000000 ) ) ;
#119 = ADVANCED_FACE ( 'NONE', ( #1070 ), #1709, .F. ) ;
#120 = ORIENTED_EDGE ( 'NONE', *, *, #1397, .F. ) ;
#121 = CARTESIAN_POINT ( 'NONE',  ( -4.100000000000128431, 4.336808689942017736E-16, -2.550000000000002931 ) ) ;
#122 = APPLICATION_PROTOCOL_DEFINITION ( 'international standard', 'config_control_design', 1994, #198 ) ;
#123 = CARTESIAN_POINT ( 'NONE',  ( -1.767249541151372227E-13, 3.450000000000075673, 2.300000000000063327 ) ) ;
#124 = CARTESIAN_POINT ( 'NONE',  ( -1.700000000000204903, 1.000000000000081046, 2.300000000000063327 ) ) ;
#125 = ORIENTED_EDGE ( 'NONE', *, *, #1399, .F. ) ;
#126 = LINE ( 'NONE', #1717, #687 ) ;
#127 = ORIENTED_EDGE ( 'NONE', *, *, #923, .F. ) ;
#128 = VECTOR ( 'NONE', #292, 1000.000000000000000 ) ;
#129 = EDGE_CURVE ( 'NONE', #1719, #1032, #1253, .T. ) ;
#130 = AXIS2_PLACEMENT_3D ( 'NONE', #1461, #1783, #336 ) ;
#131 = CARTESIAN_POINT ( 'NONE',  ( 0.4999999999998373523, 1.000000000000089262, 2.300000000000063327 ) ) ;
#132 = VECTOR ( 'NONE', #1064, 1000.000000000000000 ) ;
#133 = CC_DESIGN_APPROVAL ( #1129, ( #1574 ) ) ;
#134 = CARTESIAN_POINT ( 'NONE',  ( -2.950000000000180922, 6.900000000000075850, -2.599999999999936584 ) ) ;
#135 = VECTOR ( 'NONE', #1154, 1000.000000000000114 ) ;
#136 = VECTOR ( 'NONE', #918, 1000.000000000000000 ) ;
#137 = DIRECTION ( 'NONE',  ( 0.8660254037844361541, 2.635639646907289194E-16, 0.5000000000000042188 ) ) ;
#138 = ORIENTED_EDGE ( 'NONE', *, *, #1203, .T. ) ;
#139 = CARTESIAN_POINT ( 'NONE',  ( -4.900000000000190425, 6.100000000000076028, -2.599999999999936584 ) ) ;
#140 = ORIENTED_EDGE ( 'NONE', *, *, #1583, .F. ) ;
#141 = CARTESIAN_POINT ( 'NONE',  ( -4.100000000000127542, 4.336808689942017736E-16, 1.549999999999996714 ) ) ;
#142 = LINE ( 'NONE', #123, #964 ) ;
#143 = EDGE_CURVE ( 'NONE', #530, #1542, #2064, .T. ) ;
#144 = CARTESIAN_POINT ( 'NONE',  ( -1.279358563532895232E-13, 4.500000000000000888, -3.469446951953614189E-15 ) ) ;
#145 = EDGE_LOOP ( 'NONE', ( #2038, #1451, #206, #902 ) ) ;
#146 = CARTESIAN_POINT ( 'NONE',  ( -1.700000000000194245, 6.100000000000076028, 1.500000000000062839 ) ) ;
#147 = LINE ( 'NONE', #781, #1533 ) ;
#148 = PERSON_AND_ORGANIZATION ( #1860, #503 ) ;
#149 = ORIENTED_EDGE ( 'NONE', *, *, #664, .F. ) ;
#150 = CARTESIAN_POINT ( 'NONE',  ( 1.599999999999814237, 6.100000000000076028, 1.500000000000062839 ) ) ;
#151 = EDGE_CURVE ( 'NONE', #383, #550, #617, .T. ) ;
#152 = DIRECTION ( 'NONE',  ( -0.8660254037844362651, 0.000000000000000000, 0.5000000000000042188 ) ) ;
#153 = EDGE_CURVE ( 'NONE', #1204, #742, #1099, .T. ) ;
#154 = VERTEX_POINT ( 'NONE', #1418 ) ;
#155 = CARTESIAN_POINT ( 'NONE',  ( 0.4999999999998373523, 3.450000000000070344, 1.500000000000062839 ) ) ;
#156 = DIRECTION ( 'NONE',  ( 0.000000000000000000, -0.000000000000000000, -1.000000000000000000 ) ) ;
#157 = DATE_AND_TIME ( #1784, #52 ) ;
#158 = EDGE_LOOP ( 'NONE', ( #613, #57, #1357, #30 ) ) ;
#159 = VECTOR ( 'NONE', #1136, 1000.000000000000000 ) ;
#160 = DIRECTION ( 'NONE',  ( 0.000000000000000000, 0.000000000000000000, 1.000000000000000000 ) ) ;
#161 = VECTOR ( 'NONE', #1635, 1000.000000000000000 ) ;
#162 = AXIS2_PLACEMENT_3D ( 'NONE', #963, #1130, #1773 ) ;
#163 = CARTESIAN_POINT ( 'NONE',  ( -4.900000000000190425, 6.900000000000075850, 1.500000000000062839 ) ) ;
#164 = CARTESIAN_POINT ( 'NONE',  ( -2.500000000000127898, 4.336808689942017736E-16, -3.035766082959412415E-15 ) ) ;
#165 = AXIS2_PLACEMENT_3D ( 'NONE', #1780, #2010, #1671 ) ;
#166 = EDGE_LOOP ( 'NONE', ( #1627, #1733, #1897, #1970 ) ) ;
#167 = CARTESIAN_POINT ( 'NONE',  ( 0.4499999999998174904, 6.400000000000077627, -1.599999999999937250 ) ) ;
#168 = EDGE_CURVE ( 'NONE', #1502, #1820, #1551, .T. ) ;
#169 = VERTEX_POINT ( 'NONE', #1082 ) ;
#170 = DIRECTION ( 'NONE',  ( 0.000000000000000000, 0.000000000000000000, 1.000000000000000000 ) ) ;
#171 = CC_DESIGN_PERSON_AND_ORGANIZATION_ASSIGNMENT ( #1143, #1751, ( #1292 ) ) ;
#172 = CALENDAR_DATE ( 2022, 28, 2 ) ;
#173 = CARTESIAN_POINT ( 'NONE',  ( -2.050000000000182787, 6.400000000000077627, -2.099999999999944578 ) ) ;
#174 = DIRECTION ( 'NONE',  ( -1.000000000000000000, 0.000000000000000000, -0.000000000000000000 ) ) ;
#175 = LINE ( 'NONE', #807, #2012 ) ;
#176 = PLANE ( 'NONE',  #1163 ) ;
#177 = PLANE ( 'NONE',  #996 ) ;
#178 = EDGE_CURVE ( 'NONE', #1905, #1038, #303, .T. ) ;
#179 = CARTESIAN_POINT ( 'NONE',  ( -1.279358563532895232E-13, 4.500000000000000888, 0.4999999999999966693 ) ) ;
#180 = CARTESIAN_POINT ( 'NONE',  ( -2.950000000000176481, 4.336808689942017736E-16, -1.799999999999921441 ) ) ;
#181 = PLANE ( 'NONE',  #1745 ) ;
#182 = CARTESIAN_POINT ( 'NONE',  ( 0.4499999999998174904, 6.400000000000077627, -2.099999999999945022 ) ) ;
#183 = LINE ( 'NONE', #1013, #1665 ) ;
#184 = ORIENTED_EDGE ( 'NONE', *, *, #565, .F. ) ;
#185 = EDGE_CURVE ( 'NONE', #693, #1905, #142, .T. ) ;
#186 = DIRECTION ( 'NONE',  ( 0.000000000000000000, 0.000000000000000000, 1.000000000000000000 ) ) ;
#187 = VECTOR ( 'NONE', #235, 1000.000000000000000 ) ;
#188 = ADVANCED_FACE ( 'NONE', ( #774 ), #1912, .F. ) ;
#189 = CARTESIAN_POINT ( 'NONE',  ( 2.399999999999806288, 6.100000000000076028, -3.399999999999936851 ) ) ;
#190 = AXIS2_PLACEMENT_3D ( 'NONE', #1720, #299, #2032 ) ;
#191 = ADVANCED_FACE ( 'NONE', ( #472 ), #1778, .T. ) ;
#192 = AXIS2_PLACEMENT_3D ( 'NONE', #579, #1216, #1579 ) ;
#193 = FACE_BOUND ( 'NONE', #1109, .T. ) ;
#194 = AXIS2_PLACEMENT_3D ( 'NONE', #584, #663, #1029 ) ;
#195 = AXIS2_PLACEMENT_3D ( 'NONE', #707, #842, #219 ) ;
#196 = DIRECTION ( 'NONE',  ( 1.000000000000000000, 3.043374519257556029E-16, -0.000000000000000000 ) ) ;
#197 = ORIENTED_EDGE ( 'NONE', *, *, #941, .T. ) ;
#198 = APPLICATION_CONTEXT ( 'configuration controlled 3d designs of mechanical parts and assemblies' ) ;
#199 = ORIENTED_EDGE ( 'NONE', *, *, #912, .T. ) ;
#200 = FACE_OUTER_BOUND ( 'NONE', #1340, .T. ) ;
#201 = PLANE ( 'NONE',  #661 ) ;
#202 = LINE ( 'NONE', #834, #859 ) ;
#203 = ADVANCED_FACE ( 'NONE', ( #200 ), #1946, .F. ) ;
#204 = CARTESIAN_POINT ( 'NONE',  ( -4.100000000000128431, 4.336808689942017736E-16, -2.550000000000002931 ) ) ;
#205 = PLANE ( 'NONE',  #966 ) ;
#206 = ORIENTED_EDGE ( 'NONE', *, *, #1203, .F. ) ;
#207 = CARTESIAN_POINT ( 'NONE',  ( 0.4499999999998220979, 2.024500000000077460, -1.799999999999936096 ) ) ;
#208 = CARTESIAN_POINT ( 'NONE',  ( -1.279358563532895232E-13, -1.414213562373094701, 0.4999999999999966693 ) ) ;
#209 = LINE ( 'NONE', #1174, #187 ) ;
#210 = ADVANCED_FACE ( 'NONE', ( #1622 ), #31, .F. ) ;
#211 = CARTESIAN_POINT ( 'NONE',  ( -4.100000000000183498, 6.900000000000075850, -1.599999999999937250 ) ) ;
#212 = EDGE_CURVE ( 'NONE', #549, #1197, #1059, .T. ) ;
#213 = VERTEX_POINT ( 'NONE', #173 ) ;
#214 = LINE ( 'NONE', #1678, #1799 ) ;
#215 = ORIENTED_EDGE ( 'NONE', *, *, #1649, .T. ) ;
#216 = ORIENTED_EDGE ( 'NONE', *, *, #1988, .F. ) ;
#217 = CARTESIAN_POINT ( 'NONE',  ( 2.399999999999808509, 6.100000000000067146, -1.411880215351636547 ) ) ;
#218 = LINE ( 'NONE', #851, #473 ) ;
#219 = DIRECTION ( 'NONE',  ( 1.000000000000000000, 0.000000000000000000, -0.000000000000000000 ) ) ;
#220 = DIRECTION ( 'NONE',  ( 1.000000000000000000, -0.000000000000000000, 0.000000000000000000 ) ) ;
#221 = AXIS2_PLACEMENT_3D ( 'NONE', #1648, #387, #686 ) ;
#222 = VECTOR ( 'NONE', #468, 1000.000000000000000 ) ;
#223 = CARTESIAN_POINT ( 'NONE',  ( 0.9999999999998195888, 6.400000000000077627, 0.8000000000000550004 ) ) ;
#224 = VECTOR ( 'NONE', #1449, 1000.000000000000000 ) ;
#225 = VECTOR ( 'NONE', #489, 1000.000000000000000 ) ;
#226 = EDGE_LOOP ( 'NONE', ( #363, #569 ) ) ;
#227 = CARTESIAN_POINT ( 'NONE',  ( -4.100000000000190603, 6.100000000000076028, 1.500000000000062839 ) ) ;
#228 = EDGE_CURVE ( 'NONE', #213, #1688, #1285, .T. ) ;
#229 = VERTEX_POINT ( 'NONE', #512 ) ;
#230 = VECTOR ( 'NONE', #1816, 1000.000000000000000 ) ;
#231 = VERTEX_POINT ( 'NONE', #481 ) ;
#232 = CARTESIAN_POINT ( 'NONE',  ( -4.100000000000183498, 6.900000000000075850, -1.599999999999937028 ) ) ;
#233 = DIRECTION ( 'NONE',  ( 0.000000000000000000, 1.000000000000000000, 0.000000000000000000 ) ) ;
#234 = CARTESIAN_POINT ( 'NONE',  ( 0.4499999999998174904, 6.400000000000077627, -1.599999999999937250 ) ) ;
#235 = DIRECTION ( 'NONE',  ( 0.000000000000000000, 1.000000000000000000, 0.000000000000000000 ) ) ;
#236 = CARTESIAN_POINT ( 'NONE',  ( 2.399999999999806288, 6.900000000000077627, -3.399999999999936851 ) ) ;
#237 = ORIENTED_EDGE ( 'NONE', *, *, #1769, .F. ) ;
#238 = VERTEX_POINT ( 'NONE', #179 ) ;
#239 = DIRECTION ( 'NONE',  ( -1.978559630560135216E-31, -2.209838822900390589E-16, 1.000000000000000000 ) ) ;
#240 = ORIENTED_EDGE ( 'NONE', *, *, #13, .T. ) ;
#241 = ORIENTED_EDGE ( 'NONE', *, *, #835, .F. ) ;
#242 = ADVANCED_FACE ( 'NONE', ( #2073 ), #1465, .T. ) ;
#243 = DIRECTION ( 'NONE',  ( -1.000000000000000000, 0.000000000000000000, 0.000000000000000000 ) ) ;
#244 = CARTESIAN_POINT ( 'NONE',  ( -0.8000000000001790124, 1.000000000000083267, 1.500000000000062839 ) ) ;
#245 = CARTESIAN_POINT ( 'NONE',  ( 0.4999999999998373523, 1.000000000000089262, 2.300000000000063327 ) ) ;
#246 = EDGE_CURVE ( 'NONE', #1990, #532, #1318, .T. ) ;
#247 = ORIENTED_EDGE ( 'NONE', *, *, #1986, .T. ) ;
#248 = LINE ( 'NONE', #1732, #761 ) ;
#249 = ORIENTED_EDGE ( 'NONE', *, *, #620, .T. ) ;
#250 = ORIENTED_EDGE ( 'NONE', *, *, #1818, .F. ) ;
#251 = ORIENTED_EDGE ( 'NONE', *, *, #867, .F. ) ;
#252 = FACE_OUTER_BOUND ( 'NONE', #1113, .T. ) ;
#253 = ORIENTED_EDGE ( 'NONE', *, *, #592, .T. ) ;
#254 = EDGE_LOOP ( 'NONE', ( #120, #216 ) ) ;
#255 = ORIENTED_EDGE ( 'NONE', *, *, #1804, .T. ) ;
#256 = DIRECTION ( 'NONE',  ( 0.000000000000000000, -1.000000000000000000, 0.000000000000000000 ) ) ;
#257 = CARTESIAN_POINT ( 'NONE',  ( -2.500000000000179856, 5.400000000000076739, -0.9999999999999310552 ) ) ;
#258 = DIRECTION ( 'NONE',  ( 0.000000000000000000, -0.000000000000000000, 1.000000000000000000 ) ) ;
#259 = EDGE_CURVE ( 'NONE', #1063, #1330, #337, .T. ) ;
#260 = ORIENTED_EDGE ( 'NONE', *, *, #1837, .F. ) ;
#261 = ADVANCED_FACE ( 'NONE', ( #1144, #1786 ), #1601, .F. ) ;
#262 = DIRECTION ( 'NONE',  ( 0.000000000000000000, 1.000000000000000000, 0.000000000000000000 ) ) ;
#263 = ORIENTED_EDGE ( 'NONE', *, *, #446, .F. ) ;
#264 = AXIS2_PLACEMENT_3D ( 'NONE', #1305, #1953, #1793 ) ;
#265 = ORIENTED_EDGE ( 'NONE', *, *, #1116, .T. ) ;
#266 = CARTESIAN_POINT ( 'NONE',  ( -1.000000000000182077, 6.400000000000077627, -1.599999999999937250 ) ) ;
#267 = VECTOR ( 'NONE', #642, 1000.000000000000000 ) ;
#268 = LOCAL_TIME ( 19, 53, 35.00000000000000000, #1591 ) ;
#269 = ORIENTED_EDGE ( 'NONE', *, *, #1467, .F. ) ;
#270 = VECTOR ( 'NONE', #445, 1000.000000000000000 ) ;
#271 = VERTEX_POINT ( 'NONE', #957 ) ;
#272 = CARTESIAN_POINT ( 'NONE',  ( 2.399999999999808509, 6.100000000000067146, -0.4881197846482304703 ) ) ;
#273 = DIRECTION ( 'NONE',  ( 0.000000000000000000, 0.000000000000000000, -1.000000000000000000 ) ) ;
#274 = VECTOR ( 'NONE', #507, 1000.000000000000000 ) ;
#275 = DIRECTION ( 'NONE',  ( 2.721134864277347416E-15, -1.000000000000000000, -0.000000000000000000 ) ) ;
#276 = EDGE_CURVE ( 'NONE', #1445, #400, #659, .T. ) ;
#277 = LINE ( 'NONE', #910, #1634 ) ;
#278 = ORIENTED_EDGE ( 'NONE', *, *, #351, .F. ) ;
#279 = ORIENTED_EDGE ( 'NONE', *, *, #1071, .F. ) ;
#280 = FACE_OUTER_BOUND ( 'NONE', #1785, .T. ) ;
#281 = ORIENTED_EDGE ( 'NONE', *, *, #1749, .F. ) ;
#282 = LINE ( 'NONE', #2043, #1967 ) ;
#283 = CARTESIAN_POINT ( 'NONE',  ( -1.767249541151372227E-13, 3.450000000000075673, 2.300000000000063327 ) ) ;
#284 = PLANE ( 'NONE',  #2045 ) ;
#285 = EDGE_CURVE ( 'NONE', #629, #406, #1629, .T. ) ;
#286 = VERTEX_POINT ( 'NONE', #6 ) ;
#287 = DIRECTION ( 'NONE',  ( 0.2538981284121024640, 0.000000000000000000, -0.9672309653794337603 ) ) ;
#288 = ORIENTED_EDGE ( 'NONE', *, *, #943, .F. ) ;
#289 = ADVANCED_FACE ( 'NONE', ( #644 ), #670, .F. ) ;
#290 = DESIGN_CONTEXT ( 'detailed design', #198, 'design' ) ;
#291 = CARTESIAN_POINT ( 'NONE',  ( 1.599999999999811573, 6.100000000000076028, -2.599999999999936584 ) ) ;
#292 = DIRECTION ( 'NONE',  ( -0.000000000000000000, 0.000000000000000000, 1.000000000000000000 ) ) ;
#293 = DIRECTION ( 'NONE',  ( -0.000000000000000000, 1.000000000000000000, -0.000000000000000000 ) ) ;
#294 = EDGE_LOOP ( 'NONE', ( #740, #566, #1822, #870 ) ) ;
#295 = DIRECTION ( 'NONE',  ( 0.000000000000000000, 0.000000000000000000, -1.000000000000000000 ) ) ;
#296 = ORIENTED_EDGE ( 'NONE', *, *, #1083, .T. ) ;
#297 = AXIS2_PLACEMENT_3D ( 'NONE', #283, #429, #1571 ) ;
#298 = VECTOR ( 'NONE', #1513, 1000.000000000000000 ) ;
#299 = DIRECTION ( 'NONE',  ( 0.000000000000000000, 1.000000000000000000, 0.000000000000000000 ) ) ;
#300 = ADVANCED_FACE ( 'NONE', ( #352 ), #997, .T. ) ;
#301 = DIRECTION ( 'NONE',  ( 0.2538981284121004101, 0.000000000000000000, 0.9672309653794343154 ) ) ;
#302 = AXIS2_PLACEMENT_3D ( 'NONE', #798, #1289, #1431 ) ;
#303 = LINE ( 'NONE', #1584, #354 ) ;
#304 = AXIS2_PLACEMENT_3D ( 'NONE', #1518, #1684, #47 ) ;
#305 = VECTOR ( 'NONE', #1844, 1000.000000000000000 ) ;
#306 = DIRECTION ( 'NONE',  ( 0.000000000000000000, 0.000000000000000000, 1.000000000000000000 ) ) ;
#307 = ORIENTED_EDGE ( 'NONE', *, *, #775, .T. ) ;
#308 = PLANE ( 'NONE',  #302 ) ;
#309 = FACE_OUTER_BOUND ( 'NONE', #519, .T. ) ;
#310 = COORDINATED_UNIVERSAL_TIME_OFFSET ( 5, 0, .BEHIND. ) ;
#311 = VERTEX_POINT ( 'NONE', #1279 ) ;
#312 = EDGE_CURVE ( 'NONE', #575, #400, #1272, .T. ) ;
#313 = DIRECTION ( 'NONE',  ( -0.000000000000000000, -0.000000000000000000, -1.000000000000000000 ) ) ;
#314 = DIRECTION ( 'NONE',  ( 0.000000000000000000, 1.000000000000000000, -0.000000000000000000 ) ) ;
#315 = ORIENTED_EDGE ( 'NONE', *, *, #941, .F. ) ;
#316 = CARTESIAN_POINT ( 'NONE',  ( 0.9999999999998195888, 6.400000000000077627, 0.8000000000000550004 ) ) ;
#317 = FACE_OUTER_BOUND ( 'NONE', #254, .T. ) ;
#318 = DATE_TIME_ROLE ( 'creation_date' ) ;
#319 = VERTEX_POINT ( 'NONE', #1124 ) ;
#320 = DIRECTION ( 'NONE',  ( -0.000000000000000000, 1.000000000000000000, -0.000000000000000000 ) ) ;
#321 = CARTESIAN_POINT ( 'NONE',  ( -1.000000000000182077, 6.900000000000075850, -1.599999999999937250 ) ) ;
#322 = CYLINDRICAL_SURFACE ( 'NONE', #1077, 0.7999999999999999334 ) ;
#323 = EDGE_CURVE ( 'NONE', #97, #1053, #1766, .T. ) ;
#324 = ORIENTED_EDGE ( 'NONE', *, *, #1324, .F. ) ;
#325 = CARTESIAN_POINT ( 'NONE',  ( -4.900000000000190425, 6.100000000000076028, -2.599999999999936584 ) ) ;
#326 = PLANE ( 'NONE',  #130 ) ;
#327 = VECTOR ( 'NONE', #1741, 1000.000000000000000 ) ;
#328 = CARTESIAN_POINT ( 'NONE',  ( 2.399999999999808509, 12.10000000000006537, -0.4881197846482374092 ) ) ;
#329 = AXIS2_PLACEMENT_3D ( 'NONE', #1123, #1283, #493 ) ;
#330 = VECTOR ( 'NONE', #538, 1000.000000000000000 ) ;
#331 = CARTESIAN_POINT ( 'NONE',  ( -3.500000000000182077, 6.900000000000075850, -1.599999999999937028 ) ) ;
#332 = CARTESIAN_POINT ( 'NONE',  ( -4.100000000000183498, 6.900000000000075850, -2.099999999999945022 ) ) ;
#333 = VECTOR ( 'NONE', #998, 1000.000000000000000 ) ;
#334 = ADVANCED_FACE ( 'NONE', ( #1963 ), #1646, .F. ) ;
#335 = FACE_OUTER_BOUND ( 'NONE', #411, .T. ) ;
#336 = DIRECTION ( 'NONE',  ( 0.000000000000000000, 0.000000000000000000, 1.000000000000000000 ) ) ;
#337 = LINE ( 'NONE', #1152, #432 ) ;
#338 = CARTESIAN_POINT ( 'NONE',  ( 0.4999999999998373523, 1.000000000000089262, 2.300000000000063327 ) ) ;
#339 = LINE ( 'NONE', #1171, #1637 ) ;
#340 = CARTESIAN_POINT ( 'NONE',  ( -0.8000000000001860068, 1.000000000000081046, 2.300000000000063327 ) ) ;
#341 = EDGE_CURVE ( 'NONE', #431, #819, #1016, .T. ) ;
#342 = FACE_OUTER_BOUND ( 'NONE', #1499, .T. ) ;
#343 = EDGE_CURVE ( 'NONE', #154, #1330, #533, .T. ) ;
#344 = ORIENTED_EDGE ( 'NONE', *, *, #986, .F. ) ;
#345 = ADVANCED_FACE ( 'NONE', ( #1347 ), #1814, .F. ) ;
#346 = DIRECTION ( 'NONE',  ( 0.08662961636484654837, -0.9962405881956825082, 0.000000000000000000 ) ) ;
#347 = LINE ( 'NONE', #41, #609 ) ;
#348 = DIRECTION ( 'NONE',  ( 0.000000000000000000, -1.000000000000000000, 0.000000000000000000 ) ) ;
#349 = LINE ( 'NONE', #361, #758 ) ;
#350 = ORIENTED_EDGE ( 'NONE', *, *, #378, .F. ) ;
#351 = EDGE_CURVE ( 'NONE', #742, #391, #832, .T. ) ;
#352 = FACE_OUTER_BOUND ( 'NONE', #2051, .T. ) ;
#353 = CARTESIAN_POINT ( 'NONE',  ( -0.8000000000001790124, 1.000000000000081046, 2.300000000000063327 ) ) ;
#354 = VECTOR ( 'NONE', #1562, 1000.000000000000000 ) ;
#355 = CARTESIAN_POINT ( 'NONE',  ( -0.4500000000001805334, 6.900000000000075850, -2.099999999999945022 ) ) ;
#356 = AXIS2_PLACEMENT_3D ( 'NONE', #955, #1598, #156 ) ;
#357 = CC_DESIGN_APPROVAL ( #1621, ( #778 ) ) ;
#358 = AXIS2_PLACEMENT_3D ( 'NONE', #1407, #1544, #2052 ) ;
#359 = CARTESIAN_POINT ( 'NONE',  ( -3.000000000000068390, 3.450000000000075673, 1.500000000000062839 ) ) ;
#360 = VECTOR ( 'NONE', #1493, 1000.000000000000000 ) ;
#361 = CARTESIAN_POINT ( 'NONE',  ( -1.811806314956445482E-13, 5.400000000000076739, -0.9999999999999458211 ) ) ;
#362 = VERTEX_POINT ( 'NONE', #1857 ) ;
#363 = ORIENTED_EDGE ( 'NONE', *, *, #34, .F. ) ;
#364 = CARTESIAN_POINT ( 'NONE',  ( -2.500000000000127898, 4.500000000000000888, -0.5000000000000031086 ) ) ;
#365 = DIRECTION ( 'NONE',  ( -2.721134864277347416E-15, 1.000000000000000000, 0.000000000000000000 ) ) ;
#366 = EDGE_CURVE ( 'NONE', #1566, #962, #1995, .T. ) ;
#367 = ORIENTED_EDGE ( 'NONE', *, *, #986, .T. ) ;
#368 = EDGE_CURVE ( 'NONE', #1049, #886, #91, .T. ) ;
#369 = CARTESIAN_POINT ( 'NONE',  ( 0.6468749999998405498, 2.024500000000077460, -2.550000000000003819 ) ) ;
#370 = ORIENTED_EDGE ( 'NONE', *, *, #1519, .F. ) ;
#371 = CARTESIAN_POINT ( 'NONE',  ( -1.700000000000204903, 1.000000000000081046, 2.300000000000063327 ) ) ;
#372 = EDGE_LOOP ( 'NONE', ( #1335, #724, #1414, #241 ) ) ;
#373 = ORIENTED_EDGE ( 'NONE', *, *, #341, .T. ) ;
#374 = DIRECTION ( 'NONE',  ( 0.2538981284121024640, 0.000000000000000000, -0.9672309653794337603 ) ) ;
#375 = DIRECTION ( 'NONE',  ( 0.2538981284121024640, 0.000000000000000000, -0.9672309653794337603 ) ) ;
#376 = CARTESIAN_POINT ( 'NONE',  ( -0.4500000000001758704, 4.336808689942017736E-16, -1.799999999999929212 ) ) ;
#377 = ORIENTED_EDGE ( 'NONE', *, *, #1491, .F. ) ;
#378 = EDGE_CURVE ( 'NONE', #106, #769, #1670, .T. ) ;
#379 = DIRECTION ( 'NONE',  ( 1.000000000000000000, 3.043374519257556029E-16, -0.000000000000000000 ) ) ;
#380 = ORIENTED_EDGE ( 'NONE', *, *, #89, .T. ) ;
#381 = LINE ( 'NONE', #1485, #1429 ) ;
#382 = VERTEX_POINT ( 'NONE', #217 ) ;
#383 = VERTEX_POINT ( 'NONE', #841 ) ;
#384 = DIRECTION ( 'NONE',  ( 1.000000000000000000, 0.000000000000000000, 0.000000000000000000 ) ) ;
#385 = CARTESIAN_POINT ( 'NONE',  ( -2.950000000000180922, 6.400000000000077627, -1.599999999999937028 ) ) ;
#386 = CARTESIAN_POINT ( 'NONE',  ( -3.500000000000182077, 6.400000000000077627, -1.599999999999937028 ) ) ;
#387 = DIRECTION ( 'NONE',  ( 0.000000000000000000, 1.000000000000000000, 0.000000000000000000 ) ) ;
#388 = AXIS2_PLACEMENT_3D ( 'NONE', #1659, #220, #1111 ) ;
#389 = VECTOR ( 'NONE', #1652, 1000.000000000000000 ) ;
#390 = DIRECTION ( 'NONE',  ( 0.000000000000000000, 0.000000000000000000, -1.000000000000000000 ) ) ;
#391 = VERTEX_POINT ( 'NONE', #60 ) ;
#392 = VECTOR ( 'NONE', #1632, 1000.000000000000000 ) ;
#393 = LOCAL_TIME ( 19, 53, 35.00000000000000000, #1599 ) ;
#394 = EDGE_CURVE ( 'NONE', #2059, #629, #555, .T. ) ;
#395 = VECTOR ( 'NONE', #1172, 1000.000000000000000 ) ;
#396 = EDGE_LOOP ( 'NONE', ( #1543, #1086, #935, #1851 ) ) ;
#397 = CARTESIAN_POINT ( 'NONE',  ( -1.500000000000180744, 6.400000000000077627, -1.599999999999937028 ) ) ;
#398 = ORIENTED_EDGE ( 'NONE', *, *, #1173, .T. ) ;
#399 = AXIS2_PLACEMENT_3D ( 'NONE', #1738, #416, #1057 ) ;
#400 = VERTEX_POINT ( 'NONE', #1472 ) ;
#401 = CARTESIAN_POINT ( 'NONE',  ( -4.100000000000190603, 1.000000000000089262, 1.500000000000062839 ) ) ;
#402 = CARTESIAN_POINT ( 'NONE',  ( -2.500000000000179856, 5.400000000000076739, 0.6000000000000703659 ) ) ;
#403 = LINE ( 'NONE', #677, #973 ) ;
#404 = ORIENTED_EDGE ( 'NONE', *, *, #595, .T. ) ;
#405 = FACE_OUTER_BOUND ( 'NONE', #396, .T. ) ;
#406 = VERTEX_POINT ( 'NONE', #543 ) ;
#407 = ORIENTED_EDGE ( 'NONE', *, *, #185, .F. ) ;
#408 = DIRECTION ( 'NONE',  ( 0.000000000000000000, 1.000000000000000000, 0.000000000000000000 ) ) ;
#409 = EDGE_CURVE ( 'NONE', #1206, #629, #1492, .T. ) ;
#410 = ORIENTED_EDGE ( 'NONE', *, *, #1127, .T. ) ;
#411 = EDGE_LOOP ( 'NONE', ( #1085, #1358, #54, #149 ) ) ;
#412 = ORIENTED_EDGE ( 'NONE', *, *, #766, .F. ) ;
#413 = CARTESIAN_POINT ( 'NONE',  ( -4.100000000000190603, 4.700000000000001066, -2.599999999999936584 ) ) ;
#414 = ADVANCED_FACE ( 'NONE', ( #1824 ), #683, .T. ) ;
#415 = CARTESIAN_POINT ( 'NONE',  ( 1.599999999999871969, 4.700000000000001066, -2.550000000000003819 ) ) ;
#416 = DIRECTION ( 'NONE',  ( 1.000000000000000000, -0.000000000000000000, 0.000000000000000000 ) ) ;
#417 = CC_DESIGN_PERSON_AND_ORGANIZATION_ASSIGNMENT ( #1901, #461, ( #1062 ) ) ;
#418 = VERTEX_POINT ( 'NONE', #364 ) ;
#419 = CARTESIAN_POINT ( 'NONE',  ( -1.812786032395763414E-13, 6.400000000000077627, 0.6000000000000540457 ) ) ;
#420 = ORIENTED_EDGE ( 'NONE', *, *, #664, .T. ) ;
#421 = ORIENTED_EDGE ( 'NONE', *, *, #766, .T. ) ;
#422 = CARTESIAN_POINT ( 'NONE',  ( -4.900000000000190425, 6.100000000000076028, 1.500000000000062839 ) ) ;
#423 = ORIENTED_EDGE ( 'NONE', *, *, #285, .F. ) ;
#424 = EDGE_LOOP ( 'NONE', ( #288, #278, #640, #729 ) ) ;
#425 = DIRECTION ( 'NONE',  ( 0.000000000000000000, 1.000000000000000000, 0.000000000000000000 ) ) ;
#426 = CARTESIAN_POINT ( 'NONE',  ( -1.500000000000180744, 6.400000000000077627, -1.599999999999937028 ) ) ;
#427 = CARTESIAN_POINT ( 'NONE',  ( -4.900000000000190425, 6.100000000000076028, -2.599999999999936584 ) ) ;
#428 = EDGE_CURVE ( 'NONE', #748, #1566, #1193, .T. ) ;
#429 = DIRECTION ( 'NONE',  ( -1.561251128379081893E-14, -1.000000000000000000, 0.000000000000000000 ) ) ;
#430 = DIRECTION ( 'NONE',  ( -1.000000000000000000, -0.000000000000000000, 0.000000000000000000 ) ) ;
#431 = VERTEX_POINT ( 'NONE', #2009 ) ;
#432 = VECTOR ( 'NONE', #813, 1000.000000000000000 ) ;
#433 = ORIENTED_EDGE ( 'NONE', *, *, #178, .F. ) ;
#434 = VERTEX_POINT ( 'NONE', #39 ) ;
#435 = CARTESIAN_POINT ( 'NONE',  ( -2.950000000000180922, 6.400000000000077627, -2.099999999999944578 ) ) ;
#436 = AXIS2_PLACEMENT_3D ( 'NONE', #139, #408, #602 ) ;
#437 = ORIENTED_EDGE ( 'NONE', *, *, #75, .F. ) ;
#438 = VECTOR ( 'NONE', #430, 1000.000000000000000 ) ;
#439 = ORIENTED_EDGE ( 'NONE', *, *, #1895, .T. ) ;
#440 = CARTESIAN_POINT ( 'NONE',  ( -2.500000000000206946, 3.450000000000075673, 2.300000000000063327 ) ) ;
#441 = LINE ( 'NONE', #1223, #136 ) ;
#442 = AXIS2_PLACEMENT_3D ( 'NONE', #653, #1454, #1125 ) ;
#443 = CARTESIAN_POINT ( 'NONE',  ( -4.100000000000128431, 4.336808689942017736E-16, -2.550000000000002931 ) ) ;
#444 = EDGE_CURVE ( 'NONE', #2037, #1688, #1043, .T. ) ;
#445 = DIRECTION ( 'NONE',  ( 0.000000000000000000, 1.000000000000000000, 0.000000000000000000 ) ) ;
#446 = EDGE_CURVE ( 'NONE', #1394, #1393, #1516, .T. ) ;
#447 = ORIENTED_EDGE ( 'NONE', *, *, #1353, .F. ) ;
#448 = EDGE_CURVE ( 'NONE', #692, #1841, #695, .T. ) ;
#449 = ORIENTED_EDGE ( 'NONE', *, *, #1837, .T. ) ;
#450 = CARTESIAN_POINT ( 'NONE',  ( 1.599999999999813349, 12.10000000000006537, -0.9499999999999404476 ) ) ;
#451 = ORIENTED_EDGE ( 'NONE', *, *, #168, .F. ) ;
#452 = CARTESIAN_POINT ( 'NONE',  ( 0.9999999999998195888, 6.400000000000077627, -1.599999999999937250 ) ) ;
#453 = FACE_OUTER_BOUND ( 'NONE', #71, .T. ) ;
#454 = DIRECTION ( 'NONE',  ( 0.000000000000000000, 0.000000000000000000, 1.000000000000000000 ) ) ;
#455 = LINE ( 'NONE', #115, #660 ) ;
#456 = ADVANCED_FACE ( 'NONE', ( #1336 ), #572, .F. ) ;
#457 = ORIENTED_EDGE ( 'NONE', *, *, #1679, .T. ) ;
#458 = FACE_OUTER_BOUND ( 'NONE', #1322, .T. ) ;
#459 = VERTEX_POINT ( 'NONE', #753 ) ;
#460 = DIRECTION ( 'NONE',  ( 1.000000000000000000, 0.000000000000000000, -1.638349949533654756E-14 ) ) ;
#461 = PERSON_AND_ORGANIZATION_ROLE ( 'design_owner' ) ;
#462 = CARTESIAN_POINT ( 'NONE',  ( -2.200000000000194245, 6.900000000000077627, 1.500000000000061950 ) ) ;
#463 = LINE ( 'NONE', #1455, #360 ) ;
#464 = VERTEX_POINT ( 'NONE', #291 ) ;
#465 = CARTESIAN_POINT ( 'NONE',  ( 0.9999999999998195888, 6.400000000000077627, 0.8000000000000550004 ) ) ;
#466 = EDGE_CURVE ( 'NONE', #1014, #1868, #926, .T. ) ;
#467 = AXIS2_PLACEMENT_3D ( 'NONE', #510, #1750, #1450 ) ;
#468 = DIRECTION ( 'NONE',  ( 1.057758217059028731E-16, 0.000000000000000000, 1.000000000000000000 ) ) ;
#469 = CALENDAR_DATE ( 2022, 28, 2 ) ;
#470 = EDGE_CURVE ( 'NONE', #924, #578, #1081, .T. ) ;
#471 = VECTOR ( 'NONE', #1404, 1000.000000000000000 ) ;
#472 = FACE_OUTER_BOUND ( 'NONE', #1479, .T. ) ;
#473 = VECTOR ( 'NONE', #62, 1000.000000000000000 ) ;
#474 = CARTESIAN_POINT ( 'NONE',  ( -1.812786032395763414E-13, 5.400000000000076739, -0.1999999999999458877 ) ) ;
#475 = ORIENTED_EDGE ( 'NONE', *, *, #1184, .T. ) ;
#476 = CARTESIAN_POINT ( 'NONE',  ( -4.100000000000187050, 6.100000000000076028, -2.599999999999936584 ) ) ;
#477 = EDGE_CURVE ( 'NONE', #1032, #434, #1106, .T. ) ;
#478 = CARTESIAN_POINT ( 'NONE',  ( -4.100000000000190603, 6.900000000000075850, 1.500000000000062839 ) ) ;
#479 = PERSON_AND_ORGANIZATION ( #1860, #503 ) ;
#480 = EDGE_CURVE ( 'NONE', #1854, #391, #1251, .T. ) ;
#481 = CARTESIAN_POINT ( 'NONE',  ( -0.6468750000001941558, 4.336808689942017736E-16, -2.550000000000003375 ) ) ;
#482 = APPROVAL ( #1612, 'UNSPECIFIED' ) ;
#483 = DIRECTION ( 'NONE',  ( 0.000000000000000000, 0.000000000000000000, 1.000000000000000000 ) ) ;
#484 = ORIENTED_EDGE ( 'NONE', *, *, #1353, .T. ) ;
#485 = LINE ( 'NONE', #1588, #1495 ) ;
#486 = DIRECTION ( 'NONE',  ( -1.000000000000000000, -0.000000000000000000, 0.000000000000000000 ) ) ;
#487 = DIRECTION ( 'NONE',  ( -0.000000000000000000, -0.000000000000000000, -1.000000000000000000 ) ) ;
#488 = EDGE_CURVE ( 'NONE', #1038, #748, #282, .T. ) ;
#489 = DIRECTION ( 'NONE',  ( -1.000000000000000000, -0.000000000000000000, -0.000000000000000000 ) ) ;
#490 = CARTESIAN_POINT ( 'NONE',  ( -2.500000000000179856, 6.400000000000077627, -0.9999999999999310552 ) ) ;
#491 = LINE ( 'NONE', #325, #1710 ) ;
#492 = ORIENTED_EDGE ( 'NONE', *, *, #1317, .F. ) ;
#493 = DIRECTION ( 'NONE',  ( 0.000000000000000000, -0.000000000000000000, -1.000000000000000000 ) ) ;
#494 = VECTOR ( 'NONE', #1805, 1000.000000000000000 ) ;
#495 = PERSON_AND_ORGANIZATION ( #1860, #503 ) ;
#496 = VECTOR ( 'NONE', #1115, 1000.000000000000000 ) ;
#497 = DIRECTION ( 'NONE',  ( 0.8660254037844362651, 0.000000000000000000, 0.5000000000000042188 ) ) ;
#498 = CIRCLE ( 'NONE', #856, 0.8000000000000007105 ) ;
#499 = AXIS2_PLACEMENT_3D ( 'NONE', #1771, #2076, #152 ) ;
#500 = LINE ( 'NONE', #1119, #274 ) ;
#501 = EDGE_CURVE ( 'NONE', #1394, #1680, #1938, .T. ) ;
#502 = FACE_OUTER_BOUND ( 'NONE', #1863, .T. ) ;
#503 = ORGANIZATION ( 'UNSPECIFIED', 'UNSPECIFIED', '' ) ;
#504 = DIRECTION ( 'NONE',  ( 1.000000000000000000, -0.000000000000000000, 0.000000000000000000 ) ) ;
#505 = DIRECTION ( 'NONE',  ( 0.000000000000000000, 1.000000000000000000, 0.000000000000000000 ) ) ;
#506 = DIRECTION ( 'NONE',  ( -0.5000000000000042188, 9.389466242107220033E-16, 0.8660254037844362651 ) ) ;
#507 = DIRECTION ( 'NONE',  ( 0.000000000000000000, -0.000000000000000000, -1.000000000000000000 ) ) ;
#508 = CARTESIAN_POINT ( 'NONE',  ( 0.4499999999998174904, 6.400000000000077627, -2.099999999999945022 ) ) ;
#509 = EDGE_CURVE ( 'NONE', #1680, #1394, #1362, .T. ) ;
#510 = CARTESIAN_POINT ( 'NONE',  ( -2.500000000000179856, 5.400000000000076739, -0.1999999999999302613 ) ) ;
#511 = ORIENTED_EDGE ( 'NONE', *, *, #1351, .T. ) ;
#512 = CARTESIAN_POINT ( 'NONE',  ( 1.599999999999806466, 4.336808689942017736E-16, 1.500000000000062839 ) ) ;
#513 = FACE_OUTER_BOUND ( 'NONE', #846, .T. ) ;
#514 = DIRECTION ( 'NONE',  ( -1.000000000000000000, 0.000000000000000000, 1.521687259628778015E-16 ) ) ;
#515 = CARTESIAN_POINT ( 'NONE',  ( 1.599999999999871525, 4.336808689942017736E-16, -2.550000000000003819 ) ) ;
#516 = DIRECTION ( 'NONE',  ( 0.000000000000000000, -0.000000000000000000, -1.000000000000000000 ) ) ;
#517 = ADVANCED_FACE ( 'NONE', ( #1567 ), #764, .F. ) ;
#518 = ORIENTED_EDGE ( 'NONE', *, *, #1931, .T. ) ;
#519 = EDGE_LOOP ( 'NONE', ( #1891, #690, #398, #449 ) ) ;
#520 = DIRECTION ( 'NONE',  ( 0.000000000000000000, 0.000000000000000000, 1.000000000000000000 ) ) ;
#521 = EDGE_CURVE ( 'NONE', #108, #1393, #1486, .T. ) ;
#522 = LINE ( 'NONE', #535, #570 ) ;
#523 = VECTOR ( 'NONE', #1055, 1000.000000000000000 ) ;
#524 = DIRECTION ( 'NONE',  ( 0.000000000000000000, 1.000000000000000000, 0.000000000000000000 ) ) ;
#525 = VECTOR ( 'NONE', #552, 1000.000000000000000 ) ;
#526 = AXIS2_PLACEMENT_3D ( 'NONE', #1698, #262, #735 ) ;
#527 = DIRECTION ( 'NONE',  ( -0.2538981284121024640, -0.000000000000000000, 0.9672309653794337603 ) ) ;
#528 = VECTOR ( 'NONE', #1623, 1000.000000000000000 ) ;
#529 = CARTESIAN_POINT ( 'NONE',  ( -4.900000000000190425, 6.100000000000076028, -3.399999999999936851 ) ) ;
#530 = VERTEX_POINT ( 'NONE', #1067 ) ;
#531 = ORIENTED_EDGE ( 'NONE', *, *, #1782, .T. ) ;
#532 = VERTEX_POINT ( 'NONE', #1409 ) ;
#533 = LINE ( 'NONE', #1656, #993 ) ;
#534 = DIRECTION ( 'NONE',  ( 0.000000000000000000, -0.000000000000000000, -1.000000000000000000 ) ) ;
#535 = CARTESIAN_POINT ( 'NONE',  ( 0.4499999999998174904, 6.400000000000077627, -1.599999999999937250 ) ) ;
#536 = ADVANCED_FACE ( 'NONE', ( #1530 ), #616, .T. ) ;
#537 = ORIENTED_EDGE ( 'NONE', *, *, #1521, .F. ) ;
#538 = DIRECTION ( 'NONE',  ( 0.000000000000000000, 1.000000000000000000, 0.000000000000000000 ) ) ;
#539 = ORIENTED_EDGE ( 'NONE', *, *, #285, .T. ) ;
#540 = CARTESIAN_POINT ( 'NONE',  ( -4.100000000000183498, 6.900000000000075850, -1.599999999999937028 ) ) ;
#541 = ORIENTED_EDGE ( 'NONE', *, *, #1309, .F. ) ;
#542 = ORIENTED_EDGE ( 'NONE', *, *, #1467, .T. ) ;
#543 = CARTESIAN_POINT ( 'NONE',  ( -1.500000000000180522, 6.900000000000075850, 0.8000000000000550004 ) ) ;
#544 = CARTESIAN_POINT ( 'NONE',  ( 2.399999999999808509, 6.900000000000077627, -0.4881197846482317471 ) ) ;
#545 = DIRECTION ( 'NONE',  ( -0.000000000000000000, 1.000000000000000000, -0.000000000000000000 ) ) ;
#546 = ORIENTED_EDGE ( 'NONE', *, *, #812, .T. ) ;
#547 = EDGE_CURVE ( 'NONE', #311, #759, #1258, .T. ) ;
#548 = DIRECTION ( 'NONE',  ( 0.000000000000000000, 0.000000000000000000, 1.000000000000000000 ) ) ;
#549 = VERTEX_POINT ( 'NONE', #1375 ) ;
#550 = VERTEX_POINT ( 'NONE', #272 ) ;
#551 = ORIENTED_EDGE ( 'NONE', *, *, #1149, .T. ) ;
#552 = DIRECTION ( 'NONE',  ( -1.000000000000000000, 0.000000000000000000, -0.000000000000000000 ) ) ;
#553 = ORIENTED_EDGE ( 'NONE', *, *, #1962, .T. ) ;
#554 = ORIENTED_EDGE ( 'NONE', *, *, #129, .T. ) ;
#555 = LINE ( 'NONE', #1983, #756 ) ;
#556 = DIRECTION ( 'NONE',  ( 0.000000000000000000, 1.000000000000000000, -0.000000000000000000 ) ) ;
#557 = DIRECTION ( 'NONE',  ( -0.000000000000000000, -0.000000000000000000, -1.000000000000000000 ) ) ;
#558 = EDGE_LOOP ( 'NONE', ( #1525, #1674, #2022, #1165 ) ) ;
#559 = VECTOR ( 'NONE', #854, 1000.000000000000000 ) ;
#560 = EDGE_CURVE ( 'NONE', #1820, #110, #607, .T. ) ;
#561 = AXIS2_PLACEMENT_3D ( 'NONE', #1900, #917, #1737 ) ;
#562 = CARTESIAN_POINT ( 'NONE',  ( -0.4500000000001758704, 2.024500000000077460, -1.799999999999929212 ) ) ;
#563 = ORIENTED_EDGE ( 'NONE', *, *, #1957, .F. ) ;
#564 = VECTOR ( 'NONE', #666, 1000.000000000000000 ) ;
#565 = EDGE_CURVE ( 'NONE', #1197, #2071, #772, .T. ) ;
#566 = ORIENTED_EDGE ( 'NONE', *, *, #912, .F. ) ;
#567 = ORIENTED_EDGE ( 'NONE', *, *, #565, .T. ) ;
#568 = CARTESIAN_POINT ( 'NONE',  ( 0.9999999999998195888, 6.900000000000075850, 0.8000000000000550004 ) ) ;
#569 = ORIENTED_EDGE ( 'NONE', *, *, #521, .F. ) ;
#570 = VECTOR ( 'NONE', #1647, 1000.000000000000000 ) ;
#571 = ORIENTED_EDGE ( 'NONE', *, *, #1872, .T. ) ;
#572 = CYLINDRICAL_SURFACE ( 'NONE', #190, 0.5000000000000001110 ) ;
#573 = LINE ( 'NONE', #1325, #1537 ) ;
#574 =( NAMED_UNIT ( * ) SI_UNIT ( $, .STERADIAN. ) SOLID_ANGLE_UNIT ( ) );
#575 = VERTEX_POINT ( 'NONE', #583 ) ;
#576 = CARTESIAN_POINT ( 'NONE',  ( -4.900000000000190425, 6.900000000000075850, -3.399999999999936851 ) ) ;
#577 = ORIENTED_EDGE ( 'NONE', *, *, #1299, .T. ) ;
#578 = VERTEX_POINT ( 'NONE', #906 ) ;
#579 = CARTESIAN_POINT ( 'NONE',  ( -4.100000000000183498, 6.900000000000075850, -2.599999999999936584 ) ) ;
#580 = EDGE_CURVE ( 'NONE', #1416, #549, #1548, .T. ) ;
#581 = ORIENTED_EDGE ( 'NONE', *, *, #312, .F. ) ;
#582 = ORIENTED_EDGE ( 'NONE', *, *, #977, .F. ) ;
#583 = CARTESIAN_POINT ( 'NONE',  ( -0.3000000000001927791, 6.900000000000077627, 2.300000000000063327 ) ) ;
#584 = CARTESIAN_POINT ( 'NONE',  ( -1.812786032395763414E-13, 5.400000000000076739, -0.1999999999999458877 ) ) ;
#585 =( NAMED_UNIT ( * ) PLANE_ANGLE_UNIT ( ) SI_UNIT ( $, .RADIAN. ) );
#586 = DIRECTION ( 'NONE',  ( 0.000000000000000000, 1.000000000000000000, 0.000000000000000000 ) ) ;
#587 = CARTESIAN_POINT ( 'NONE',  ( -1.000000000000182077, 6.400000000000077627, -1.599999999999937250 ) ) ;
#588 = ORIENTED_EDGE ( 'NONE', *, *, #1960, .T. ) ;
#589 = ORIENTED_EDGE ( 'NONE', *, *, #448, .F. ) ;
#590 = FACE_OUTER_BOUND ( 'NONE', #372, .T. ) ;
#591 = EDGE_LOOP ( 'NONE', ( #864, #700, #1689, #1052 ) ) ;
#592 = EDGE_CURVE ( 'NONE', #1179, #431, #1220, .T. ) ;
#593 = CARTESIAN_POINT ( 'NONE',  ( -1.278746240133321430E-13, 4.500000000000000888, -0.5000000000000035527 ) ) ;
#594 = DIRECTION ( 'NONE',  ( 0.000000000000000000, 0.000000000000000000, 1.000000000000000000 ) ) ;
#595 = EDGE_CURVE ( 'NONE', #1719, #962, #112, .T. ) ;
#596 = DIRECTION ( 'NONE',  ( -0.000000000000000000, -1.000000000000000000, 0.000000000000000000 ) ) ;
#597 = AXIS2_PLACEMENT_3D ( 'NONE', #1400, #1894, #454 ) ;
#598 = DIRECTION ( 'NONE',  ( -0.000000000000000000, 0.000000000000000000, -1.000000000000000000 ) ) ;
#599 = VERTEX_POINT ( 'NONE', #593 ) ;
#600 = VECTOR ( 'NONE', #1727, 1000.000000000000000 ) ;
#601 = ORIENTED_EDGE ( 'NONE', *, *, #185, .T. ) ;
#602 = DIRECTION ( 'NONE',  ( 0.000000000000000000, -0.000000000000000000, 1.000000000000000000 ) ) ;
#603 = AXIS2_PLACEMENT_3D ( 'NONE', #266, #903, #1050 ) ;
#604 = ORIENTED_EDGE ( 'NONE', *, *, #480, .T. ) ;
#605 = AXIS2_PLACEMENT_3D ( 'NONE', #1423, #1756, #954 ) ;
#606 = ORIENTED_EDGE ( 'NONE', *, *, #1628, .F. ) ;
#607 = LINE ( 'NONE', #141, #222 ) ;
#608 = DIRECTION ( 'NONE',  ( -1.000000000000000000, 1.561251128379081893E-14, -0.000000000000000000 ) ) ;
#609 = VECTOR ( 'NONE', #1955, 1000.000000000000000 ) ;
#610 = DIRECTION ( 'NONE',  ( -0.2538981284121024640, -0.000000000000000000, 0.9672309653794337603 ) ) ;
#611 = EDGE_CURVE ( 'NONE', #69, #1755, #668, .T. ) ;
#612 = DIRECTION ( 'NONE',  ( -2.083368880462344251E-15, -1.000000000000000000, 0.000000000000000000 ) ) ;
#613 = ORIENTED_EDGE ( 'NONE', *, *, #1040, .F. ) ;
#614 = DIRECTION ( 'NONE',  ( -1.000000000000000000, 0.000000000000000000, -0.000000000000000000 ) ) ;
#615 = VERTEX_POINT ( 'NONE', #10 ) ;
#616 = PLANE ( 'NONE',  #1913 ) ;
#617 = LINE ( 'NONE', #626, #327 ) ;
#618 = EDGE_CURVE ( 'NONE', #1416, #154, #147, .T. ) ;
#619 = CARTESIAN_POINT ( 'NONE',  ( -2.500000000000206946, 3.450000000000075673, 1.500000000000062839 ) ) ;
#620 = EDGE_CURVE ( 'NONE', #1655, #1813, #1633, .T. ) ;
#621 = ORIENTED_EDGE ( 'NONE', *, *, #1071, .T. ) ;
#622 = CARTESIAN_POINT ( 'NONE',  ( -2.500000000000177192, 2.024500000000077460, -1.799999999999928768 ) ) ;
#623 = DIRECTION ( 'NONE',  ( -1.000000000000000000, -3.043374519257556029E-16, 0.000000000000000000 ) ) ;
#624 = DATE_AND_TIME ( #791, #268 ) ;
#625 = ORIENTED_EDGE ( 'NONE', *, *, #1790, .T. ) ;
#626 = CARTESIAN_POINT ( 'NONE',  ( 2.399999999999806288, 6.100000000000076028, -2.599999999999936584 ) ) ;
#627 = DIRECTION ( 'NONE',  ( 0.000000000000000000, 2.209838822900390589E-16, -1.000000000000000000 ) ) ;
#628 = ADVANCED_FACE ( 'NONE', ( #309 ), #1618, .T. ) ;
#629 = VERTEX_POINT ( 'NONE', #648 ) ;
#630 = LINE ( 'NONE', #167, #1536 ) ;
#631 = VECTOR ( 'NONE', #972, 1000.000000000000000 ) ;
#632 = ADVANCED_FACE ( 'NONE', ( #1424 ), #1945, .F. ) ;
#633 = VECTOR ( 'NONE', #1626, 1000.000000000000000 ) ;
#634 = CC_DESIGN_SECURITY_CLASSIFICATION ( #1574, ( #1292 ) ) ;
#635 = DIRECTION ( 'NONE',  ( -1.000000000000000000, 0.000000000000000000, 0.000000000000000000 ) ) ;
#636 = VECTOR ( 'NONE', #1978, 1000.000000000000227 ) ;
#637 = DIRECTION ( 'NONE',  ( -8.953411488912554654E-16, -1.000000000000000000, 0.000000000000000000 ) ) ;
#638 = VECTOR ( 'NONE', #375, 1000.000000000000114 ) ;
#639 = DIRECTION ( 'NONE',  ( -0.000000000000000000, 1.000000000000000000, -0.000000000000000000 ) ) ;
#640 = ORIENTED_EDGE ( 'NONE', *, *, #153, .F. ) ;
#641 = PLANE ( 'NONE',  #162 ) ;
#642 = DIRECTION ( 'NONE',  ( 1.000000000000000000, 0.000000000000000000, -0.000000000000000000 ) ) ;
#643 = EDGE_CURVE ( 'NONE', #111, #383, #1776, .T. ) ;
#644 = FACE_OUTER_BOUND ( 'NONE', #1343, .T. ) ;
#645 = FACE_OUTER_BOUND ( 'NONE', #59, .T. ) ;
#646 = LINE ( 'NONE', #332, #1775 ) ;
#647 = PLANE ( 'NONE',  #605 ) ;
#648 = CARTESIAN_POINT ( 'NONE',  ( -1.500000000000180744, 6.900000000000075850, -1.599999999999937028 ) ) ;
#649 = APPROVAL_DATE_TIME ( #1259, #1621 ) ;
#650 = ORIENTED_EDGE ( 'NONE', *, *, #488, .T. ) ;
#651 = ADVANCED_FACE ( 'NONE', ( #947 ), #177, .F. ) ;
#652 = CARTESIAN_POINT ( 'NONE',  ( -4.100000000000183498, 6.900000000000075850, -2.599999999999936584 ) ) ;
#653 = CARTESIAN_POINT ( 'NONE',  ( -0.4500000000001805334, 6.400000000000077627, -1.599999999999937250 ) ) ;
#654 = CARTESIAN_POINT ( 'NONE',  ( 0.4499999999998174904, 6.400000000000077627, -2.099999999999945022 ) ) ;
#655 = FACE_OUTER_BOUND ( 'NONE', #830, .T. ) ;
#656 = CARTESIAN_POINT ( 'NONE',  ( -1.765081136806401219E-13, 3.450000000000072120, 2.300000000000063327 ) ) ;
#657 = VECTOR ( 'NONE', #1209, 1000.000000000000000 ) ;
#658 = VECTOR ( 'NONE', #2062, 1000.000000000000000 ) ;
#659 = LINE ( 'NONE', #988, #631 ) ;
#660 = VECTOR ( 'NONE', #1236, 1000.000000000000000 ) ;
#661 = AXIS2_PLACEMENT_3D ( 'NONE', #1018, #1473, #40 ) ;
#662 = LINE ( 'NONE', #1314, #1135 ) ;
#663 = DIRECTION ( 'NONE',  ( -0.000000000000000000, 1.000000000000000000, -0.000000000000000000 ) ) ;
#664 = EDGE_CURVE ( 'NONE', #1865, #1416, #1590, .T. ) ;
#665 = AXIS2_PLACEMENT_3D ( 'NONE', #2011, #927, #1377 ) ;
#666 = DIRECTION ( 'NONE',  ( 0.000000000000000000, -0.000000000000000000, -1.000000000000000000 ) ) ;
#667 = APPLICATION_CONTEXT ( 'configuration controlled 3d designs of mechanical parts and assemblies' ) ;
#668 = LINE ( 'NONE', #478, #931 ) ;
#669 = ORIENTED_EDGE ( 'NONE', *, *, #1620, .F. ) ;
#670 = PLANE ( 'NONE',  #264 ) ;
#671 = CARTESIAN_POINT ( 'NONE',  ( -0.8000000000001790124, 1.000000000000081046, 2.300000000000063327 ) ) ;
#672 = EDGE_CURVE ( 'NONE', #169, #231, #1276, .T. ) ;
#673 = DIRECTION ( 'NONE',  ( 1.000000000000000000, 0.000000000000000000, -1.638349949533654756E-14 ) ) ;
#674 = CARTESIAN_POINT ( 'NONE',  ( -4.100000000000188827, 6.100000000000076028, 1.500000000000062839 ) ) ;
#675 = ORIENTED_EDGE ( 'NONE', *, *, #466, .T. ) ;
#676 = DIRECTION ( 'NONE',  ( -0.000000000000000000, 1.000000000000000000, -0.000000000000000000 ) ) ;
#677 = CARTESIAN_POINT ( 'NONE',  ( -2.500000000000179856, 5.400000000000076739, -0.9999999999999310552 ) ) ;
#678 = DIRECTION ( 'NONE',  ( -0.000000000000000000, -0.000000000000000000, -1.000000000000000000 ) ) ;
#679 = DIRECTION ( 'NONE',  ( 0.000000000000000000, 1.000000000000000000, 0.000000000000000000 ) ) ;
#680 = LINE ( 'NONE', #1969, #161 ) ;
#681 = ADVANCED_FACE ( 'NONE', ( #19 ), #326, .F. ) ;
#682 = ORIENTED_EDGE ( 'NONE', *, *, #836, .T. ) ;
#683 = PLANE ( 'NONE',  #929 ) ;
#684 = LINE ( 'NONE', #376, #1673 ) ;
#685 = VECTOR ( 'NONE', #1693, 1000.000000000000000 ) ;
#686 = DIRECTION ( 'NONE',  ( 0.000000000000000000, 0.000000000000000000, 1.000000000000000000 ) ) ;
#687 = VECTOR ( 'NONE', #1690, 1000.000000000000000 ) ;
#688 = CARTESIAN_POINT ( 'NONE',  ( -2.050000000000182787, 6.900000000000075850, -1.599999999999937028 ) ) ;
#689 = AXIS2_PLACEMENT_3D ( 'NONE', #338, #826, #974 ) ;
#690 = ORIENTED_EDGE ( 'NONE', *, *, #547, .T. ) ;
#691 = CARTESIAN_POINT ( 'NONE',  ( 0.6468749999998405498, 4.336808689942017736E-16, -2.550000000000003819 ) ) ;
#692 = VERTEX_POINT ( 'NONE', #4 ) ;
#693 = VERTEX_POINT ( 'NONE', #656 ) ;
#694 = EDGE_CURVE ( 'NONE', #1053, #464, #1919, .T. ) ;
#695 = LINE ( 'NONE', #1974, #1031 ) ;
#696 = CARTESIAN_POINT ( 'NONE',  ( -3.500000000000182077, 6.400000000000077627, 0.8000000000000550004 ) ) ;
#697 = CARTESIAN_POINT ( 'NONE',  ( -3.000000000000068390, 3.450000000000075673, 2.300000000000063327 ) ) ;
#698 = VERTEX_POINT ( 'NONE', #28 ) ;
#699 = DIRECTION ( 'NONE',  ( 0.000000000000000000, 1.000000000000000000, 0.000000000000000000 ) ) ;
#700 = ORIENTED_EDGE ( 'NONE', *, *, #1351, .F. ) ;
#701 = VERTEX_POINT ( 'NONE', #1950 ) ;
#702 = LINE ( 'NONE', #540, #24 ) ;
#703 = ORIENTED_EDGE ( 'NONE', *, *, #104, .T. ) ;
#704 = ORIENTED_EDGE ( 'NONE', *, *, #741, .T. ) ;
#705 = DIRECTION ( 'NONE',  ( 0.000000000000000000, 0.000000000000000000, -1.000000000000000000 ) ) ;
#706 = PLANE ( 'NONE',  #1239 ) ;
#707 = CARTESIAN_POINT ( 'NONE',  ( -4.100000000000190603, -0.8499999999999224842, -2.599999999999936584 ) ) ;
#708 = EDGE_CURVE ( 'NONE', #1653, #1053, #968, .T. ) ;
#709 = EDGE_LOOP ( 'NONE', ( #1701, #18, #1294, #1836 ) ) ;
#710 = ADVANCED_FACE ( 'NONE', ( #317 ), #1142, .T. ) ;
#711 = CARTESIAN_POINT ( 'NONE',  ( -1.853125000000159561, 2.024500000000077460, -2.550000000000003375 ) ) ;
#712 = ORIENTED_EDGE ( 'NONE', *, *, #1909, .F. ) ;
#713 = ORIENTED_EDGE ( 'NONE', *, *, #1477, .T. ) ;
#714 = PLANE ( 'NONE',  #1196 ) ;
#715 = ORIENTED_EDGE ( 'NONE', *, *, #897, .F. ) ;
#716 = ORIENTED_EDGE ( 'NONE', *, *, #1217, .F. ) ;
#717 = DIRECTION ( 'NONE',  ( -0.000000000000000000, -0.000000000000000000, -1.000000000000000000 ) ) ;
#718 = CARTESIAN_POINT ( 'NONE',  ( -4.100000000000128431, 4.336808689942017736E-16, -2.550000000000002931 ) ) ;
#719 = ORIENTED_EDGE ( 'NONE', *, *, #1003, .T. ) ;
#720 = AXIS2_PLACEMENT_3D ( 'NONE', #328, #506, #497 ) ;
#721 = VECTOR ( 'NONE', #460, 1000.000000000000000 ) ;
#722 = ADVANCED_FACE ( 'NONE', ( #342 ), #790, .F. ) ;
#723 = CARTESIAN_POINT ( 'NONE',  ( -0.4500000000001758704, 2.024500000000077460, -1.799999999999929212 ) ) ;
#724 = ORIENTED_EDGE ( 'NONE', *, *, #228, .F. ) ;
#725 = VECTOR ( 'NONE', #598, 1000.000000000000000 ) ;
#726 = CIRCLE ( 'NONE', #1034, 0.8000000000000007105 ) ;
#727 = ORIENTED_EDGE ( 'NONE', *, *, #835, .T. ) ;
#728 = CARTESIAN_POINT ( 'NONE',  ( -2.200000000000194245, 6.900000000000077627, 2.300000000000063327 ) ) ;
#729 = ORIENTED_EDGE ( 'NONE', *, *, #1160, .F. ) ;
#730 = ORIENTED_EDGE ( 'NONE', *, *, #1885, .F. ) ;
#731 = CARTESIAN_POINT ( 'NONE',  ( -2.950000000000176481, 2.024500000000077460, -2.550000000000002931 ) ) ;
#732 = DIRECTION ( 'NONE',  ( 0.000000000000000000, 0.000000000000000000, 1.000000000000000000 ) ) ;
#733 = CARTESIAN_POINT ( 'NONE',  ( -2.500000000000127898, 4.500000000000000888, -3.035766082959412415E-15 ) ) ;
#734 = DIRECTION ( 'NONE',  ( -0.000000000000000000, -1.000000000000000000, -0.000000000000000000 ) ) ;
#735 = DIRECTION ( 'NONE',  ( 0.000000000000000000, 0.000000000000000000, 1.000000000000000000 ) ) ;
#736 = ORIENTED_EDGE ( 'NONE', *, *, #3, .T. ) ;
#737 = EDGE_CURVE ( 'NONE', #874, #382, #1435, .T. ) ;
#738 = ORIENTED_EDGE ( 'NONE', *, *, #228, .T. ) ;
#739 = CARTESIAN_POINT ( 'NONE',  ( -4.100000000000190603, 6.100000000000076028, -2.599999999999936584 ) ) ;
#740 = ORIENTED_EDGE ( 'NONE', *, *, #1760, .F. ) ;
#741 = EDGE_CURVE ( 'NONE', #406, #692, #183, .T. ) ;
#742 = VERTEX_POINT ( 'NONE', #1177 ) ;
#743 = CARTESIAN_POINT ( 'NONE',  ( -0.8000000000001928901, 6.100000000000076028, 2.300000000000063327 ) ) ;
#744 = FACE_OUTER_BOUND ( 'NONE', #1214, .T. ) ;
#745 = CARTESIAN_POINT ( 'NONE',  ( 1.599999999999806466, -0.8499999999999224842, 1.500000000000062839 ) ) ;
#746 = CARTESIAN_POINT ( 'NONE',  ( 2.399999999999808509, 12.10000000000006537, -0.4881197846482374092 ) ) ;
#747 = FACE_OUTER_BOUND ( 'NONE', #1636, .T. ) ;
#748 = VERTEX_POINT ( 'NONE', #1644 ) ;
#749 = ORIENTED_EDGE ( 'NONE', *, *, #1286, .T. ) ;
#750 = ORIENTED_EDGE ( 'NONE', *, *, #812, .F. ) ;
#751 = FACE_BOUND ( 'NONE', #1237, .T. ) ;
#752 = VERTEX_POINT ( 'NONE', #1333 ) ;
#753 = CARTESIAN_POINT ( 'NONE',  ( -0.4500000000001805334, 6.900000000000075850, -1.599999999999937250 ) ) ;
#754 = ADVANCED_FACE ( 'NONE', ( #44 ), #2005, .T. ) ;
#755 = LINE ( 'NONE', #134, #1767 ) ;
#756 = VECTOR ( 'NONE', #850, 1000.000000000000000 ) ;
#757 = DIRECTION ( 'NONE',  ( 0.000000000000000000, 1.000000000000000000, 0.000000000000000000 ) ) ;
#758 = VECTOR ( 'NONE', #1992, 1000.000000000000000 ) ;
#759 = VERTEX_POINT ( 'NONE', #1156 ) ;
#760 = LINE ( 'NONE', #1205, #1770 ) ;
#761 = VECTOR ( 'NONE', #871, 1000.000000000000114 ) ;
#762 = VERTEX_POINT ( 'NONE', #691 ) ;
#763 = VECTOR ( 'NONE', #137, 1000.000000000000000 ) ;
#764 = PLANE ( 'NONE',  #2074 ) ;
#765 = APPLICATION_PROTOCOL_DEFINITION ( 'international standard', 'config_control_design', 1994, #667 ) ;
#766 = EDGE_CURVE ( 'NONE', #1680, #108, #349, .T. ) ;
#767 = CARTESIAN_POINT ( 'NONE',  ( -3.500000000000182077, 6.400000000000077627, -1.599999999999937028 ) ) ;
#768 = LINE ( 'NONE', #975, #1269 ) ;
#769 = VERTEX_POINT ( 'NONE', #529 ) ;
#770 = CARTESIAN_POINT ( 'NONE',  ( -2.950000000000180922, 6.900000000000075850, -1.599999999999937028 ) ) ;
#771 = ORIENTED_EDGE ( 'NONE', *, *, #824, .F. ) ;
#772 = LINE ( 'NONE', #1243, #1159 ) ;
#773 = COORDINATED_UNIVERSAL_TIME_OFFSET ( 5, 0, .BEHIND. ) ;
#774 = FACE_OUTER_BOUND ( 'NONE', #709, .T. ) ;
#775 = EDGE_CURVE ( 'NONE', #698, #271, #214, .T. ) ;
#776 = CARTESIAN_POINT ( 'NONE',  ( -1.279358563532895232E-13, -1.414213562373094701, -3.469446951953614189E-15 ) ) ;
#777 = EDGE_CURVE ( 'NONE', #154, #865, #1005, .T. ) ;
#778 = PRODUCT_DEFINITION ( 'UNKNOWN', '', #1292, #290 ) ;
#779 = ORIENTED_EDGE ( 'NONE', *, *, #75, .T. ) ;
#780 = LINE ( 'NONE', #1616, #224 ) ;
#781 = CARTESIAN_POINT ( 'NONE',  ( -3.000000000000068390, 1.000000000000081934, 2.300000000000063327 ) ) ;
#782 = SHAPE_DEFINITION_REPRESENTATION ( #1631, #1369 ) ;
#783 = LINE ( 'NONE', #1902, #1457 ) ;
#784 = DIRECTION ( 'NONE',  ( 0.000000000000000000, 0.000000000000000000, 1.000000000000000000 ) ) ;
#785 = EDGE_CURVE ( 'NONE', #1396, #769, #1167, .T. ) ;
#786 = ORIENTED_EDGE ( 'NONE', *, *, #1928, .F. ) ;
#787 = CARTESIAN_POINT ( 'NONE',  ( -2.500000000000127898, 4.336808689942017736E-16, 0.4999999999999970579 ) ) ;
#788 = VECTOR ( 'NONE', #1411, 1000.000000000000000 ) ;
#789 = VECTOR ( 'NONE', #1757, 1000.000000000000000 ) ;
#790 = PLANE ( 'NONE',  #1072 ) ;
#791 = CALENDAR_DATE ( 2022, 28, 2 ) ;
#792 = VECTOR ( 'NONE', #757, 1000.000000000000000 ) ;
#793 = CARTESIAN_POINT ( 'NONE',  ( -1.500000000000180522, 6.900000000000075850, -2.599999999999936584 ) ) ;
#794 = AXIS2_PLACEMENT_3D ( 'NONE', #353, #1338, #365 ) ;
#795 = CARTESIAN_POINT ( 'NONE',  ( 2.399999999999806288, 6.100000000000076028, -3.399999999999936851 ) ) ;
#796 = CARTESIAN_POINT ( 'NONE',  ( -1.279358563532895232E-13, -1.414213562373094701, -3.469446951953614189E-15 ) ) ;
#797 = ORIENTED_EDGE ( 'NONE', *, *, #1807, .F. ) ;
#798 = CARTESIAN_POINT ( 'NONE',  ( -1.500000000000180744, 6.400000000000077627, 0.8000000000000550004 ) ) ;
#799 = EDGE_CURVE ( 'NONE', #2059, #1189, #1811, .T. ) ;
#800 = ORIENTED_EDGE ( 'NONE', *, *, #1160, .T. ) ;
#801 = DIRECTION ( 'NONE',  ( 0.000000000000000000, 0.000000000000000000, 1.000000000000000000 ) ) ;
#802 = PERSON_AND_ORGANIZATION ( #1860, #503 ) ;
#803 = EDGE_CURVE ( 'NONE', #1048, #872, #381, .T. ) ;
#804 = ADVANCED_FACE ( 'NONE', ( #1834 ), #205, .F. ) ;
#805 = CARTESIAN_POINT ( 'NONE',  ( -2.950000000000180922, 6.400000000000077627, -2.099999999999944578 ) ) ;
#806 = CARTESIAN_POINT ( 'NONE',  ( -0.8000000000001928901, 6.100000000000076028, 2.300000000000063327 ) ) ;
#807 = CARTESIAN_POINT ( 'NONE',  ( -1.767249541151372227E-13, 3.450000000000075673, 2.300000000000063327 ) ) ;
#808 = DIRECTION ( 'NONE',  ( 0.000000000000000000, 1.000000000000000000, -0.000000000000000000 ) ) ;
#809 = CARTESIAN_POINT ( 'NONE',  ( -3.000000000000068390, 1.000000000000081934, 2.300000000000063327 ) ) ;
#810 = PERSON_AND_ORGANIZATION ( #1860, #503 ) ;
#811 = ORIENTED_EDGE ( 'NONE', *, *, #33, .T. ) ;
#812 = EDGE_CURVE ( 'NONE', #1215, #1820, #1801, .T. ) ;
#813 = DIRECTION ( 'NONE',  ( 0.000000000000000000, -1.000000000000000000, -0.000000000000000000 ) ) ;
#814 = CARTESIAN_POINT ( 'NONE',  ( -0.4500000000001763700, 4.336808689942017736E-16, -1.799999999999921441 ) ) ;
#815 = LINE ( 'NONE', #73, #1105 ) ;
#816 = CARTESIAN_POINT ( 'NONE',  ( -0.4500000000001805334, 6.400000000000077627, -2.099999999999945022 ) ) ;
#817 = DIRECTION ( 'NONE',  ( 1.000000000000000000, -5.004010026856698752E-16, -0.000000000000000000 ) ) ;
#818 = VECTOR ( 'NONE', #610, 1000.000000000000114 ) ;
#819 = VERTEX_POINT ( 'NONE', #1478 ) ;
#820 = AXIS2_PLACEMENT_3D ( 'NONE', #1892, #1560, #2054 ) ;
#821 = ORIENTED_EDGE ( 'NONE', *, *, #104, .F. ) ;
#822 = CARTESIAN_POINT ( 'NONE',  ( -3.000000000000068390, -0.8499999999999224842, 1.500000000000062839 ) ) ;
#823 = VECTOR ( 'NONE', #1862, 1000.000000000000000 ) ;
#824 = EDGE_CURVE ( 'NONE', #97, #1502, #55, .T. ) ;
#825 = VECTOR ( 'NONE', #514, 1000.000000000000000 ) ;
#826 = DIRECTION ( 'NONE',  ( -1.000000000000000000, 0.000000000000000000, 0.000000000000000000 ) ) ;
#827 = CIRCLE ( 'NONE', #1201, 0.5000000000000001110 ) ;
#828 = LINE ( 'NONE', #211, #392 ) ;
#829 = LINE ( 'NONE', #1469, #1320 ) ;
#830 = EDGE_LOOP ( 'NONE', ( #1722, #92, #380, #423 ) ) ;
#831 = ORIENTED_EDGE ( 'NONE', *, *, #1184, .F. ) ;
#832 = LINE ( 'NONE', #207, #494 ) ;
#833 = CARTESIAN_POINT ( 'NONE',  ( -4.900000000000190425, 6.900000000000074962, -2.599999999999936584 ) ) ;
#834 = CARTESIAN_POINT ( 'NONE',  ( 0.4999999999998373523, 1.000000000000089262, 2.300000000000063327 ) ) ;
#835 = EDGE_CURVE ( 'NONE', #2037, #1546, #680, .T. ) ;
#836 = EDGE_CURVE ( 'NONE', #1841, #913, #702, .T. ) ;
#837 = DIRECTION ( 'NONE',  ( -0.8660254037844362651, 0.000000000000000000, -0.5000000000000042188 ) ) ;
#838 = CC_DESIGN_PERSON_AND_ORGANIZATION_ASSIGNMENT ( #802, #948, ( #1292 ) ) ;
#839 = CARTESIAN_POINT ( 'NONE',  ( -4.100000000000128431, 4.336808689942017736E-16, -2.550000000000002931 ) ) ;
#840 = VERTEX_POINT ( 'NONE', #1316 ) ;
#841 = CARTESIAN_POINT ( 'NONE',  ( 2.399999999999806732, 6.100000000000076028, 1.500000000000062839 ) ) ;
#842 = DIRECTION ( 'NONE',  ( 0.000000000000000000, 0.000000000000000000, 1.000000000000000000 ) ) ;
#843 = EDGE_LOOP ( 'NONE', ( #457, #1520, #877, #1535, #1303, #1876, #779 ) ) ;
#844 = DIRECTION ( 'NONE',  ( 1.638349949533654756E-14, -0.000000000000000000, 1.000000000000000000 ) ) ;
#845 = ADVANCED_FACE ( 'NONE', ( #1821 ), #714, .F. ) ;
#846 = EDGE_LOOP ( 'NONE', ( #2003, #1406, #404, #1061 ) ) ;
#847 = DIRECTION ( 'NONE',  ( 2.083368880462344251E-15, 1.000000000000000000, -0.000000000000000000 ) ) ;
#848 = ORIENTED_EDGE ( 'NONE', *, *, #409, .T. ) ;
#849 = ORIENTED_EDGE ( 'NONE', *, *, #1020, .T. ) ;
#850 = DIRECTION ( 'NONE',  ( 0.000000000000000000, 1.000000000000000000, 0.000000000000000000 ) ) ;
#851 = CARTESIAN_POINT ( 'NONE',  ( 1.599999999999816458, 6.100000000000076028, -2.599999999999936584 ) ) ;
#852 = FACE_OUTER_BOUND ( 'NONE', #1503, .T. ) ;
#853 = AXIS2_PLACEMENT_3D ( 'NONE', #1526, #295, #118 ) ;
#854 = DIRECTION ( 'NONE',  ( 0.000000000000000000, -0.000000000000000000, -1.000000000000000000 ) ) ;
#855 = ORIENTED_EDGE ( 'NONE', *, *, #2066, .T. ) ;
#856 = AXIS2_PLACEMENT_3D ( 'NONE', #65, #699, #548 ) ;
#857 = VECTOR ( 'NONE', #1924, 1000.000000000000000 ) ;
#858 = CARTESIAN_POINT ( 'NONE',  ( -1.853125000000159561, 4.336808689942017736E-16, -2.550000000000003375 ) ) ;
#859 = VECTOR ( 'NONE', #678, 1000.000000000000000 ) ;
#860 = EDGE_LOOP ( 'NONE', ( #1078, #1490, #344, #978 ) ) ;
#861 = EDGE_LOOP ( 'NONE', ( #682, #953, #727, #439, #848, #539, #704, #1026 ) ) ;
#862 = DIRECTION ( 'NONE',  ( 0.000000000000000000, -1.000000000000000000, 0.000000000000000000 ) ) ;
#863 = EDGE_CURVE ( 'NONE', #962, #1063, #1664, .T. ) ;
#864 = ORIENTED_EDGE ( 'NONE', *, *, #785, .F. ) ;
#865 = VERTEX_POINT ( 'NONE', #1501 ) ;
#866 = CARTESIAN_POINT ( 'NONE',  ( 0.4499999999998220979, 2.024500000000077460, -1.799999999999936096 ) ) ;
#867 = EDGE_CURVE ( 'NONE', #1555, #1865, #829, .T. ) ;
#868 = CARTESIAN_POINT ( 'NONE',  ( -2.050000000000177902, 2.024500000000077460, -1.799999999999936096 ) ) ;
#869 = FACE_OUTER_BOUND ( 'NONE', #843, .T. ) ;
#870 = ORIENTED_EDGE ( 'NONE', *, *, #989, .F. ) ;
#871 = DIRECTION ( 'NONE',  ( 0.8660254037844362651, 0.000000000000000000, -0.5000000000000042188 ) ) ;
#872 = VERTEX_POINT ( 'NONE', #674 ) ;
#873 = ORIENTED_EDGE ( 'NONE', *, *, #1829, .T. ) ;
#874 = VERTEX_POINT ( 'NONE', #1310 ) ;
#875 = DIRECTION ( 'NONE',  ( -1.000000000000000000, 0.000000000000000000, 0.000000000000000000 ) ) ;
#876 = EDGE_LOOP ( 'NONE', ( #125, #736, #905, #1484 ) ) ;
#877 = ORIENTED_EDGE ( 'NONE', *, *, #1339, .T. ) ;
#878 = DIRECTION ( 'NONE',  ( -0.000000000000000000, -1.000000000000000000, 0.000000000000000000 ) ) ;
#879 = DIRECTION ( 'NONE',  ( 0.2538981284121004101, 0.000000000000000000, 0.9672309653794343154 ) ) ;
#880 = DIRECTION ( 'NONE',  ( 0.000000000000000000, 0.000000000000000000, -1.000000000000000000 ) ) ;
#881 = ADVANCED_FACE ( 'NONE', ( #2039 ), #1228, .F. ) ;
#882 = ORIENTED_EDGE ( 'NONE', *, *, #1232, .T. ) ;
#883 = FACE_OUTER_BOUND ( 'NONE', #1088, .T. ) ;
#884 = EDGE_LOOP ( 'NONE', ( #407, #1355, #1345, #433 ) ) ;
#885 = ORIENTED_EDGE ( 'NONE', *, *, #153, .T. ) ;
#886 = VERTEX_POINT ( 'NONE', #922 ) ;
#887 = DIRECTION ( 'NONE',  ( 1.084202172485503448E-16, -0.000000000000000000, 1.000000000000000000 ) ) ;
#888 = ORIENTED_EDGE ( 'NONE', *, *, #1399, .T. ) ;
#889 = ORIENTED_EDGE ( 'NONE', *, *, #923, .T. ) ;
#890 = DIRECTION ( 'NONE',  ( 0.000000000000000000, -0.000000000000000000, -1.000000000000000000 ) ) ;
#891 = CARTESIAN_POINT ( 'NONE',  ( -2.500000000000127898, -1.414213562373094701, 0.4999999999999970579 ) ) ;
#892 = ORIENTED_EDGE ( 'NONE', *, *, #618, .T. ) ;
#893 = ADVANCED_FACE ( 'NONE', ( #590 ), #1878, .F. ) ;
#894 = VECTOR ( 'NONE', #1977, 1000.000000000000000 ) ;
#895 = VECTOR ( 'NONE', #1230, 1000.000000000000000 ) ;
#896 = DIRECTION ( 'NONE',  ( 0.000000000000000000, -0.000000000000000000, -1.000000000000000000 ) ) ;
#897 = EDGE_CURVE ( 'NONE', #1367, #578, #1079, .T. ) ;
#898 = ORIENTED_EDGE ( 'NONE', *, *, #1885, .T. ) ;
#899 = VECTOR ( 'NONE', #379, 1000.000000000000000 ) ;
#900 = ORIENTED_EDGE ( 'NONE', *, *, #1268, .T. ) ;
#901 = VECTOR ( 'NONE', #1466, 1000.000000000000000 ) ;
#902 = ORIENTED_EDGE ( 'NONE', *, *, #1271, .F. ) ;
#903 = DIRECTION ( 'NONE',  ( -1.000000000000000000, 0.000000000000000000, 0.000000000000000000 ) ) ;
#904 = EDGE_LOOP ( 'NONE', ( #1202, #251, #1527, #184 ) ) ;
#905 = ORIENTED_EDGE ( 'NONE', *, *, #1000, .F. ) ;
#906 = CARTESIAN_POINT ( 'NONE',  ( -1.000000000000182077, 6.900000000000075850, 0.8000000000000550004 ) ) ;
#907 = CARTESIAN_POINT ( 'NONE',  ( -1.811806314956445482E-13, 5.400000000000076739, -0.9999999999999458211 ) ) ;
#908 = DIRECTION ( 'NONE',  ( 0.000000000000000000, 1.000000000000000000, 0.000000000000000000 ) ) ;
#909 = CARTESIAN_POINT ( 'NONE',  ( -1.811806314956445482E-13, 6.400000000000077627, -0.9999999999999458211 ) ) ;
#910 = CARTESIAN_POINT ( 'NONE',  ( 1.599999999999871969, 4.336808689942017736E-16, 1.549999999999995826 ) ) ;
#911 = ORIENTED_EDGE ( 'NONE', *, *, #1299, .F. ) ;
#912 = EDGE_CURVE ( 'NONE', #311, #1215, #126, .T. ) ;
#913 = VERTEX_POINT ( 'NONE', #770 ) ;
#914 = ORIENTED_EDGE ( 'NONE', *, *, #989, .T. ) ;
#915 = CARTESIAN_POINT ( 'NONE',  ( -0.4500000000001759259, 2.024500000000077460, -2.550000000000003375 ) ) ;
#916 = EDGE_LOOP ( 'NONE', ( #1311, #29, #1219, #1066 ) ) ;
#917 = DIRECTION ( 'NONE',  ( 0.000000000000000000, 1.000000000000000000, 0.000000000000000000 ) ) ;
#918 = DIRECTION ( 'NONE',  ( 1.000000000000000000, 3.043374519257556029E-16, -0.000000000000000000 ) ) ;
#919 = FACE_OUTER_BOUND ( 'NONE', #884, .T. ) ;
#920 = LINE ( 'NONE', #1713, #438 ) ;
#921 = ORIENTED_EDGE ( 'NONE', *, *, #1928, .T. ) ;
#922 = CARTESIAN_POINT ( 'NONE',  ( -2.500000000000127898, 4.336808689942017736E-16, -0.5000000000000031086 ) ) ;
#923 = EDGE_CURVE ( 'NONE', #1651, #615, #1415, .T. ) ;
#924 = VERTEX_POINT ( 'NONE', #568 ) ;
#925 = MANIFOLD_SOLID_BREP ( 'CONNECTOR,JST XH,F,02 PIN-1-solid1', #49 ) ;
#926 = LINE ( 'NONE', #452, #895 ) ;
#927 = DIRECTION ( 'NONE',  ( 5.004010026856698752E-16, 1.000000000000000000, -0.000000000000000000 ) ) ;
#928 = CARTESIAN_POINT ( 'NONE',  ( -0.8000000000001790124, 1.000000000000081046, 2.300000000000063327 ) ) ;
#929 = AXIS2_PLACEMENT_3D ( 'NONE', #46, #83, #1842 ) ;
#930 = DIRECTION ( 'NONE',  ( 0.000000000000000000, 0.000000000000000000, -1.000000000000000000 ) ) ;
#931 = VECTOR ( 'NONE', #486, 1000.000000000000000 ) ;
#932 = ORIENTED_EDGE ( 'NONE', *, *, #276, .T. ) ;
#933 = CYLINDRICAL_SURFACE ( 'NONE', #358, 0.8000000000000007105 ) ;
#934 = VECTOR ( 'NONE', #314, 1000.000000000000000 ) ;
#935 = ORIENTED_EDGE ( 'NONE', *, *, #343, .T. ) ;
#936 = VECTOR ( 'NONE', #1210, 1000.000000000000000 ) ;
#937 = ADVANCED_FACE ( 'NONE', ( #1087 ), #1371, .F. ) ;
#938 = DIRECTION ( 'NONE',  ( -1.521687259628778015E-16, 0.000000000000000000, -1.000000000000000000 ) ) ;
#939 = CARTESIAN_POINT ( 'NONE',  ( -2.950000000000180922, 6.900000000000075850, -2.099999999999944578 ) ) ;
#940 = VECTOR ( 'NONE', #1695, 1000.000000000000000 ) ;
#941 = EDGE_CURVE ( 'NONE', #169, #1204, #1095, .T. ) ;
#942 = DIRECTION ( 'NONE',  ( 0.000000000000000000, -0.000000000000000000, 1.000000000000000000 ) ) ;
#943 = EDGE_CURVE ( 'NONE', #391, #762, #760, .T. ) ;
#944 = DIRECTION ( 'NONE',  ( 1.000000000000000000, 3.043374519257556029E-16, -0.000000000000000000 ) ) ;
#945 = EDGE_LOOP ( 'NONE', ( #1150, #713 ) ) ;
#946 = LINE ( 'NONE', #2068, #857 ) ;
#947 = FACE_OUTER_BOUND ( 'NONE', #1151, .T. ) ;
#948 = PERSON_AND_ORGANIZATION_ROLE ( 'creator' ) ;
#949 = ORIENTED_EDGE ( 'NONE', *, *, #444, .F. ) ;
#950 = CARTESIAN_POINT ( 'NONE',  ( -4.100000000000127542, 4.336808689942017736E-16, 1.500000000000062839 ) ) ;
#951 = ADVANCED_FACE ( 'NONE', ( #280 ), #1556, .F. ) ;
#952 = DIRECTION ( 'NONE',  ( 0.000000000000000000, 1.000000000000000000, 0.000000000000000000 ) ) ;
#953 = ORIENTED_EDGE ( 'NONE', *, *, #87, .T. ) ;
#954 = DIRECTION ( 'NONE',  ( -1.000000000000000000, 0.000000000000000000, -0.000000000000000000 ) ) ;
#955 = CARTESIAN_POINT ( 'NONE',  ( -1.250000000000128120, 4.500000000000000888, -3.035766082959412415E-15 ) ) ;
#956 = SECURITY_CLASSIFICATION_LEVEL ( 'unclassified' ) ;
#957 = CARTESIAN_POINT ( 'NONE',  ( -2.050000000000178346, 4.336808689942017736E-16, -1.799999999999934541 ) ) ;
#958 = FACE_OUTER_BOUND ( 'NONE', #591, .T. ) ;
#959 = ADVANCED_FACE ( 'NONE', ( #252 ), #933, .F. ) ;
#960 = FACE_OUTER_BOUND ( 'NONE', #2029, .T. ) ;
#961 = ADVANCED_FACE ( 'NONE', ( #2019 ), #1852, .F. ) ;
#962 = VERTEX_POINT ( 'NONE', #93 ) ;
#963 = CARTESIAN_POINT ( 'NONE',  ( -3.500000000000182077, 6.400000000000077627, 0.8000000000000550004 ) ) ;
#964 = VECTOR ( 'NONE', #1245, 1000.000000000000000 ) ;
#965 = ADVANCED_FACE ( 'NONE', ( #458, #109, #751 ), #1395, .T. ) ;
#966 = AXIS2_PLACEMENT_3D ( 'NONE', #1959, #1039, #68 ) ;
#967 = APPROVAL_PERSON_ORGANIZATION ( #479, #482, #1619 ) ;
#968 = LINE ( 'NONE', #1293, #496 ) ;
#969 = APPROVAL_STATUS ( 'not_yet_approved' ) ;
#970 = VERTEX_POINT ( 'NONE', #728 ) ;
#971 = VECTOR ( 'NONE', #1288, 1000.000000000000000 ) ;
#972 = DIRECTION ( 'NONE',  ( -1.000000000000000000, -0.000000000000000000, 0.000000000000000000 ) ) ;
#973 = VECTOR ( 'NONE', #545, 1000.000000000000000 ) ;
#974 = DIRECTION ( 'NONE',  ( 0.000000000000000000, 0.000000000000000000, 1.000000000000000000 ) ) ;
#975 = CARTESIAN_POINT ( 'NONE',  ( 2.449999999999871836, 4.700000000000001066, -2.550000000000003819 ) ) ;
#976 = DIRECTION ( 'NONE',  ( 0.000000000000000000, -1.000000000000000000, 0.000000000000000000 ) ) ;
#977 = EDGE_CURVE ( 'NONE', #1048, #1755, #1866, .T. ) ;
#978 = ORIENTED_EDGE ( 'NONE', *, *, #694, .F. ) ;
#979 = DIRECTION ( 'NONE',  ( 0.000000000000000000, -0.000000000000000000, 1.000000000000000000 ) ) ;
#980 = APPROVAL_DATE_TIME ( #1777, #1129 ) ;
#981 = DIRECTION ( 'NONE',  ( 0.000000000000000000, -0.000000000000000000, -1.000000000000000000 ) ) ;
#982 = CARTESIAN_POINT ( 'NONE',  ( -2.950000000000176037, 4.336808689942017736E-16, -1.799999999999929212 ) ) ;
#983 = LINE ( 'NONE', #891, #936 ) ;
#984 = LINE ( 'NONE', #465, #1403 ) ;
#985 = CARTESIAN_POINT ( 'NONE',  ( 2.399999999999808509, 12.10000000000006537, -1.411880215351643653 ) ) ;
#986 = EDGE_CURVE ( 'NONE', #464, #1042, #1702, .T. ) ;
#987 = COORDINATED_UNIVERSAL_TIME_OFFSET ( 5, 0, .BEHIND. ) ;
#988 = CARTESIAN_POINT ( 'NONE',  ( -4.100000000000190603, 6.900000000000077627, 1.500000000000062839 ) ) ;
#989 = EDGE_CURVE ( 'NONE', #1849, #286, #2030, .T. ) ;
#990 = CARTESIAN_POINT ( 'NONE',  ( -4.100000000000128431, 4.336808689942017736E-16, -2.550000000000002931 ) ) ;
#991 = DIRECTION ( 'NONE',  ( 0.000000000000000000, -0.000000000000000000, -1.000000000000000000 ) ) ;
#992 = CARTESIAN_POINT ( 'NONE',  ( 2.399999999999806288, 6.900000000000077627, 1.500000000000062839 ) ) ;
#993 = VECTOR ( 'NONE', #1312, 1000.000000000000000 ) ;
#994 = ORIENTED_EDGE ( 'NONE', *, *, #1558, .F. ) ;
#995 = EDGE_CURVE ( 'NONE', #1542, #692, #946, .T. ) ;
#996 = AXIS2_PLACEMENT_3D ( 'NONE', #1302, #635, #170 ) ;
#997 = PLANE ( 'NONE',  #1359 ) ;
#998 = DIRECTION ( 'NONE',  ( -8.953411488912554654E-16, -1.000000000000000000, 0.000000000000000000 ) ) ;
#999 = AXIS2_PLACEMENT_3D ( 'NONE', #1166, #679, #27 ) ;
#1000 = EDGE_CURVE ( 'NONE', #1792, #840, #1122, .T. ) ;
#1001 = AXIS2_PLACEMENT_3D ( 'NONE', #795, #1642, #174 ) ;
#1002 = PLANE ( 'NONE',  #1001 ) ;
#1003 = EDGE_CURVE ( 'NONE', #1367, #1015, #485, .T. ) ;
#1004 = CARTESIAN_POINT ( 'NONE',  ( -2.050000000000177902, 2.024500000000077460, -1.799999999999936096 ) ) ;
#1005 = LINE ( 'NONE', #371, #1572 ) ;
#1006 = ORIENTED_EDGE ( 'NONE', *, *, #521, .T. ) ;
#1007 = DIRECTION ( 'NONE',  ( -1.000000000000000000, -0.000000000000000000, 0.000000000000000000 ) ) ;
#1008 = LINE ( 'NONE', #208, #230 ) ;
#1009 = LINE ( 'NONE', #48, #894 ) ;
#1010 = ADVANCED_FACE ( 'NONE', ( #1442, #1918 ), #1748, .F. ) ;
#1011 = LINE ( 'NONE', #1004, #1838 ) ;
#1012 = ORIENTED_EDGE ( 'NONE', *, *, #1752, .F. ) ;
#1013 = CARTESIAN_POINT ( 'NONE',  ( -4.100000000000183498, 6.900000000000075850, 0.8000000000000550004 ) ) ;
#1014 = VERTEX_POINT ( 'NONE', #2060 ) ;
#1015 = VERTEX_POINT ( 'NONE', #316 ) ;
#1016 = LINE ( 'NONE', #1323, #1027 ) ;
#1017 = CARTESIAN_POINT ( 'NONE',  ( -1.278746240133321430E-13, -1.414213562373094701, -0.5000000000000035527 ) ) ;
#1018 = CARTESIAN_POINT ( 'NONE',  ( 1.599999999999817346, 6.900000000000077627, -2.599999999999936584 ) ) ;
#1019 = PLANE ( 'NONE',  #388 ) ;
#1020 = EDGE_CURVE ( 'NONE', #1189, #213, #780, .T. ) ;
#1021 = FACE_OUTER_BOUND ( 'NONE', #1386, .T. ) ;
#1022 = ADVANCED_FACE ( 'NONE', ( #9 ), #647, .F. ) ;
#1023 = ORIENTED_EDGE ( 'NONE', *, *, #824, .T. ) ;
#1024 = DIRECTION ( 'NONE',  ( 0.000000000000000000, 0.000000000000000000, 1.000000000000000000 ) ) ;
#1025 = ORIENTED_EDGE ( 'NONE', *, *, #943, .T. ) ;
#1026 = ORIENTED_EDGE ( 'NONE', *, *, #448, .T. ) ;
#1027 = VECTOR ( 'NONE', #1161, 1000.000000000000000 ) ;
#1028 = DIRECTION ( 'NONE',  ( 0.9672309653794338713, -0.000000000000000000, 0.2538981284121025195 ) ) ;
#1029 = DIRECTION ( 'NONE',  ( 0.000000000000000000, 0.000000000000000000, 1.000000000000000000 ) ) ;
#1030 = LINE ( 'NONE', #63, #1463 ) ;
#1031 = VECTOR ( 'NONE', #717, 1000.000000000000000 ) ;
#1032 = VERTEX_POINT ( 'NONE', #340 ) ;
#1033 = CIRCLE ( 'NONE', #526, 0.5000000000000001110 ) ;
#1034 = AXIS2_PLACEMENT_3D ( 'NONE', #2034, #1222, #1068 ) ;
#1035 = DIRECTION ( 'NONE',  ( 1.000000000000000000, 0.000000000000000000, -0.000000000000000000 ) ) ;
#1036 = VECTOR ( 'NONE', #608, 1000.000000000000000 ) ;
#1037 = EDGE_LOOP ( 'NONE', ( #1274, #1511, #1587, #45 ) ) ;
#1038 = VERTEX_POINT ( 'NONE', #155 ) ;
#1039 = DIRECTION ( 'NONE',  ( 0.000000000000000000, 0.000000000000000000, -1.000000000000000000 ) ) ;
#1040 = EDGE_CURVE ( 'NONE', #1015, #924, #984, .T. ) ;
#1041 = ORIENTED_EDGE ( 'NONE', *, *, #2017, .T. ) ;
#1042 = VERTEX_POINT ( 'NONE', #476 ) ;
#1043 = LINE ( 'NONE', #1682, #1192 ) ;
#1044 = CARTESIAN_POINT ( 'NONE',  ( -2.050000000000182787, 6.900000000000075850, -2.099999999999944578 ) ) ;
#1045 = LINE ( 'NONE', #74, #58 ) ;
#1046 = ORIENTED_EDGE ( 'NONE', *, *, #3, .F. ) ;
#1047 = DIRECTION ( 'NONE',  ( 0.000000000000000000, -1.000000000000000000, 0.000000000000000000 ) ) ;
#1048 = VERTEX_POINT ( 'NONE', #1625 ) ;
#1049 = VERTEX_POINT ( 'NONE', #787 ) ;
#1050 = DIRECTION ( 'NONE',  ( 0.000000000000000000, 0.000000000000000000, 1.000000000000000000 ) ) ;
#1051 = ORIENTED_EDGE ( 'NONE', *, *, #1960, .F. ) ;
#1052 = ORIENTED_EDGE ( 'NONE', *, *, #378, .T. ) ;
#1053 = VERTEX_POINT ( 'NONE', #1608 ) ;
#1054 = ADVANCED_FACE ( 'NONE', ( #1764 ), #1597, .F. ) ;
#1055 = DIRECTION ( 'NONE',  ( -0.000000000000000000, 1.000000000000000000, 0.000000000000000000 ) ) ;
#1056 = CARTESIAN_POINT ( 'NONE',  ( 1.599999999999812905, 6.900000000000077627, -0.9499999999999344524 ) ) ;
#1057 = DIRECTION ( 'NONE',  ( 0.000000000000000000, 0.000000000000000000, -1.000000000000000000 ) ) ;
#1058 = ADVANCED_FACE ( 'NONE', ( #655 ), #308, .F. ) ;
#1059 = LINE ( 'NONE', #822, #1936 ) ;
#1060 = CARTESIAN_POINT ( 'NONE',  ( -1.000000000000182077, 6.400000000000077627, 0.8000000000000550004 ) ) ;
#1061 = ORIENTED_EDGE ( 'NONE', *, *, #366, .F. ) ;
#1062 = PRODUCT ( 'CONNECTOR,JST XH,F,02 PIN', 'CONNECTOR,JST XH,F,02 PIN', '', ( #1410 ) ) ;
#1063 = VERTEX_POINT ( 'NONE', #146 ) ;
#1064 = DIRECTION ( 'NONE',  ( 0.000000000000000000, 1.000000000000000000, -0.000000000000000000 ) ) ;
#1065 = ORIENTED_EDGE ( 'NONE', *, *, #1040, .T. ) ;
#1066 = ORIENTED_EDGE ( 'NONE', *, *, #1895, .F. ) ;
#1067 = CARTESIAN_POINT ( 'NONE',  ( -3.500000000000182077, 6.400000000000077627, -1.599999999999937028 ) ) ;
#1068 = DIRECTION ( 'NONE',  ( 0.000000000000000000, 0.000000000000000000, 1.000000000000000000 ) ) ;
#1069 = LINE ( 'NONE', #1550, #940 ) ;
#1070 = FACE_OUTER_BOUND ( 'NONE', #145, .T. ) ;
#1071 = EDGE_CURVE ( 'NONE', #362, #1158, #630, .T. ) ;
#1072 = AXIS2_PLACEMENT_3D ( 'NONE', #1925, #1611, #801 ) ;
#1073 = DIRECTION ( 'NONE',  ( 0.000000000000000000, 0.000000000000000000, 1.000000000000000000 ) ) ;
#1074 = ORIENTED_EDGE ( 'NONE', *, *, #1373, .F. ) ;
#1075 = VECTOR ( 'NONE', #1468, 1000.000000000000000 ) ;
#1076 = ORIENTED_EDGE ( 'NONE', *, *, #1988, .T. ) ;
#1077 = AXIS2_PLACEMENT_3D ( 'NONE', #474, #639, #306 ) ;
#1078 = ORIENTED_EDGE ( 'NONE', *, *, #323, .F. ) ;
#1079 = LINE ( 'NONE', #1241, #1489 ) ;
#1080 = ORIENTED_EDGE ( 'NONE', *, *, #1558, .T. ) ;
#1081 = LINE ( 'NONE', #1089, #2042 ) ;
#1082 = CARTESIAN_POINT ( 'NONE',  ( -0.6468750000001944889, 2.024500000000077460, -2.550000000000003375 ) ) ;
#1083 = EDGE_CURVE ( 'NONE', #769, #1048, #491, .T. ) ;
#1084 = DIRECTION ( 'NONE',  ( 0.08662961636484553529, 0.9962405881956825082, 0.000000000000000000 ) ) ;
#1085 = ORIENTED_EDGE ( 'NONE', *, *, #1147, .T. ) ;
#1086 = ORIENTED_EDGE ( 'NONE', *, *, #777, .F. ) ;
#1087 = FACE_OUTER_BOUND ( 'NONE', #1600, .T. ) ;
#1088 = EDGE_LOOP ( 'NONE', ( #669, #1187, #281, #377 ) ) ;
#1089 = CARTESIAN_POINT ( 'NONE',  ( -4.100000000000183498, 6.900000000000075850, 0.8000000000000550004 ) ) ;
#1090 = DIRECTION ( 'NONE',  ( 0.000000000000000000, 1.000000000000000000, 0.000000000000000000 ) ) ;
#1091 = LINE ( 'NONE', #746, #1529 ) ;
#1092 = DIRECTION ( 'NONE',  ( 0.08662961636484667327, -0.9962405881956825082, 0.000000000000000000 ) ) ;
#1093 = ADVANCED_FACE ( 'NONE', ( #1275 ), #641, .F. ) ;
#1094 = ORIENTED_EDGE ( 'NONE', *, *, #151, .T. ) ;
#1095 = LINE ( 'NONE', #915, #600 ) ;
#1096 = ORIENTED_EDGE ( 'NONE', *, *, #259, .T. ) ;
#1097 = DIRECTION ( 'NONE',  ( 0.000000000000000000, 0.000000000000000000, 1.000000000000000000 ) ) ;
#1098 = PLANE ( 'NONE',  #1577 ) ;
#1099 = LINE ( 'NONE', #114, #818 ) ;
#1100 = AXIS2_PLACEMENT_3D ( 'NONE', #1883, #2035, #1261 ) ;
#1101 = DIRECTION ( 'NONE',  ( 0.000000000000000000, -1.000000000000000000, -2.209838822900390589E-16 ) ) ;
#1102 = ORIENTED_EDGE ( 'NONE', *, *, #1909, .T. ) ;
#1103 = CARTESIAN_POINT ( 'NONE',  ( -2.950000000000176037, 2.024500000000077460, -1.799999999999929212 ) ) ;
#1104 = VECTOR ( 'NONE', #390, 1000.000000000000000 ) ;
#1105 = VECTOR ( 'NONE', #732, 1000.000000000000000 ) ;
#1106 = LINE ( 'NONE', #131, #1742 ) ;
#1107 = ADVANCED_FACE ( 'NONE', ( #335 ), #176, .F. ) ;
#1108 = DATE_AND_TIME ( #1436, #393 ) ;
#1109 = EDGE_LOOP ( 'NONE', ( #1374, #1102 ) ) ;
#1110 = VECTOR ( 'NONE', #557, 1000.000000000000000 ) ;
#1111 = DIRECTION ( 'NONE',  ( 0.000000000000000000, 0.000000000000000000, -1.000000000000000000 ) ) ;
#1112 = FACE_OUTER_BOUND ( 'NONE', #558, .T. ) ;
#1113 = EDGE_LOOP ( 'NONE', ( #1917, #82, #1471, #882 ) ) ;
#1114 = DIRECTION ( 'NONE',  ( 0.000000000000000000, -0.000000000000000000, 1.000000000000000000 ) ) ;
#1115 = DIRECTION ( 'NONE',  ( 2.967839445840202604E-31, 2.209838822900390589E-16, -1.000000000000000000 ) ) ;
#1116 = EDGE_CURVE ( 'NONE', #886, #418, #1781, .T. ) ;
#1117 = DIRECTION ( 'NONE',  ( 0.000000000000000000, -0.000000000000000000, 1.000000000000000000 ) ) ;
#1118 = EDGE_CURVE ( 'NONE', #286, #311, #1331, .T. ) ;
#1119 = CARTESIAN_POINT ( 'NONE',  ( -2.950000000000180922, 6.400000000000077627, -2.099999999999944578 ) ) ;
#1120 = CARTESIAN_POINT ( 'NONE',  ( -1.500000000000180744, 6.400000000000077627, 0.8000000000000550004 ) ) ;
#1121 = VERTEX_POINT ( 'NONE', #236 ) ;
#1122 = LINE ( 'NONE', #816, #1772 ) ;
#1123 = CARTESIAN_POINT ( 'NONE',  ( -2.950000000000176037, 2.024500000000077460, -1.799999999999929212 ) ) ;
#1124 = CARTESIAN_POINT ( 'NONE',  ( -2.500000000000179856, 6.400000000000077627, 0.6000000000000703659 ) ) ;
#1125 = DIRECTION ( 'NONE',  ( -1.000000000000000000, 0.000000000000000000, -0.000000000000000000 ) ) ;
#1126 = LINE ( 'NONE', #1615, #763 ) ;
#1127 = EDGE_CURVE ( 'NONE', #1724, #459, #1949, .T. ) ;
#1128 = VECTOR ( 'NONE', #384, 1000.000000000000000 ) ;
#1129 = APPROVAL ( #1134, 'UNSPECIFIED' ) ;
#1130 = DIRECTION ( 'NONE',  ( 1.084202172485503448E-16, -0.000000000000000000, 1.000000000000000000 ) ) ;
#1131 = VECTOR ( 'NONE', #1581, 1000.000000000000000 ) ;
#1132 = AXIS2_PLACEMENT_3D ( 'NONE', #182, #976, #1257 ) ;
#1133 = CARTESIAN_POINT ( 'NONE',  ( 1.599999999999817346, 6.900000000000077627, -2.599999999999936584 ) ) ;
#1134 = APPROVAL_STATUS ( 'not_yet_approved' ) ;
#1135 = VECTOR ( 'NONE', #1965, 1000.000000000000000 ) ;
#1136 = DIRECTION ( 'NONE',  ( -1.000000000000000000, 0.000000000000000000, -0.000000000000000000 ) ) ;
#1137 = AXIS2_PLACEMENT_3D ( 'NONE', #796, #1428, #483 ) ;
#1138 = DIRECTION ( 'NONE',  ( 1.000000000000000000, 0.000000000000000000, -0.000000000000000000 ) ) ;
#1139 = FACE_OUTER_BOUND ( 'NONE', #1408, .T. ) ;
#1140 = EDGE_CURVE ( 'NONE', #550, #615, #1809, .T. ) ;
#1141 = DIRECTION ( 'NONE',  ( 0.000000000000000000, 0.000000000000000000, -1.000000000000000000 ) ) ;
#1142 = PLANE ( 'NONE',  #356 ) ;
#1143 = PERSON_AND_ORGANIZATION ( #1860, #503 ) ;
#1144 = FACE_BOUND ( 'NONE', #117, .T. ) ;
#1145 = LINE ( 'NONE', #1298, #1434 ) ;
#1146 = CARTESIAN_POINT ( 'NONE',  ( -2.500000000000127898, -1.414213562373094701, -0.5000000000000031086 ) ) ;
#1147 = EDGE_CURVE ( 'NONE', #1865, #1197, #1675, .T. ) ;
#1148 = CARTESIAN_POINT ( 'NONE',  ( -1.250000000000128120, 4.500000000000000888, -3.035766082959412415E-15 ) ) ;
#1149 = EDGE_CURVE ( 'NONE', #599, #238, #1327, .T. ) ;
#1150 = ORIENTED_EDGE ( 'NONE', *, *, #368, .T. ) ;
#1151 = EDGE_LOOP ( 'NONE', ( #1952, #1840, #484, #237 ) ) ;
#1152 = CARTESIAN_POINT ( 'NONE',  ( -1.700000000000194467, -0.8499999999999224842, 1.500000000000062839 ) ) ;
#1153 = PLANE ( 'NONE',  #195 ) ;
#1154 = DIRECTION ( 'NONE',  ( 0.2538981284121004101, 0.000000000000000000, 0.9672309653794343154 ) ) ;
#1155 = DIRECTION ( 'NONE',  ( 0.000000000000000000, 1.000000000000000000, 0.000000000000000000 ) ) ;
#1156 = CARTESIAN_POINT ( 'NONE',  ( -1.853125000000159561, 2.024500000000077460, -2.550000000000003375 ) ) ;
#1157 = AXIS2_PLACEMENT_3D ( 'NONE', #72, #243, #520 ) ;
#1158 = VERTEX_POINT ( 'NONE', #1315 ) ;
#1159 = VECTOR ( 'NONE', #2023, 1000.000000000000000 ) ;
#1160 = EDGE_CURVE ( 'NONE', #762, #1204, #1498, .T. ) ;
#1161 = DIRECTION ( 'NONE',  ( 0.000000000000000000, 0.000000000000000000, 1.000000000000000000 ) ) ;
#1162 = DIRECTION ( 'NONE',  ( -1.000000000000000000, -0.000000000000000000, -0.000000000000000000 ) ) ;
#1163 = AXIS2_PLACEMENT_3D ( 'NONE', #1942, #504, #1141 ) ;
#1164 = CIRCLE ( 'NONE', #1610, 0.8000000000000007105 ) ;
#1165 = ORIENTED_EDGE ( 'NONE', *, *, #1444, .T. ) ;
#1166 = CARTESIAN_POINT ( 'NONE',  ( -1.279358563532895232E-13, 4.500000000000000888, -3.469446951953614189E-15 ) ) ;
#1167 = LINE ( 'NONE', #80, #389 ) ;
#1168 = ORIENTED_EDGE ( 'NONE', *, *, #276, .F. ) ;
#1169 = ORIENTED_EDGE ( 'NONE', *, *, #1649, .F. ) ;
#1170 = CARTESIAN_POINT ( 'NONE',  ( -2.500000000000127898, 4.336808689942017736E-16, -3.035766082959412415E-15 ) ) ;
#1171 = CARTESIAN_POINT ( 'NONE',  ( -2.500000000000206946, 3.450000000000075673, 2.300000000000063327 ) ) ;
#1172 = DIRECTION ( 'NONE',  ( 0.000000000000000000, 0.000000000000000000, 1.000000000000000000 ) ) ;
#1173 = EDGE_CURVE ( 'NONE', #759, #698, #1011, .T. ) ;
#1174 = CARTESIAN_POINT ( 'NONE',  ( -2.050000000000182787, 6.400000000000077627, -2.099999999999944578 ) ) ;
#1175 = PLANE ( 'NONE',  #1743 ) ;
#1176 = EDGE_LOOP ( 'NONE', ( #1094, #821, #541, #2001 ) ) ;
#1177 = CARTESIAN_POINT ( 'NONE',  ( 0.4499999999998220979, 2.024500000000077460, -1.799999999999936096 ) ) ;
#1178 = ORIENTED_EDGE ( 'NONE', *, *, #1907, .F. ) ;
#1179 = VERTEX_POINT ( 'NONE', #508 ) ;
#1180 = CARTESIAN_POINT ( 'NONE',  ( -0.8000000000001790124, -0.8499999999999224842, 1.500000000000062839 ) ) ;
#1181 = DIRECTION ( 'NONE',  ( 0.000000000000000000, 0.000000000000000000, 1.000000000000000000 ) ) ;
#1182 = LINE ( 'NONE', #1672, #333 ) ;
#1183 = VERTEX_POINT ( 'NONE', #858 ) ;
#1184 = EDGE_CURVE ( 'NONE', #1015, #1014, #1819, .T. ) ;
#1185 = CARTESIAN_POINT ( 'NONE',  ( -0.8000000000001928901, 6.100000000000076028, 2.300000000000063327 ) ) ;
#1186 = ORIENTED_EDGE ( 'NONE', *, *, #212, .T. ) ;
#1187 = ORIENTED_EDGE ( 'NONE', *, *, #1641, .F. ) ;
#1188 = DIRECTION ( 'NONE',  ( -1.000000000000000000, -3.043374519257556029E-16, 0.000000000000000000 ) ) ;
#1189 = VERTEX_POINT ( 'NONE', #1476 ) ;
#1190 = ORIENTED_EDGE ( 'NONE', *, *, #863, .F. ) ;
#1191 = ORIENTED_EDGE ( 'NONE', *, *, #1519, .T. ) ;
#1192 = VECTOR ( 'NONE', #878, 1000.000000000000000 ) ;
#1193 = LINE ( 'NONE', #401, #22 ) ;
#1194 = CARTESIAN_POINT ( 'NONE',  ( -2.500000000000179856, 5.400000000000076739, -0.1999999999999302613 ) ) ;
#1195 = LINE ( 'NONE', #1481, #305 ) ;
#1196 = AXIS2_PLACEMENT_3D ( 'NONE', #992, #875, #1024 ) ;
#1197 = VERTEX_POINT ( 'NONE', #359 ) ;
#1198 = AXIS2_PLACEMENT_3D ( 'NONE', #144, #952, #1762 ) ;
#1199 = VECTOR ( 'NONE', #1658, 1000.000000000000000 ) ;
#1200 = LINE ( 'NONE', #711, #270 ) ;
#1201 = AXIS2_PLACEMENT_3D ( 'NONE', #733, #908, #1569 ) ;
#1202 = ORIENTED_EDGE ( 'NONE', *, *, #1147, .F. ) ;
#1203 = EDGE_CURVE ( 'NONE', #1638, #169, #1643, .T. ) ;
#1204 = VERTEX_POINT ( 'NONE', #1966 ) ;
#1205 = CARTESIAN_POINT ( 'NONE',  ( 0.4499999999998220979, 4.336808689942017736E-16, -1.799999999999936096 ) ) ;
#1206 = VERTEX_POINT ( 'NONE', #688 ) ;
#1207 = ADVANCED_FACE ( 'NONE', ( #193, #1788, #1650 ), #1175, .T. ) ;
#1208 = ORIENTED_EDGE ( 'NONE', *, *, #466, .F. ) ;
#1209 = DIRECTION ( 'NONE',  ( 1.000000000000000000, 3.043374519257556029E-16, -0.000000000000000000 ) ) ;
#1210 = DIRECTION ( 'NONE',  ( 0.000000000000000000, 1.000000000000000000, 0.000000000000000000 ) ) ;
#1211 = CARTESIAN_POINT ( 'NONE',  ( -1.279358563532895232E-13, 4.336808689942017736E-16, 0.4999999999999966693 ) ) ;
#1212 = ORIENTED_EDGE ( 'NONE', *, *, #737, .F. ) ;
#1213 = LINE ( 'NONE', #587, #1941 ) ;
#1214 = EDGE_LOOP ( 'NONE', ( #1074, #1726, #1808, #1372 ) ) ;
#1215 = VERTEX_POINT ( 'NONE', #42 ) ;
#1216 = DIRECTION ( 'NONE',  ( -3.043374519257556029E-16, 1.000000000000000000, 0.000000000000000000 ) ) ;
#1217 = EDGE_CURVE ( 'NONE', #819, #1370, #828, .T. ) ;
#1218 = ORIENTED_EDGE ( 'NONE', *, *, #620, .F. ) ;
#1219 = ORIENTED_EDGE ( 'NONE', *, *, #1373, .T. ) ;
#1220 = LINE ( 'NONE', #1870, #1401 ) ;
#1221 = ADVANCED_FACE ( 'NONE', ( #1021 ), #35, .F. ) ;
#1222 = DIRECTION ( 'NONE',  ( 0.000000000000000000, 1.000000000000000000, 0.000000000000000000 ) ) ;
#1223 = CARTESIAN_POINT ( 'NONE',  ( -4.100000000000183498, 6.900000000000075850, 2.300000000000063327 ) ) ;
#1224 = CARTESIAN_POINT ( 'NONE',  ( -4.100000000000186162, 4.700000000000001066, -2.599999999999936584 ) ) ;
#1225 = PLANE ( 'NONE',  #1460 ) ;
#1226 = ORIENTED_EDGE ( 'NONE', *, *, #1504, .F. ) ;
#1227 = ORIENTED_EDGE ( 'NONE', *, *, #672, .T. ) ;
#1228 = PLANE ( 'NONE',  #436 ) ;
#1229 = ORIENTED_EDGE ( 'NONE', *, *, #1853, .T. ) ;
#1230 = DIRECTION ( 'NONE',  ( -1.000000000000000000, 0.000000000000000000, -0.000000000000000000 ) ) ;
#1231 = DIRECTION ( 'NONE',  ( 1.000000000000000000, 0.000000000000000000, 0.000000000000000000 ) ) ;
#1232 = EDGE_CURVE ( 'NONE', #319, #1510, #498, .T. ) ;
#1233 = FACE_OUTER_BOUND ( 'NONE', #1855, .T. ) ;
#1234 = AXIS2_PLACEMENT_3D ( 'NONE', #14, #320, #1921 ) ;
#1235 = VECTOR ( 'NONE', #1565, 1000.000000000000000 ) ;
#1236 = DIRECTION ( 'NONE',  ( 1.000000000000000000, 0.000000000000000000, -1.084202172485503448E-16 ) ) ;
#1237 = EDGE_LOOP ( 'NONE', ( #410, #2020, #542, #373, #1596, #1080, #1716, #588 ) ) ;
#1238 = CIRCLE ( 'NONE', #1198, 0.5000000000000001110 ) ;
#1239 = AXIS2_PLACEMENT_3D ( 'NONE', #1348, #2024, #879 ) ;
#1240 = ORIENTED_EDGE ( 'NONE', *, *, #501, .T. ) ;
#1241 = CARTESIAN_POINT ( 'NONE',  ( -1.000000000000182077, 6.400000000000077627, 0.8000000000000550004 ) ) ;
#1242 = EDGE_LOOP ( 'NONE', ( #811, #1229, #1681, #1703, #625, #932, #1508, #79, #650, #1699, #1833, #2040, #1096, #577, #1186, #567, #1381, #2031, #582, #1763 ) ) ;
#1243 = CARTESIAN_POINT ( 'NONE',  ( -4.100000000000190603, 3.450000000000075673, 1.500000000000062839 ) ) ;
#1244 = CARTESIAN_POINT ( 'NONE',  ( -1.767249541151372227E-13, 3.450000000000075673, 2.300000000000063327 ) ) ;
#1245 = DIRECTION ( 'NONE',  ( -0.000000000000000000, -0.000000000000000000, -1.000000000000000000 ) ) ;
#1246 = EDGE_CURVE ( 'NONE', #1179, #840, #1341, .T. ) ;
#1247 = LINE ( 'NONE', #105, #725 ) ;
#1248 = ORIENTED_EDGE ( 'NONE', *, *, #1477, .F. ) ;
#1249 = CARTESIAN_POINT ( 'NONE',  ( -1.000000000000182077, 6.400000000000077627, 0.8000000000000550004 ) ) ;
#1250 = ORIENTED_EDGE ( 'NONE', *, *, #867, .T. ) ;
#1251 = LINE ( 'NONE', #1881, #721 ) ;
#1252 = CARTESIAN_POINT ( 'NONE',  ( 0.000000000000000000, 0.000000000000000000, 0.000000000000000000 ) ) ;
#1253 = LINE ( 'NONE', #928, #1705 ) ;
#1254 = CARTESIAN_POINT ( 'NONE',  ( -4.100000000000127542, 4.700000000000001066, -2.550000000000002931 ) ) ;
#1255 = EDGE_CURVE ( 'NONE', #865, #1719, #1989, .T. ) ;
#1256 = EDGE_LOOP ( 'NONE', ( #1687, #914, #260, #307 ) ) ;
#1257 = DIRECTION ( 'NONE',  ( 0.000000000000000000, -0.000000000000000000, -1.000000000000000000 ) ) ;
#1258 = LINE ( 'NONE', #731, #1131 ) ;
#1259 = DATE_AND_TIME ( #469, #1321 ) ;
#1260 = EDGE_LOOP ( 'NONE', ( #1856, #1553, #921, #589 ) ) ;
#1261 = DIRECTION ( 'NONE',  ( 0.2538981284121004101, 0.000000000000000000, 0.9672309653794343154 ) ) ;
#1262 = VECTOR ( 'NONE', #734, 1000.000000000000000 ) ;
#1263 = DIRECTION ( 'NONE',  ( 1.000000000000000000, -0.000000000000000000, 0.000000000000000000 ) ) ;
#1264 = VECTOR ( 'NONE', #1765, 1000.000000000000000 ) ;
#1265 = VERTEX_POINT ( 'NONE', #515 ) ;
#1266 = DIRECTION ( 'NONE',  ( 1.000000000000000000, 0.000000000000000000, -1.638349949533654756E-14 ) ) ;
#1267 = VECTOR ( 'NONE', #1382, 1000.000000000000000 ) ;
#1268 = EDGE_CURVE ( 'NONE', #1849, #271, #1798, .T. ) ;
#1269 = VECTOR ( 'NONE', #1903, 1000.000000000000000 ) ;
#1270 = CARTESIAN_POINT ( 'NONE',  ( -0.6468750000001943778, 2.024500000000077460, -2.550000000000003375 ) ) ;
#1271 = EDGE_CURVE ( 'NONE', #1854, #1638, #1848, .T. ) ;
#1272 = LINE ( 'NONE', #1927, #1911 ) ;
#1273 = CYLINDRICAL_SURFACE ( 'NONE', #1137, 0.5000000000000001110 ) ;
#1274 = ORIENTED_EDGE ( 'NONE', *, *, #592, .F. ) ;
#1275 = FACE_OUTER_BOUND ( 'NONE', #2007, .T. ) ;
#1276 = LINE ( 'NONE', #1270, #789 ) ;
#1277 = APPROVAL_ROLE ( '' ) ;
#1278 = ADVANCED_FACE ( 'NONE', ( #747 ), #1225, .T. ) ;
#1279 = CARTESIAN_POINT ( 'NONE',  ( -3.146875000000194600, 2.024500000000077460, -2.550000000000002931 ) ) ;
#1280 = LINE ( 'NONE', #1929, #225 ) ;
#1281 = DIRECTION ( 'NONE',  ( 0.08662961636484561856, 0.9962405881956825082, 0.000000000000000000 ) ) ;
#1282 = DIRECTION ( 'NONE',  ( 0.000000000000000000, 1.000000000000000000, 0.000000000000000000 ) ) ;
#1283 = DIRECTION ( 'NONE',  ( 0.000000000000000000, -1.000000000000000000, 0.000000000000000000 ) ) ;
#1284 = APPROVAL_ROLE ( '' ) ;
#1285 = LINE ( 'NONE', #805, #159 ) ;
#1286 = EDGE_CURVE ( 'NONE', #1542, #64, #455, .T. ) ;
#1287 = LINE ( 'NONE', #671, #1916 ) ;
#1288 = DIRECTION ( 'NONE',  ( 0.000000000000000000, 0.000000000000000000, -1.000000000000000000 ) ) ;
#1289 = DIRECTION ( 'NONE',  ( 1.000000000000000000, -0.000000000000000000, 0.000000000000000000 ) ) ;
#1290 = AXIS2_PLACEMENT_3D ( 'NONE', #1148, #862, #516 ) ;
#1291 = VECTOR ( 'NONE', #808, 1000.000000000000000 ) ;
#1292 = PRODUCT_DEFINITION_FORMATION_WITH_SPECIFIED_SOURCE ( 'ANY', '', #1062, .NOT_KNOWN. ) ;
#1293 = CARTESIAN_POINT ( 'NONE',  ( 1.599999999999814237, 4.700000000000001066, -2.599999999999937028 ) ) ;
#1294 = ORIENTED_EDGE ( 'NONE', *, *, #1628, .T. ) ;
#1295 = CIRCLE ( 'NONE', #1576, 0.5000000000000001110 ) ;
#1296 = CARTESIAN_POINT ( 'NONE',  ( -1.767249541151372227E-13, 3.450000000000075673, 2.300000000000063327 ) ) ;
#1297 = VECTOR ( 'NONE', #1964, 1000.000000000000000 ) ;
#1298 = CARTESIAN_POINT ( 'NONE',  ( -1.960529041877994150, 6.900000000000075850, 1.105672400785719933 ) ) ;
#1299 = EDGE_CURVE ( 'NONE', #1330, #549, #920, .T. ) ;
#1300 = EDGE_CURVE ( 'NONE', #362, #1367, #1213, .T. ) ;
#1301 = CARTESIAN_POINT ( 'NONE',  ( -0.4500000000001758704, 2.024500000000077460, -1.799999999999929212 ) ) ;
#1302 = CARTESIAN_POINT ( 'NONE',  ( 2.399999999999806288, 6.900000000000077627, 1.500000000000062839 ) ) ;
#1303 = ORIENTED_EDGE ( 'NONE', *, *, #708, .T. ) ;
#1304 = ORIENTED_EDGE ( 'NONE', *, *, #1286, .F. ) ;
#1305 = CARTESIAN_POINT ( 'NONE',  ( 0.4999999999998373523, 1.000000000000089262, 2.300000000000063327 ) ) ;
#1306 = CARTESIAN_POINT ( 'NONE',  ( -1.700000000000194245, 6.100000000000076028, 2.300000000000063327 ) ) ;
#1307 = CARTESIAN_POINT ( 'NONE',  ( 2.399999999999806288, 6.900000000000077627, 1.500000000000062839 ) ) ;
#1308 = CARTESIAN_POINT ( 'NONE',  ( -0.4500000000001805334, 6.400000000000077627, -2.099999999999945022 ) ) ;
#1309 = EDGE_CURVE ( 'NONE', #1445, #1580, #1539, .T. ) ;
#1310 = CARTESIAN_POINT ( 'NONE',  ( 2.399999999999808509, 6.900000000000077627, -1.411880215351637879 ) ) ;
#1311 = ORIENTED_EDGE ( 'NONE', *, *, #43, .F. ) ;
#1312 = DIRECTION ( 'NONE',  ( -0.000000000000000000, -0.000000000000000000, -1.000000000000000000 ) ) ;
#1313 = CARTESIAN_POINT ( 'NONE',  ( 0.4499999999998174904, 6.400000000000077627, -2.099999999999945022 ) ) ;
#1314 = CARTESIAN_POINT ( 'NONE',  ( -4.100000000000185274, 6.100000000000076028, -2.599999999999936584 ) ) ;
#1315 = CARTESIAN_POINT ( 'NONE',  ( -0.4500000000001805334, 6.400000000000077627, -1.599999999999937250 ) ) ;
#1316 = CARTESIAN_POINT ( 'NONE',  ( -0.4500000000001805334, 6.400000000000077627, -2.099999999999945022 ) ) ;
#1317 = EDGE_CURVE ( 'NONE', #400, #1905, #1887, .T. ) ;
#1318 = CIRCLE ( 'NONE', #1234, 0.5000000000000001110 ) ;
#1319 = ORIENTED_EDGE ( 'NONE', *, *, #1255, .F. ) ;
#1320 = VECTOR ( 'NONE', #37, 1000.000000000000000 ) ;
#1321 = LOCAL_TIME ( 19, 53, 35.00000000000000000, #773 ) ;
#1322 = EDGE_LOOP ( 'NONE', ( #1578, #873, #511, #898, #1961, #1864, #855, #2067, #1168, #1557, #370 ) ) ;
#1323 = CARTESIAN_POINT ( 'NONE',  ( 0.4499999999998173239, 6.900000000000076739, -2.599999999999936584 ) ) ;
#1324 = EDGE_CURVE ( 'NONE', #615, #382, #248, .T. ) ;
#1325 = CARTESIAN_POINT ( 'NONE',  ( -2.500000000000206946, 3.450000000000075673, 2.300000000000063327 ) ) ;
#1326 = LINE ( 'NONE', #245, #1405 ) ;
#1327 = CIRCLE ( 'NONE', #999, 0.5000000000000001110 ) ;
#1328 = CC_DESIGN_DATE_AND_TIME_ASSIGNMENT ( #624, #318, ( #778 ) ) ;
#1329 = AXIS2_PLACEMENT_3D ( 'NONE', #426, #273, #1388 ) ;
#1330 = VERTEX_POINT ( 'NONE', #1874 ) ;
#1331 = LINE ( 'NONE', #1483, #636 ) ;
#1332 = ORIENTED_EDGE ( 'NONE', *, *, #1931, .F. ) ;
#1333 = CARTESIAN_POINT ( 'NONE',  ( -2.950000000000180922, 6.400000000000077627, -1.599999999999937028 ) ) ;
#1334 = ORIENTED_EDGE ( 'NONE', *, *, #1412, .T. ) ;
#1335 = ORIENTED_EDGE ( 'NONE', *, *, #444, .T. ) ;
#1336 = FACE_OUTER_BOUND ( 'NONE', #1607, .T. ) ;
#1337 = FACE_OUTER_BOUND ( 'NONE', #1736, .T. ) ;
#1338 = DIRECTION ( 'NONE',  ( 1.000000000000000000, 2.721134864277347416E-15, -0.000000000000000000 ) ) ;
#1339 = EDGE_CURVE ( 'NONE', #229, #1265, #277, .T. ) ;
#1340 = EDGE_LOOP ( 'NONE', ( #1191, #703, #1669, #127 ) ) ;
#1341 = LINE ( 'NONE', #1308, #2075 ) ;
#1342 = ORIENTED_EDGE ( 'NONE', *, *, #1444, .F. ) ;
#1343 = EDGE_LOOP ( 'NONE', ( #531, #1718, #1791, #1430 ) ) ;
#1344 = DIRECTION ( 'NONE',  ( -1.000000000000000000, 0.000000000000000000, 1.521687259628778015E-16 ) ) ;
#1345 = ORIENTED_EDGE ( 'NONE', *, *, #2057, .T. ) ;
#1346 = ORIENTED_EDGE ( 'NONE', *, *, #509, .F. ) ;
#1347 = FACE_OUTER_BOUND ( 'NONE', #424, .T. ) ;
#1348 = CARTESIAN_POINT ( 'NONE',  ( -2.950000000000176037, 2.024500000000077460, -1.799999999999929212 ) ) ;
#1349 = CYLINDRICAL_SURFACE ( 'NONE', #304, 0.8000000000000007105 ) ;
#1350 = ORIENTED_EDGE ( 'NONE', *, *, #1973, .F. ) ;
#1351 = EDGE_CURVE ( 'NONE', #1121, #1396, #1686, .T. ) ;
#1352 = CARTESIAN_POINT ( 'NONE',  ( -2.500000000000177192, 4.336808689942017736E-16, -1.799999999999928768 ) ) ;
#1353 = EDGE_CURVE ( 'NONE', #382, #106, #1247, .T. ) ;
#1354 = ORIENTED_EDGE ( 'NONE', *, *, #560, .F. ) ;
#1355 = ORIENTED_EDGE ( 'NONE', *, *, #2017, .F. ) ;
#1356 = DIRECTION ( 'NONE',  ( -0.000000000000000000, -1.000000000000000000, -0.000000000000000000 ) ) ;
#1357 = ORIENTED_EDGE ( 'NONE', *, *, #897, .T. ) ;
#1358 = ORIENTED_EDGE ( 'NONE', *, *, #212, .F. ) ;
#1359 = AXIS2_PLACEMENT_3D ( 'NONE', #652, #1639, #637 ) ;
#1360 = CARTESIAN_POINT ( 'NONE',  ( -1.812786032395763414E-13, 5.400000000000076739, 0.6000000000000540457 ) ) ;
#1361 = PLANE ( 'NONE',  #165 ) ;
#1362 = CIRCLE ( 'NONE', #820, 0.7999999999999999334 ) ;
#1363 = VERTEX_POINT ( 'NONE', #1509 ) ;
#1364 = AXIS2_PLACEMENT_3D ( 'NONE', #1660, #844, #673 ) ;
#1365 = EDGE_CURVE ( 'NONE', #1183, #759, #1200, .T. ) ;
#1366 = DIRECTION ( 'NONE',  ( -1.000000000000000000, 2.083368880462344251E-15, 0.000000000000000000 ) ) ;
#1367 = VERTEX_POINT ( 'NONE', #1060 ) ;
#1368 = ADVANCED_FACE ( 'NONE', ( #883 ), #1391, .F. ) ;
#1369 = ADVANCED_BREP_SHAPE_REPRESENTATION ( 'CONNECTOR,JST XH,F,02 PIN', ( #925, #2013 ), #1746 ) ;
#1370 = VERTEX_POINT ( 'NONE', #1723 ) ;
#1371 = PLANE ( 'NONE',  #603 ) ;
#1372 = ORIENTED_EDGE ( 'NONE', *, *, #409, .F. ) ;
#1373 = EDGE_CURVE ( 'NONE', #1189, #1206, #2027, .T. ) ;
#1374 = ORIENTED_EDGE ( 'NONE', *, *, #246, .T. ) ;
#1375 = CARTESIAN_POINT ( 'NONE',  ( -3.000000000000068390, 1.000000000000081934, 1.500000000000062839 ) ) ;
#1376 = DIRECTION ( 'NONE',  ( -0.000000000000000000, 1.000000000000000000, -0.000000000000000000 ) ) ;
#1377 = DIRECTION ( 'NONE',  ( -1.000000000000000000, 5.004010026856698752E-16, 0.000000000000000000 ) ) ;
#1378 = CARTESIAN_POINT ( 'NONE',  ( -1.000000000000182077, 6.400000000000077627, -1.599999999999937250 ) ) ;
#1379 = LINE ( 'NONE', #1930, #934 ) ;
#1380 = EDGE_LOOP ( 'NONE', ( #1346, #421, #1006, #263 ) ) ;
#1381 = ORIENTED_EDGE ( 'NONE', *, *, #1491, .T. ) ;
#1382 = DIRECTION ( 'NONE',  ( -1.000000000000000000, -0.000000000000000000, 0.000000000000000000 ) ) ;
#1383 = ADVANCED_FACE ( 'NONE', ( #405 ), #284, .F. ) ;
#1384 = ORIENTED_EDGE ( 'NONE', *, *, #785, .T. ) ;
#1385 = ORIENTED_EDGE ( 'NONE', *, *, #995, .T. ) ;
#1386 = EDGE_LOOP ( 'NONE', ( #1831, #1676, #1332, #1889 ) ) ;
#1387 = DIRECTION ( 'NONE',  ( -0.000000000000000000, 0.000000000000000000, -1.000000000000000000 ) ) ;
#1388 = DIRECTION ( 'NONE',  ( -1.000000000000000000, 0.000000000000000000, -0.000000000000000000 ) ) ;
#1389 =( LENGTH_UNIT ( ) NAMED_UNIT ( * ) SI_UNIT ( .MILLI., .METRE. ) );
#1390 = PLANE ( 'NONE',  #1740 ) ;
#1391 = PLANE ( 'NONE',  #1432 ) ;
#1392 = ORIENTED_EDGE ( 'NONE', *, *, #1412, .F. ) ;
#1393 = VERTEX_POINT ( 'NONE', #419 ) ;
#1394 = VERTEX_POINT ( 'NONE', #2015 ) ;
#1395 = PLANE ( 'NONE',  #192 ) ;
#1396 = VERTEX_POINT ( 'NONE', #576 ) ;
#1397 = EDGE_CURVE ( 'NONE', #1363, #418, #1033, .T. ) ;
#1398 = DIRECTION ( 'NONE',  ( -1.000000000000000000, 0.000000000000000000, 1.521687259628778015E-16 ) ) ;
#1399 = EDGE_CURVE ( 'NONE', #1158, #459, #1379, .T. ) ;
#1400 = CARTESIAN_POINT ( 'NONE',  ( -2.500000000000127898, -1.414213562373094701, -3.035766082959412415E-15 ) ) ;
#1401 = VECTOR ( 'NONE', #425, 1000.000000000000000 ) ;
#1402 = CC_DESIGN_PERSON_AND_ORGANIZATION_ASSIGNMENT ( #148, #1910, ( #1574 ) ) ;
#1403 = VECTOR ( 'NONE', #1282, 1000.000000000000000 ) ;
#1404 = DIRECTION ( 'NONE',  ( 0.000000000000000000, 1.000000000000000000, -0.000000000000000000 ) ) ;
#1405 = VECTOR ( 'NONE', #1640, 1000.000000000000000 ) ;
#1406 = ORIENTED_EDGE ( 'NONE', *, *, #129, .F. ) ;
#1407 = CARTESIAN_POINT ( 'NONE',  ( -2.500000000000179856, 5.400000000000076739, -0.1999999999999302613 ) ) ;
#1408 = EDGE_LOOP ( 'NONE', ( #712, #1981, #551, #1350 ) ) ;
#1409 = CARTESIAN_POINT ( 'NONE',  ( -1.278746240133321430E-13, 4.336808689942017736E-16, -0.5000000000000035527 ) ) ;
#1410 = MECHANICAL_CONTEXT ( 'NONE', #667, 'mechanical' ) ;
#1411 = DIRECTION ( 'NONE',  ( 0.000000000000000000, 0.000000000000000000, 1.000000000000000000 ) ) ;
#1412 = EDGE_CURVE ( 'NONE', #530, #752, #1754, .T. ) ;
#1413 = PLANE ( 'NONE',  #499 ) ;
#1414 = ORIENTED_EDGE ( 'NONE', *, *, #43, .T. ) ;
#1415 = LINE ( 'NONE', #450, #1235 ) ;
#1416 = VERTEX_POINT ( 'NONE', #1922 ) ;
#1417 = CARTESIAN_POINT ( 'NONE',  ( -3.000000000000068390, 1.000000000000081934, 2.300000000000063327 ) ) ;
#1418 = CARTESIAN_POINT ( 'NONE',  ( -1.700000000000204903, 1.000000000000081490, 2.300000000000063327 ) ) ;
#1419 = ADVANCED_FACE ( 'NONE', ( #960 ), #1440, .T. ) ;
#1420 = DIRECTION ( 'NONE',  ( 0.000000000000000000, 1.000000000000000000, 0.000000000000000000 ) ) ;
#1421 = ADVANCED_FACE ( 'NONE', ( #1594 ), #16, .F. ) ;
#1422 = ORIENTED_EDGE ( 'NONE', *, *, #799, .T. ) ;
#1423 = CARTESIAN_POINT ( 'NONE',  ( -0.4500000000001805334, 6.400000000000077627, -2.099999999999945022 ) ) ;
#1424 = FACE_OUTER_BOUND ( 'NONE', #1747, .T. ) ;
#1425 = ORIENTED_EDGE ( 'NONE', *, *, #1339, .F. ) ;
#1426 = CARTESIAN_POINT ( 'NONE',  ( -1.812786032395763414E-13, 5.400000000000076739, -0.1999999999999458877 ) ) ;
#1427 = AXIS2_PLACEMENT_3D ( 'NONE', #866, #1028, #374 ) ;
#1428 = DIRECTION ( 'NONE',  ( 0.000000000000000000, 1.000000000000000000, 0.000000000000000000 ) ) ;
#1429 = VECTOR ( 'NONE', #1789, 1000.000000000000000 ) ;
#1430 = ORIENTED_EDGE ( 'NONE', *, *, #477, .F. ) ;
#1431 = DIRECTION ( 'NONE',  ( 0.000000000000000000, 0.000000000000000000, -1.000000000000000000 ) ) ;
#1432 = AXIS2_PLACEMENT_3D ( 'NONE', #1552, #2036, #1084 ) ;
#1433 = EDGE_CURVE ( 'NONE', #64, #2059, #1915, .T. ) ;
#1434 = VECTOR ( 'NONE', #15, 1000.000000000000000 ) ;
#1435 = LINE ( 'NONE', #985, #633 ) ;
#1436 = CALENDAR_DATE ( 2022, 28, 2 ) ;
#1437 = ORIENTED_EDGE ( 'NONE', *, *, #1568, .F. ) ;
#1438 = DIRECTION ( 'NONE',  ( -1.000000000000000000, 0.000000000000000000, 0.000000000000000000 ) ) ;
#1439 = LINE ( 'NONE', #1307, #2048 ) ;
#1440 = PLANE ( 'NONE',  #1884 ) ;
#1441 = EDGE_LOOP ( 'NONE', ( #250, #1392, #1685, #749, #90, #1422, #849, #738 ) ) ;
#1442 = FACE_BOUND ( 'NONE', #226, .T. ) ;
#1443 = CARTESIAN_POINT ( 'NONE',  ( -0.8000000000001928901, 6.100000000000076028, 2.300000000000063327 ) ) ;
#1444 = EDGE_CURVE ( 'NONE', #238, #599, #1238, .T. ) ;
#1445 = VERTEX_POINT ( 'NONE', #1939 ) ;
#1446 = DIRECTION ( 'NONE',  ( 0.000000000000000000, 1.000000000000000000, 0.000000000000000000 ) ) ;
#1447 = LINE ( 'NONE', #23, #1712 ) ;
#1448 = DIRECTION ( 'NONE',  ( -0.08662961636484654837, 0.9962405881956825082, -0.000000000000000000 ) ) ;
#1449 = DIRECTION ( 'NONE',  ( 0.000000000000000000, 0.000000000000000000, -1.000000000000000000 ) ) ;
#1450 = DIRECTION ( 'NONE',  ( 0.000000000000000000, 0.000000000000000000, 1.000000000000000000 ) ) ;
#1451 = ORIENTED_EDGE ( 'NONE', *, *, #672, .F. ) ;
#1452 = ADVANCED_FACE ( 'NONE', ( #502 ), #322, .F. ) ;
#1453 = DIRECTION ( 'NONE',  ( -0.9962405881956826192, -0.08662961636484656225, 0.000000000000000000 ) ) ;
#1454 = DIRECTION ( 'NONE',  ( 0.000000000000000000, 0.000000000000000000, -1.000000000000000000 ) ) ;
#1455 = CARTESIAN_POINT ( 'NONE',  ( 0.9999999999998195888, 6.400000000000077627, -1.599999999999937472 ) ) ;
#1456 = ADVANCED_FACE ( 'NONE', ( #1744 ), #1413, .F. ) ;
#1457 = VECTOR ( 'NONE', #1873, 1000.000000000000000 ) ;
#1458 = CARTESIAN_POINT ( 'NONE',  ( 2.399999999999808509, 6.100000000000067146, -0.4881197846482304703 ) ) ;
#1459 = VECTOR ( 'NONE', #676, 1000.000000000000000 ) ;
#1460 = AXIS2_PLACEMENT_3D ( 'NONE', #562, #1047, #896 ) ;
#1461 = CARTESIAN_POINT ( 'NONE',  ( -0.4500000000001805334, 6.400000000000077627, -2.099999999999945022 ) ) ;
#1462 = ORIENTED_EDGE ( 'NONE', *, *, #1246, .T. ) ;
#1463 = VECTOR ( 'NONE', #1162, 1000.000000000000000 ) ;
#1464 = EDGE_LOOP ( 'NONE', ( #1240, #1692 ) ) ;
#1465 = PLANE ( 'NONE',  #2072 ) ;
#1466 = DIRECTION ( 'NONE',  ( -0.000000000000000000, -1.000000000000000000, -0.000000000000000000 ) ) ;
#1467 = EDGE_CURVE ( 'NONE', #1792, #431, #646, .T. ) ;
#1468 = DIRECTION ( 'NONE',  ( -0.2538981284121005211, 0.000000000000000000, -0.9672309653794343154 ) ) ;
#1469 = CARTESIAN_POINT ( 'NONE',  ( -2.500000000000206946, 3.450000000000075673, 2.300000000000063327 ) ) ;
#1470 = ORIENTED_EDGE ( 'NONE', *, *, #1300, .F. ) ;
#1471 = ORIENTED_EDGE ( 'NONE', *, *, #1583, .T. ) ;
#1472 = CARTESIAN_POINT ( 'NONE',  ( -0.3000000000001928901, 6.900000000000077627, 1.500000000000061950 ) ) ;
#1473 = DIRECTION ( 'NONE',  ( 1.000000000000000000, -1.343011723336883001E-15, 0.000000000000000000 ) ) ;
#1474 = CARTESIAN_POINT ( 'NONE',  ( -0.4500000000001806999, 6.900000000000076739, -2.599999999999936584 ) ) ;
#1475 = ADVANCED_FACE ( 'NONE', ( #1139 ), #1586, .F. ) ;
#1476 = CARTESIAN_POINT ( 'NONE',  ( -2.050000000000182787, 6.400000000000077627, -1.599999999999937028 ) ) ;
#1477 = EDGE_CURVE ( 'NONE', #886, #1049, #1971, .T. ) ;
#1478 = CARTESIAN_POINT ( 'NONE',  ( 0.4499999999998173239, 6.900000000000075850, -1.599999999999937250 ) ) ;
#1479 = EDGE_LOOP ( 'NONE', ( #296, #1697, #730, #1384 ) ) ;
#1480 = DIRECTION ( 'NONE',  ( -0.000000000000000000, 1.000000000000000000, -0.000000000000000000 ) ) ;
#1481 = CARTESIAN_POINT ( 'NONE',  ( -1.000000000000182077, 6.900000000000075850, -2.599999999999936584 ) ) ;
#1482 = CARTESIAN_POINT ( 'NONE',  ( -0.4500000000001805334, 6.400000000000077627, -2.099999999999945022 ) ) ;
#1483 = CARTESIAN_POINT ( 'NONE',  ( -2.950000000000176037, 2.024500000000077460, -1.799999999999929212 ) ) ;
#1484 = ORIENTED_EDGE ( 'NONE', *, *, #1735, .F. ) ;
#1485 = CARTESIAN_POINT ( 'NONE',  ( -4.900000000000190425, 6.100000000000076028, 1.500000000000062839 ) ) ;
#1486 = CIRCLE ( 'NONE', #561, 0.7999999999999999334 ) ;
#1487 = ADVANCED_FACE ( 'NONE', ( #1112 ), #1273, .F. ) ;
#1488 = ORIENTED_EDGE ( 'NONE', *, *, #1300, .T. ) ;
#1489 = VECTOR ( 'NONE', #1890, 1000.000000000000000 ) ;
#1490 = ORIENTED_EDGE ( 'NONE', *, *, #1904, .F. ) ;
#1491 = EDGE_CURVE ( 'NONE', #2071, #69, #1575, .T. ) ;
#1492 = LINE ( 'NONE', #232, #657 ) ;
#1493 = DIRECTION ( 'NONE',  ( 0.000000000000000000, 1.000000000000000000, 0.000000000000000000 ) ) ;
#1494 = CARTESIAN_POINT ( 'NONE',  ( -1.279358563532895232E-13, 4.336808689942017736E-16, -3.469446951953614189E-15 ) ) ;
#1495 = VECTOR ( 'NONE', #2, 1000.000000000000000 ) ;
#1496 = VECTOR ( 'NONE', #1996, 1000.000000000000000 ) ;
#1497 = CARTESIAN_POINT ( 'NONE',  ( 1.599999999999871525, 4.336808689942017736E-16, -2.550000000000003819 ) ) ;
#1498 = LINE ( 'NONE', #369, #330 ) ;
#1499 = EDGE_LOOP ( 'NONE', ( #1998, #95, #949, #1528 ) ) ;
#1500 = ORIENTED_EDGE ( 'NONE', *, *, #33, .F. ) ;
#1501 = CARTESIAN_POINT ( 'NONE',  ( -1.700000000000199574, 6.100000000000076028, 2.300000000000063327 ) ) ;
#1502 = VERTEX_POINT ( 'NONE', #1254 ) ;
#1503 = EDGE_LOOP ( 'NONE', ( #1218, #571, #2016, #140 ) ) ;
#1504 = EDGE_CURVE ( 'NONE', #1653, #1502, #768, .T. ) ;
#1505 = CARTESIAN_POINT ( 'NONE',  ( -4.900000000000190425, 6.100000000000076028, -3.399999999999936851 ) ) ;
#1506 = LINE ( 'NONE', #402, #1943 ) ;
#1507 = FACE_OUTER_BOUND ( 'NONE', #860, .T. ) ;
#1508 = ORIENTED_EDGE ( 'NONE', *, *, #1317, .T. ) ;
#1509 = CARTESIAN_POINT ( 'NONE',  ( -2.500000000000127898, 4.500000000000000888, 0.4999999999999970579 ) ) ;
#1510 = VERTEX_POINT ( 'NONE', #490 ) ;
#1511 = ORIENTED_EDGE ( 'NONE', *, *, #1962, .F. ) ;
#1512 = ORIENTED_EDGE ( 'NONE', *, *, #1711, .F. ) ;
#1513 = DIRECTION ( 'NONE',  ( -1.000000000000000000, -0.000000000000000000, 0.000000000000000000 ) ) ;
#1514 = ORIENTED_EDGE ( 'NONE', *, *, #1725, .T. ) ;
#1515 = EDGE_LOOP ( 'NONE', ( #247, #604, #1025, #1012, #1425, #1564, #1354, #750, #78, #900, #215, #1437 ) ) ;
#1516 = LINE ( 'NONE', #1360, #1459 ) ;
#1517 = CYLINDRICAL_SURFACE ( 'NONE', #194, 0.7999999999999999334 ) ;
#1518 = CARTESIAN_POINT ( 'NONE',  ( -2.500000000000179856, 5.400000000000076739, -0.1999999999999302613 ) ) ;
#1519 = EDGE_CURVE ( 'NONE', #1651, #1580, #1126, .T. ) ;
#1520 = ORIENTED_EDGE ( 'NONE', *, *, #2046, .F. ) ;
#1521 = EDGE_CURVE ( 'NONE', #693, #575, #175, .T. ) ;
#1522 = PRODUCT_RELATED_PRODUCT_CATEGORY ( 'detail', '', ( #1062 ) ) ;
#1523 = CARTESIAN_POINT ( 'NONE',  ( -2.050000000000182787, 6.400000000000077627, -1.599999999999937028 ) ) ;
#1524 = EDGE_LOOP ( 'NONE', ( #1979, #12, #253, #269 ) ) ;
#1525 = ORIENTED_EDGE ( 'NONE', *, *, #1661, .F. ) ;
#1526 = CARTESIAN_POINT ( 'NONE',  ( 0.9999999999998195888, 6.400000000000077627, -1.599999999999937250 ) ) ;
#1527 = ORIENTED_EDGE ( 'NONE', *, *, #1620, .T. ) ;
#1528 = ORIENTED_EDGE ( 'NONE', *, *, #87, .F. ) ;
#1529 = VECTOR ( 'NONE', #2047, 1000.000000000000000 ) ;
#1530 = FACE_OUTER_BOUND ( 'NONE', #1704, .T. ) ;
#1531 = LINE ( 'NONE', #1017, #1845 ) ;
#1532 = PLANE ( 'NONE',  #399 ) ;
#1533 = VECTOR ( 'NONE', #817, 1000.000000000000000 ) ;
#1534 = CC_DESIGN_APPROVAL ( #482, ( #1292 ) ) ;
#1535 = ORIENTED_EDGE ( 'NONE', *, *, #13, .F. ) ;
#1536 = VECTOR ( 'NONE', #1932, 1000.000000000000000 ) ;
#1537 = VECTOR ( 'NONE', #534, 1000.000000000000000 ) ;
#1538 = EDGE_CURVE ( 'NONE', #1014, #1370, #463, .T. ) ;
#1539 = LINE ( 'NONE', #77, #1609 ) ;
#1540 = ORIENTED_EDGE ( 'NONE', *, *, #2066, .F. ) ;
#1541 = ORIENTED_EDGE ( 'NONE', *, *, #1907, .T. ) ;
#1542 = VERTEX_POINT ( 'NONE', #696 ) ;
#1543 = ORIENTED_EDGE ( 'NONE', *, *, #1948, .F. ) ;
#1544 = DIRECTION ( 'NONE',  ( -0.000000000000000000, 1.000000000000000000, -0.000000000000000000 ) ) ;
#1545 = EDGE_LOOP ( 'NONE', ( #1342, #1875 ) ) ;
#1546 = VERTEX_POINT ( 'NONE', #1044 ) ;
#1547 = ORIENTED_EDGE ( 'NONE', *, *, #21, .T. ) ;
#1548 = LINE ( 'NONE', #1417, #658 ) ;
#1549 = PLANE ( 'NONE',  #1329 ) ;
#1550 = CARTESIAN_POINT ( 'NONE',  ( 0.4999999999998373523, 3.450000000000068123, 2.300000000000063327 ) ) ;
#1551 = LINE ( 'NONE', #443, #1880 ) ;
#1552 = CARTESIAN_POINT ( 'NONE',  ( -2.500000000000206946, 3.450000000000075673, 2.300000000000063327 ) ) ;
#1553 = ORIENTED_EDGE ( 'NONE', *, *, #143, .F. ) ;
#1554 = ADVANCED_FACE ( 'NONE', ( #1337 ), #181, .F. ) ;
#1555 = VERTEX_POINT ( 'NONE', #1657 ) ;
#1556 = PLANE ( 'NONE',  #853 ) ;
#1557 = ORIENTED_EDGE ( 'NONE', *, *, #1309, .T. ) ;
#1558 = EDGE_CURVE ( 'NONE', #1370, #924, #815, .T. ) ;
#1559 = ORIENTED_EDGE ( 'NONE', *, *, #1641, .T. ) ;
#1560 = DIRECTION ( 'NONE',  ( 0.000000000000000000, 1.000000000000000000, 0.000000000000000000 ) ) ;
#1561 = CC_DESIGN_PERSON_AND_ORGANIZATION_ASSIGNMENT ( #810, #11, ( #778 ) ) ;
#1562 = DIRECTION ( 'NONE',  ( 1.000000000000000000, 0.000000000000000000, -0.000000000000000000 ) ) ;
#1563 = CARTESIAN_POINT ( 'NONE',  ( -0.3000000000001933342, 6.900000000000075850, 1.500000000000062839 ) ) ;
#1564 = ORIENTED_EDGE ( 'NONE', *, *, #1853, .F. ) ;
#1565 = DIRECTION ( 'NONE',  ( 0.000000000000000000, -1.000000000000000000, 1.084202172485504828E-15 ) ) ;
#1566 = VERTEX_POINT ( 'NONE', #244 ) ;
#1567 = FACE_OUTER_BOUND ( 'NONE', #904, .T. ) ;
#1568 = EDGE_CURVE ( 'NONE', #231, #1183, #1843, .T. ) ;
#1569 = DIRECTION ( 'NONE',  ( 0.000000000000000000, 0.000000000000000000, 1.000000000000000000 ) ) ;
#1570 = AXIS2_PLACEMENT_3D ( 'NONE', #1935, #1759, #981 ) ;
#1571 = DIRECTION ( 'NONE',  ( 1.000000000000000000, -1.561251128379081893E-14, 0.000000000000000000 ) ) ;
#1572 = VECTOR ( 'NONE', #847, 1000.000000000000000 ) ;
#1573 = VECTOR ( 'NONE', #1896, 1000.000000000000000 ) ;
#1574 = SECURITY_CLASSIFICATION ( '', '', #956 ) ;
#1575 = LINE ( 'NONE', #619, #2049 ) ;
#1576 = AXIS2_PLACEMENT_3D ( 'NONE', #1494, #1826, #880 ) ;
#1577 = AXIS2_PLACEMENT_3D ( 'NONE', #427, #1090, #258 ) ;
#1578 = ORIENTED_EDGE ( 'NONE', *, *, #1725, .F. ) ;
#1579 = DIRECTION ( 'NONE',  ( -1.000000000000000000, -3.043374519257556029E-16, 0.000000000000000000 ) ) ;
#1580 = VERTEX_POINT ( 'NONE', #544 ) ;
#1581 = DIRECTION ( 'NONE',  ( 1.000000000000000000, 0.000000000000000000, -1.521687259628778015E-16 ) ) ;
#1582 = LINE ( 'NONE', #745, #1846 ) ;
#1583 = EDGE_CURVE ( 'NONE', #1813, #319, #1506, .T. ) ;
#1584 = CARTESIAN_POINT ( 'NONE',  ( -4.100000000000190603, 3.450000000000075673, 1.500000000000062839 ) ) ;
#1585 = EDGE_CURVE ( 'NONE', #1813, #1655, #1164, .T. ) ;
#1586 = CYLINDRICAL_SURFACE ( 'NONE', #102, 0.5000000000000001110 ) ;
#1587 = ORIENTED_EDGE ( 'NONE', *, *, #1957, .T. ) ;
#1588 = CARTESIAN_POINT ( 'NONE',  ( -1.000000000000182077, 6.400000000000077627, 0.8000000000000550004 ) ) ;
#1589 = ORIENTED_EDGE ( 'NONE', *, *, #1807, .T. ) ;
#1590 = LINE ( 'NONE', #809, #94 ) ;
#1591 = COORDINATED_UNIVERSAL_TIME_OFFSET ( 5, 0, .BEHIND. ) ;
#1592 = CARTESIAN_POINT ( 'NONE',  ( -2.500000000000179856, 5.400000000000076739, -0.1999999999999302613 ) ) ;
#1593 = ADVANCED_FACE ( 'NONE', ( #25 ), #706, .F. ) ;
#1594 = FACE_OUTER_BOUND ( 'NONE', #1037, .T. ) ;
#1595 = EDGE_CURVE ( 'NONE', #752, #913, #1825, .T. ) ;
#1596 = ORIENTED_EDGE ( 'NONE', *, *, #1217, .T. ) ;
#1597 = PLANE ( 'NONE',  #1968 ) ;
#1598 = DIRECTION ( 'NONE',  ( 0.000000000000000000, -1.000000000000000000, 0.000000000000000000 ) ) ;
#1599 = COORDINATED_UNIVERSAL_TIME_OFFSET ( 5, 0, .BEHIND. ) ;
#1600 = EDGE_LOOP ( 'NONE', ( #715, #1470, #1547, #1051 ) ) ;
#1601 = PLANE ( 'NONE',  #1570 ) ;
#1602 = LINE ( 'NONE', #1474, #1803 ) ;
#1603 = AXIS2_PLACEMENT_3D ( 'NONE', #1170, #1480, #705 ) ;
#1604 = CARTESIAN_POINT ( 'NONE',  ( 2.449999999999871836, 4.700000000000001066, 0.5499999999999967137 ) ) ;
#1605 = AXIS2_PLACEMENT_3D ( 'NONE', #435, #1734, #614 ) ;
#1606 = ADVANCED_FACE ( 'NONE', ( #84 ), #1517, .F. ) ;
#1607 = EDGE_LOOP ( 'NONE', ( #1248, #265, #1076, #606 ) ) ;
#1608 = CARTESIAN_POINT ( 'NONE',  ( 1.599999999999811573, 4.700000000000001066, -2.599999999999936584 ) ) ;
#1609 = VECTOR ( 'NONE', #88, 1000.000000000000000 ) ;
#1610 = AXIS2_PLACEMENT_3D ( 'NONE', #1194, #1683, #1181 ) ;
#1611 = DIRECTION ( 'NONE',  ( -1.000000000000000000, 0.000000000000000000, 0.000000000000000000 ) ) ;
#1612 = APPROVAL_STATUS ( 'not_yet_approved' ) ;
#1613 = CARTESIAN_POINT ( 'NONE',  ( -4.900000000000190425, 6.100000000000076028, -2.599999999999936584 ) ) ;
#1614 = LINE ( 'NONE', #982, #135 ) ;
#1615 = CARTESIAN_POINT ( 'NONE',  ( -3.389470958122327016, 6.900000000000075850, -3.830672400785604559 ) ) ;
#1616 = CARTESIAN_POINT ( 'NONE',  ( -2.050000000000182787, 6.400000000000077627, -2.099999999999944578 ) ) ;
#1617 = ADVANCED_FACE ( 'NONE', ( #100 ), #1361, .T. ) ;
#1618 = PLANE ( 'NONE',  #329 ) ;
#1619 = APPROVAL_ROLE ( '' ) ;
#1620 = EDGE_CURVE ( 'NONE', #1555, #2071, #573, .T. ) ;
#1621 = APPROVAL ( #969, 'UNSPECIFIED' ) ;
#1622 = FACE_OUTER_BOUND ( 'NONE', #1812, .T. ) ;
#1623 = DIRECTION ( 'NONE',  ( -0.000000000000000000, -0.000000000000000000, -1.000000000000000000 ) ) ;
#1624 = CARTESIAN_POINT ( 'NONE',  ( -2.050000000000177902, 4.336808689942017736E-16, -1.799999999999936096 ) ) ;
#1625 = CARTESIAN_POINT ( 'NONE',  ( -4.900000000000190425, 6.100000000000076028, 1.500000000000062839 ) ) ;
#1626 = DIRECTION ( 'NONE',  ( 0.000000000000000000, -1.000000000000000000, 1.084202172485504828E-15 ) ) ;
#1627 = ORIENTED_EDGE ( 'NONE', *, *, #1679, .F. ) ;
#1628 = EDGE_CURVE ( 'NONE', #1049, #1363, #983, .T. ) ;
#1629 = LINE ( 'NONE', #793, #1832 ) ;
#1630 = LINE ( 'NONE', #189, #901 ) ;
#1631 = PRODUCT_DEFINITION_SHAPE ( 'NONE', 'NONE',  #778 ) ;
#1632 = DIRECTION ( 'NONE',  ( 1.000000000000000000, 3.043374519257556029E-16, -0.000000000000000000 ) ) ;
#1633 = CIRCLE ( 'NONE', #467, 0.8000000000000007105 ) ;
#1634 = VECTOR ( 'NONE', #2000, 1000.000000000000000 ) ;
#1635 = DIRECTION ( 'NONE',  ( 1.000000000000000000, 3.043374519257556029E-16, -0.000000000000000000 ) ) ;
#1636 = EDGE_LOOP ( 'NONE', ( #138, #197, #885, #518 ) ) ;
#1637 = VECTOR ( 'NONE', #1975, 1000.000000000000114 ) ;
#1638 = VERTEX_POINT ( 'NONE', #1858 ) ;
#1639 = DIRECTION ( 'NONE',  ( -1.000000000000000000, 8.953411488912554654E-16, 0.000000000000000000 ) ) ;
#1640 = DIRECTION ( 'NONE',  ( 0.000000000000000000, 1.000000000000000000, -0.000000000000000000 ) ) ;
#1641 = EDGE_CURVE ( 'NONE', #970, #1555, #339, .T. ) ;
#1642 = DIRECTION ( 'NONE',  ( 0.000000000000000000, 0.000000000000000000, -1.000000000000000000 ) ) ;
#1643 = LINE ( 'NONE', #1301, #1075 ) ;
#1644 = CARTESIAN_POINT ( 'NONE',  ( 0.4999999999998373523, 1.000000000000089262, 1.500000000000062839 ) ) ;
#1645 = ORIENTED_EDGE ( 'NONE', *, *, #560, .T. ) ;
#1646 = PLANE ( 'NONE',  #1157 ) ;
#1647 = DIRECTION ( 'NONE',  ( 0.000000000000000000, 1.000000000000000000, 0.000000000000000000 ) ) ;
#1648 = CARTESIAN_POINT ( 'NONE',  ( -1.812786032395763414E-13, 6.400000000000077627, -0.1999999999999458877 ) ) ;
#1649 = EDGE_CURVE ( 'NONE', #271, #1183, #1815, .T. ) ;
#1650 = FACE_OUTER_BOUND ( 'NONE', #1515, .T. ) ;
#1651 = VERTEX_POINT ( 'NONE', #1056 ) ;
#1652 = DIRECTION ( 'NONE',  ( -0.000000000000000000, -1.000000000000000000, 0.000000000000000000 ) ) ;
#1653 = VERTEX_POINT ( 'NONE', #415 ) ;
#1654 = ORIENTED_EDGE ( 'NONE', *, *, #323, .T. ) ;
#1655 = VERTEX_POINT ( 'NONE', #257 ) ;
#1656 = CARTESIAN_POINT ( 'NONE',  ( -1.700000000000204903, 1.000000000000081046, 2.300000000000063327 ) ) ;
#1657 = CARTESIAN_POINT ( 'NONE',  ( -2.500000000000206946, 3.450000000000075673, 2.300000000000063327 ) ) ;
#1658 = DIRECTION ( 'NONE',  ( 0.000000000000000000, 1.000000000000000000, 0.000000000000000000 ) ) ;
#1659 = CARTESIAN_POINT ( 'NONE',  ( -2.050000000000182787, 6.400000000000077627, -2.099999999999944578 ) ) ;
#1660 = CARTESIAN_POINT ( 'NONE',  ( -1.767249541151372227E-13, 2.024500000000077460, -1.799999999999928768 ) ) ;
#1661 = EDGE_CURVE ( 'NONE', #532, #599, #1531, .T. ) ;
#1662 = AXIS2_PLACEMENT_3D ( 'NONE', #1613, #1438, #160 ) ;
#1663 = EDGE_LOOP ( 'NONE', ( #1046, #279, #1488, #719, #475, #675, #553, #1462 ) ) ;
#1664 = LINE ( 'NONE', #227, #298 ) ;
#1665 = VECTOR ( 'NONE', #1188, 1000.000000000000000 ) ;
#1666 = ORIENTED_EDGE ( 'NONE', *, *, #595, .F. ) ;
#1667 = VECTOR ( 'NONE', #1092, 1000.000000000000114 ) ;
#1668 = LOCAL_TIME ( 19, 53, 35.00000000000000000, #310 ) ;
#1669 = ORIENTED_EDGE ( 'NONE', *, *, #1140, .T. ) ;
#1670 = LINE ( 'NONE', #1505, #685 ) ;
#1671 = DIRECTION ( 'NONE',  ( 1.000000000000000000, 0.000000000000000000, -0.000000000000000000 ) ) ;
#1672 = CARTESIAN_POINT ( 'NONE',  ( -4.100000000000183498, 6.900000000000075850, -2.599999999999936584 ) ) ;
#1673 = VECTOR ( 'NONE', #301, 1000.000000000000114 ) ;
#1674 = ORIENTED_EDGE ( 'NONE', *, *, #246, .F. ) ;
#1675 = LINE ( 'NONE', #50, #564 ) ;
#1676 = ORIENTED_EDGE ( 'NONE', *, *, #1271, .T. ) ;
#1677 = ORIENTED_EDGE ( 'NONE', *, *, #1083, .F. ) ;
#1678 = CARTESIAN_POINT ( 'NONE',  ( -2.050000000000177902, 2.024500000000077460, -1.799999999999936096 ) ) ;
#1679 = EDGE_CURVE ( 'NONE', #615, #111, #218, .T. ) ;
#1680 = VERTEX_POINT ( 'NONE', #907 ) ;
#1681 = ORIENTED_EDGE ( 'NONE', *, *, #2046, .T. ) ;
#1682 = CARTESIAN_POINT ( 'NONE',  ( -2.950000000000180922, 6.400000000000077627, -2.099999999999944578 ) ) ;
#1683 = DIRECTION ( 'NONE',  ( 0.000000000000000000, 1.000000000000000000, 0.000000000000000000 ) ) ;
#1684 = DIRECTION ( 'NONE',  ( -0.000000000000000000, 1.000000000000000000, -0.000000000000000000 ) ) ;
#1685 = ORIENTED_EDGE ( 'NONE', *, *, #143, .T. ) ;
#1686 = LINE ( 'NONE', #2050, #823 ) ;
#1687 = ORIENTED_EDGE ( 'NONE', *, *, #1268, .F. ) ;
#1688 = VERTEX_POINT ( 'NONE', #113 ) ;
#1689 = ORIENTED_EDGE ( 'NONE', *, *, #1769, .T. ) ;
#1690 = DIRECTION ( 'NONE',  ( 0.000000000000000000, -1.000000000000000000, 0.000000000000000000 ) ) ;
#1691 = ORIENTED_EDGE ( 'NONE', *, *, #1365, .T. ) ;
#1692 = ORIENTED_EDGE ( 'NONE', *, *, #509, .T. ) ;
#1693 = DIRECTION ( 'NONE',  ( -1.000000000000000000, -0.000000000000000000, 0.000000000000000000 ) ) ;
#1694 = DIRECTION ( 'NONE',  ( 0.2538981284121024640, 0.000000000000000000, -0.9672309653794337603 ) ) ;
#1695 = DIRECTION ( 'NONE',  ( -0.000000000000000000, -0.000000000000000000, -1.000000000000000000 ) ) ;
#1696 = ADVANCED_FACE ( 'NONE', ( #744 ), #1549, .F. ) ;
#1697 = ORIENTED_EDGE ( 'NONE', *, *, #977, .T. ) ;
#1698 = CARTESIAN_POINT ( 'NONE',  ( -2.500000000000127898, 4.500000000000000888, -3.035766082959412415E-15 ) ) ;
#1699 = ORIENTED_EDGE ( 'NONE', *, *, #428, .T. ) ;
#1700 = ORIENTED_EDGE ( 'NONE', *, *, #1365, .F. ) ;
#1701 = ORIENTED_EDGE ( 'NONE', *, *, #1116, .F. ) ;
#1702 = LINE ( 'NONE', #739, #1267 ) ;
#1703 = ORIENTED_EDGE ( 'NONE', *, *, #643, .T. ) ;
#1704 = EDGE_LOOP ( 'NONE', ( #1227, #1867, #1691, #1972, #199, #546, #451, #1226, #240, #98, #800, #315 ) ) ;
#1705 = VECTOR ( 'NONE', #275, 1000.000000000000000 ) ;
#1706 = CARTESIAN_POINT ( 'NONE',  ( -1.812786032395763414E-13, 5.400000000000076739, -0.1999999999999458877 ) ) ;
#1707 = PLANE ( 'NONE',  #689 ) ;
#1708 = VECTOR ( 'NONE', #1344, 1000.000000000000000 ) ;
#1709 = PLANE ( 'NONE',  #1100 ) ;
#1710 = VECTOR ( 'NONE', #1114, 1000.000000000000000 ) ;
#1711 = EDGE_CURVE ( 'NONE', #1510, #319, #726, .T. ) ;
#1712 = VECTOR ( 'NONE', #1138, 1000.000000000000000 ) ;
#1713 = CARTESIAN_POINT ( 'NONE',  ( -4.100000000000190603, 1.000000000000081046, 1.500000000000062839 ) ) ;
#1714 = ADVANCED_FACE ( 'NONE', ( #1871 ), #1707, .F. ) ;
#1715 = ORIENTED_EDGE ( 'NONE', *, *, #501, .F. ) ;
#1716 = ORIENTED_EDGE ( 'NONE', *, *, #470, .T. ) ;
#1717 = CARTESIAN_POINT ( 'NONE',  ( -3.146875000000194600, 2.024500000000077460, -2.550000000000002931 ) ) ;
#1718 = ORIENTED_EDGE ( 'NONE', *, *, #428, .F. ) ;
#1719 = VERTEX_POINT ( 'NONE', #806 ) ;
#1720 = CARTESIAN_POINT ( 'NONE',  ( -2.500000000000127898, -1.414213562373094701, -3.035766082959412415E-15 ) ) ;
#1721 = PLANE ( 'NONE',  #297 ) ;
#1722 = ORIENTED_EDGE ( 'NONE', *, *, #394, .F. ) ;
#1723 = CARTESIAN_POINT ( 'NONE',  ( 0.9999999999998195888, 6.900000000000075850, -1.599999999999937472 ) ) ;
#1724 = VERTEX_POINT ( 'NONE', #321 ) ;
#1725 = EDGE_CURVE ( 'NONE', #874, #1651, #1145, .T. ) ;
#1726 = ORIENTED_EDGE ( 'NONE', *, *, #799, .F. ) ;
#1727 = DIRECTION ( 'NONE',  ( 1.000000000000000000, 0.000000000000000000, -1.521687259628778015E-16 ) ) ;
#1728 = EDGE_LOOP ( 'NONE', ( #1861, #1877, #554, #1951, #1541, #1041, #1933, #1540, #1559, #1250, #420, #892 ) ) ;
#1729 = DIRECTION ( 'NONE',  ( 0.000000000000000000, 1.000000000000000000, 0.000000000000000000 ) ) ;
#1730 = PLANE ( 'NONE',  #665 ) ;
#1731 = CARTESIAN_POINT ( 'NONE',  ( -1.500000000000180744, 6.400000000000077627, 0.8000000000000550004 ) ) ;
#1732 = CARTESIAN_POINT ( 'NONE',  ( 1.599999999999813349, 6.100000000000067146, -0.9499999999999335643 ) ) ;
#1733 = ORIENTED_EDGE ( 'NONE', *, *, #1140, .F. ) ;
#1734 = DIRECTION ( 'NONE',  ( 0.000000000000000000, 0.000000000000000000, -1.000000000000000000 ) ) ;
#1735 = EDGE_CURVE ( 'NONE', #459, #1792, #1602, .T. ) ;
#1736 = EDGE_LOOP ( 'NONE', ( #1169, #1991, #2053, #1700 ) ) ;
#1737 = DIRECTION ( 'NONE',  ( 0.000000000000000000, 0.000000000000000000, 1.000000000000000000 ) ) ;
#1738 = CARTESIAN_POINT ( 'NONE',  ( 0.9999999999998195888, 6.400000000000077627, 0.8000000000000550004 ) ) ;
#1739 = ADVANCED_FACE ( 'NONE', ( #645 ), #1787, .F. ) ;
#1740 = AXIS2_PLACEMENT_3D ( 'NONE', #1592, #586, #942 ) ;
#1741 = DIRECTION ( 'NONE',  ( -0.000000000000000000, 0.000000000000000000, -1.000000000000000000 ) ) ;
#1742 = VECTOR ( 'NONE', #99, 1000.000000000000000 ) ;
#1743 = AXIS2_PLACEMENT_3D ( 'NONE', #204, #348, #991 ) ;
#1744 = FACE_OUTER_BOUND ( 'NONE', #5, .T. ) ;
#1745 = AXIS2_PLACEMENT_3D ( 'NONE', #868, #1984, #1694 ) ;
#1746 =( GEOMETRIC_REPRESENTATION_CONTEXT ( 3 ) GLOBAL_UNCERTAINTY_ASSIGNED_CONTEXT ( ( #1827 ) ) GLOBAL_UNIT_ASSIGNED_CONTEXT ( ( #1389, #585, #574 ) ) REPRESENTATION_CONTEXT ( 'NONE', 'WORKASPACE' ) );
#1747 = EDGE_LOOP ( 'NONE', ( #1666, #1319, #1802, #1190 ) ) ;
#1748 = PLANE ( 'NONE',  #1132 ) ;
#1749 = EDGE_CURVE ( 'NONE', #69, #970, #347, .T. ) ;
#1750 = DIRECTION ( 'NONE',  ( 0.000000000000000000, 1.000000000000000000, 0.000000000000000000 ) ) ;
#1751 = PERSON_AND_ORGANIZATION_ROLE ( 'design_supplier' ) ;
#1752 = EDGE_CURVE ( 'NONE', #1265, #762, #1768, .T. ) ;
#1753 = CARTESIAN_POINT ( 'NONE',  ( 1.599999999999816458, 6.100000000000076028, -2.599999999999936584 ) ) ;
#1754 = LINE ( 'NONE', #2058, #96 ) ;
#1755 = VERTEX_POINT ( 'NONE', #163 ) ;
#1756 = DIRECTION ( 'NONE',  ( 0.000000000000000000, 0.000000000000000000, -1.000000000000000000 ) ) ;
#1757 = DIRECTION ( 'NONE',  ( 0.000000000000000000, -1.000000000000000000, 0.000000000000000000 ) ) ;
#1758 = PERSON_AND_ORGANIZATION ( #1860, #503 ) ;
#1759 = DIRECTION ( 'NONE',  ( 0.000000000000000000, -1.000000000000000000, 0.000000000000000000 ) ) ;
#1760 = EDGE_CURVE ( 'NONE', #1215, #1849, #1614, .T. ) ;
#1761 = CARTESIAN_POINT ( 'NONE',  ( -4.100000000000127542, 4.336808689942017736E-16, -2.550000000000002931 ) ) ;
#1762 = DIRECTION ( 'NONE',  ( 0.000000000000000000, 0.000000000000000000, 1.000000000000000000 ) ) ;
#1763 = ORIENTED_EDGE ( 'NONE', *, *, #803, .T. ) ;
#1764 = FACE_OUTER_BOUND ( 'NONE', #1256, .T. ) ;
#1765 = DIRECTION ( 'NONE',  ( 1.343011723336883001E-15, 1.000000000000000000, 0.000000000000000000 ) ) ;
#1766 = LINE ( 'NONE', #413, #1128 ) ;
#1767 = VECTOR ( 'NONE', #313, 1000.000000000000000 ) ;
#1768 = LINE ( 'NONE', #990, #825 ) ;
#1769 = EDGE_CURVE ( 'NONE', #1121, #106, #1630, .T. ) ;
#1770 = VECTOR ( 'NONE', #287, 1000.000000000000114 ) ;
#1771 = CARTESIAN_POINT ( 'NONE',  ( 1.599999999999813349, 12.10000000000006537, -0.9499999999999404476 ) ) ;
#1772 = VECTOR ( 'NONE', #17, 1000.000000000000000 ) ;
#1773 = DIRECTION ( 'NONE',  ( 1.000000000000000000, 0.000000000000000000, -1.084202172485503448E-16 ) ) ;
#1774 = VECTOR ( 'NONE', #837, 1000.000000000000114 ) ;
#1775 = VECTOR ( 'NONE', #944, 1000.000000000000000 ) ;
#1776 = LINE ( 'NONE', #1934, #267 ) ;
#1777 = DATE_AND_TIME ( #172, #1668 ) ;
#1778 = PLANE ( 'NONE',  #1662 ) ;
#1779 = LINE ( 'NONE', #7, #528 ) ;
#1780 = CARTESIAN_POINT ( 'NONE',  ( -4.100000000000190603, -0.8499999999999224842, 1.500000000000062839 ) ) ;
#1781 = LINE ( 'NONE', #1146, #1914 ) ;
#1782 = EDGE_CURVE ( 'NONE', #1032, #1566, #1287, .T. ) ;
#1783 = DIRECTION ( 'NONE',  ( -1.000000000000000000, 0.000000000000000000, 0.000000000000000000 ) ) ;
#1784 = CALENDAR_DATE ( 2022, 28, 2 ) ;
#1785 = EDGE_LOOP ( 'NONE', ( #563, #1208, #76, #716 ) ) ;
#1786 = FACE_OUTER_BOUND ( 'NONE', #1441, .T. ) ;
#1787 = PLANE ( 'NONE',  #442 ) ;
#1788 = FACE_BOUND ( 'NONE', #945, .T. ) ;
#1789 = DIRECTION ( 'NONE',  ( 1.000000000000000000, 0.000000000000000000, -0.000000000000000000 ) ) ;
#1790 = EDGE_CURVE ( 'NONE', #383, #1445, #1439, .T. ) ;
#1791 = ORIENTED_EDGE ( 'NONE', *, *, #1804, .F. ) ;
#1792 = VERTEX_POINT ( 'NONE', #355 ) ;
#1793 = DIRECTION ( 'NONE',  ( -1.000000000000000000, -6.171612366455870887E-15, 0.000000000000000000 ) ) ;
#1794 = ADVANCED_FACE ( 'NONE', ( #958 ), #1002, .T. ) ;
#1795 = LINE ( 'NONE', #833, #395 ) ;
#1796 = DIRECTION ( 'NONE',  ( 0.000000000000000000, 1.000000000000000000, -0.000000000000000000 ) ) ;
#1797 = VECTOR ( 'NONE', #524, 1000.000000000000000 ) ;
#1798 = LINE ( 'NONE', #1352, #1573 ) ;
#1799 = VECTOR ( 'NONE', #1356, 1000.000000000000000 ) ;
#1800 = AXIS2_PLACEMENT_3D ( 'NONE', #1249, #887, #1898 ) ;
#1801 = LINE ( 'NONE', #839, #1708 ) ;
#1802 = ORIENTED_EDGE ( 'NONE', *, *, #1948, .T. ) ;
#1803 = VECTOR ( 'NONE', #32, 1000.000000000000000 ) ;
#1804 = EDGE_CURVE ( 'NONE', #434, #748, #202, .T. ) ;
#1805 = DIRECTION ( 'NONE',  ( -0.000000000000000000, -1.000000000000000000, -0.000000000000000000 ) ) ;
#1806 = DIRECTION ( 'NONE',  ( 0.000000000000000000, 0.000000000000000000, 1.000000000000000000 ) ) ;
#1807 = EDGE_CURVE ( 'NONE', #872, #1042, #662, .T. ) ;
#1808 = ORIENTED_EDGE ( 'NONE', *, *, #394, .T. ) ;
#1809 = LINE ( 'NONE', #1458, #1774 ) ;
#1810 = ORIENTED_EDGE ( 'NONE', *, *, #488, .F. ) ;
#1811 = LINE ( 'NONE', #397, #525 ) ;
#1812 = EDGE_LOOP ( 'NONE', ( #581, #537, #601, #492 ) ) ;
#1813 = VERTEX_POINT ( 'NONE', #1937 ) ;
#1814 = PLANE ( 'NONE',  #1427 ) ;
#1815 = LINE ( 'NONE', #1624, #638 ) ;
#1816 = DIRECTION ( 'NONE',  ( 0.000000000000000000, 1.000000000000000000, 0.000000000000000000 ) ) ;
#1817 = FACE_OUTER_BOUND ( 'NONE', #916, .T. ) ;
#1818 = EDGE_CURVE ( 'NONE', #752, #1688, #500, .T. ) ;
#1819 = LINE ( 'NONE', #223, #1104 ) ;
#1820 = VERTEX_POINT ( 'NONE', #1761 ) ;
#1821 = FACE_OUTER_BOUND ( 'NONE', #1176, .T. ) ;
#1822 = ORIENTED_EDGE ( 'NONE', *, *, #1118, .F. ) ;
#1823 = ORIENTED_EDGE ( 'NONE', *, *, #836, .F. ) ;
#1824 = FACE_OUTER_BOUND ( 'NONE', #1728, .T. ) ;
#1825 = LINE ( 'NONE', #385, #2077 ) ;
#1826 = DIRECTION ( 'NONE',  ( -0.000000000000000000, 1.000000000000000000, -0.000000000000000000 ) ) ;
#1827 = UNCERTAINTY_MEASURE_WITH_UNIT (LENGTH_MEASURE( 1.000000000000000082E-05 ), #1389, 'distance_accuracy_value', 'NONE');
#1828 = ORIENTED_EDGE ( 'NONE', *, *, #21, .F. ) ;
#1829 = EDGE_CURVE ( 'NONE', #874, #1121, #1779, .T. ) ;
#1830 = CARTESIAN_POINT ( 'NONE',  ( -4.100000000000183498, 6.900000000000075850, -1.599999999999937250 ) ) ;
#1831 = ORIENTED_EDGE ( 'NONE', *, *, #480, .F. ) ;
#1832 = VECTOR ( 'NONE', #186, 1000.000000000000000 ) ;
#1833 = ORIENTED_EDGE ( 'NONE', *, *, #366, .T. ) ;
#1834 = FACE_OUTER_BOUND ( 'NONE', #1847, .T. ) ;
#1835 = VECTOR ( 'NONE', #239, 1000.000000000000000 ) ;
#1836 = ORIENTED_EDGE ( 'NONE', *, *, #1397, .T. ) ;
#1837 = EDGE_CURVE ( 'NONE', #698, #286, #1280, .T. ) ;
#1838 = VECTOR ( 'NONE', #527, 1000.000000000000114 ) ;
#1839 = APPROVAL_PERSON_ORGANIZATION ( #495, #1129, #1284 ) ;
#1840 = ORIENTED_EDGE ( 'NONE', *, *, #737, .T. ) ;
#1841 = VERTEX_POINT ( 'NONE', #331 ) ;
#1842 = DIRECTION ( 'NONE',  ( 1.000000000000000000, 0.000000000000000000, -0.000000000000000000 ) ) ;
#1843 = LINE ( 'NONE', #718, #1496 ) ;
#1844 = DIRECTION ( 'NONE',  ( -0.000000000000000000, -0.000000000000000000, -1.000000000000000000 ) ) ;
#1845 = VECTOR ( 'NONE', #233, 1000.000000000000000 ) ;
#1846 = VECTOR ( 'NONE', #101, 1000.000000000000000 ) ;
#1847 = EDGE_LOOP ( 'NONE', ( #786, #1334, #2028, #1823 ) ) ;
#1848 = LINE ( 'NONE', #723, #471 ) ;
#1849 = VERTEX_POINT ( 'NONE', #180 ) ;
#1850 = ORIENTED_EDGE ( 'NONE', *, *, #1904, .T. ) ;
#1851 = ORIENTED_EDGE ( 'NONE', *, *, #259, .F. ) ;
#1852 = PLANE ( 'NONE',  #1800 ) ;
#1853 = EDGE_CURVE ( 'NONE', #110, #229, #1447, .T. ) ;
#1854 = VERTEX_POINT ( 'NONE', #814 ) ;
#1855 = EDGE_LOOP ( 'NONE', ( #1958, #249 ) ) ;
#1856 = ORIENTED_EDGE ( 'NONE', *, *, #995, .F. ) ;
#1857 = CARTESIAN_POINT ( 'NONE',  ( -1.000000000000182077, 6.400000000000077627, -1.599999999999937250 ) ) ;
#1858 = CARTESIAN_POINT ( 'NONE',  ( -0.4500000000001763700, 2.024500000000077460, -1.799999999999926992 ) ) ;
#1859 = LINE ( 'NONE', #1244, #1036 ) ;
#1860 = PERSON ( 'UNSPECIFIED', 'UNSPECIFIED', 'UNSPECIFIED', ('UNSPECIFIED'), ('UNSPECIFIED'), ('UNSPECIFIED') ) ;
#1861 = ORIENTED_EDGE ( 'NONE', *, *, #777, .T. ) ;
#1862 = DIRECTION ( 'NONE',  ( -1.000000000000000000, -3.043374519257556029E-16, 0.000000000000000000 ) ) ;
#1863 = EDGE_LOOP ( 'NONE', ( #412, #1715, #2018, #38 ) ) ;
#1864 = ORIENTED_EDGE ( 'NONE', *, *, #1749, .T. ) ;
#1865 = VERTEX_POINT ( 'NONE', #697 ) ;
#1866 = LINE ( 'NONE', #422, #132 ) ;
#1867 = ORIENTED_EDGE ( 'NONE', *, *, #1568, .T. ) ;
#1868 = VERTEX_POINT ( 'NONE', #234 ) ;
#1869 = ADVANCED_FACE ( 'NONE', ( #513 ), #1985, .F. ) ;
#1870 = CARTESIAN_POINT ( 'NONE',  ( 0.4499999999998174904, 6.400000000000077627, -2.099999999999945022 ) ) ;
#1871 = FACE_OUTER_BOUND ( 'NONE', #2014, .T. ) ;
#1872 = EDGE_CURVE ( 'NONE', #1655, #1510, #403, .T. ) ;
#1873 = DIRECTION ( 'NONE',  ( 0.000000000000000000, 1.000000000000000000, 0.000000000000000000 ) ) ;
#1874 = CARTESIAN_POINT ( 'NONE',  ( -1.700000000000202238, 1.000000000000081046, 1.500000000000062839 ) ) ;
#1875 = ORIENTED_EDGE ( 'NONE', *, *, #1149, .F. ) ;
#1876 = ORIENTED_EDGE ( 'NONE', *, *, #694, .T. ) ;
#1877 = ORIENTED_EDGE ( 'NONE', *, *, #1255, .T. ) ;
#1878 = PLANE ( 'NONE',  #1605 ) ;
#1879 = EDGE_LOOP ( 'NONE', ( #67, #831, #1065, #994 ) ) ;
#1880 = VECTOR ( 'NONE', #596, 1000.000000000000000 ) ;
#1881 = CARTESIAN_POINT ( 'NONE',  ( -1.767249541151372227E-13, 4.336808689942017736E-16, -1.799999999999928768 ) ) ;
#1882 = AXIS2_PLACEMENT_3D ( 'NONE', #1706, #1729, #1097 ) ;
#1883 = CARTESIAN_POINT ( 'NONE',  ( -0.4500000000001758704, 2.024500000000077460, -1.799999999999929212 ) ) ;
#1884 = AXIS2_PLACEMENT_3D ( 'NONE', #1604, #1101, #627 ) ;
#1885 = EDGE_CURVE ( 'NONE', #1396, #1755, #1795, .T. ) ;
#1886 = AXIS2_PLACEMENT_3D ( 'NONE', #164, #293, #930 ) ;
#1887 = LINE ( 'NONE', #1563, #1667 ) ;
#1888 = ORIENTED_EDGE ( 'NONE', *, *, #1232, .F. ) ;
#1889 = ORIENTED_EDGE ( 'NONE', *, *, #351, .T. ) ;
#1890 = DIRECTION ( 'NONE',  ( 0.000000000000000000, 1.000000000000000000, -0.000000000000000000 ) ) ;
#1891 = ORIENTED_EDGE ( 'NONE', *, *, #1118, .T. ) ;
#1892 = CARTESIAN_POINT ( 'NONE',  ( -1.812786032395763414E-13, 5.400000000000076739, -0.1999999999999458877 ) ) ;
#1893 = CARTESIAN_POINT ( 'NONE',  ( -1.500000000000180744, 6.400000000000077627, -1.599999999999937028 ) ) ;
#1894 = DIRECTION ( 'NONE',  ( 0.000000000000000000, 1.000000000000000000, 0.000000000000000000 ) ) ;
#1895 = EDGE_CURVE ( 'NONE', #1546, #1206, #1045, .T. ) ;
#1896 = DIRECTION ( 'NONE',  ( 1.000000000000000000, 0.000000000000000000, -1.638349949533654756E-14 ) ) ;
#1897 = ORIENTED_EDGE ( 'NONE', *, *, #151, .F. ) ;
#1898 = DIRECTION ( 'NONE',  ( 1.000000000000000000, 0.000000000000000000, -1.084202172485503448E-16 ) ) ;
#1899 = ORIENTED_EDGE ( 'NONE', *, *, #803, .F. ) ;
#1900 = CARTESIAN_POINT ( 'NONE',  ( -1.812786032395763414E-13, 6.400000000000077627, -0.1999999999999458877 ) ) ;
#1901 = PERSON_AND_ORGANIZATION ( #1860, #503 ) ;
#1902 = CARTESIAN_POINT ( 'NONE',  ( -1.500000000000180522, 6.400000000000077627, 0.8000000000000550004 ) ) ;
#1903 = DIRECTION ( 'NONE',  ( -1.000000000000000000, -0.000000000000000000, -0.000000000000000000 ) ) ;
#1904 = EDGE_CURVE ( 'NONE', #1042, #97, #1182, .T. ) ;
#1905 = VERTEX_POINT ( 'NONE', #1976 ) ;
#1906 = DIRECTION ( 'NONE',  ( 1.638349949533654756E-14, -0.000000000000000000, 1.000000000000000000 ) ) ;
#1907 = EDGE_CURVE ( 'NONE', #434, #701, #1326, .T. ) ;
#1908 = DIRECTION ( 'NONE',  ( 0.000000000000000000, -1.000000000000000000, -0.000000000000000000 ) ) ;
#1909 = EDGE_CURVE ( 'NONE', #532, #1990, #1295, .T. ) ;
#1910 = PERSON_AND_ORGANIZATION_ROLE ( 'classification_officer' ) ;
#1911 = VECTOR ( 'NONE', #487, 1000.000000000000000 ) ;
#1912 = CYLINDRICAL_SURFACE ( 'NONE', #597, 0.5000000000000001110 ) ;
#1913 = AXIS2_PLACEMENT_3D ( 'NONE', #121, #938, #1398 ) ;
#1914 = VECTOR ( 'NONE', #1155, 1000.000000000000000 ) ;
#1915 = LINE ( 'NONE', #1120, #971 ) ;
#1916 = VECTOR ( 'NONE', #1947, 1000.000000000000000 ) ;
#1917 = ORIENTED_EDGE ( 'NONE', *, *, #1872, .F. ) ;
#1918 = FACE_OUTER_BOUND ( 'NONE', #1663, .T. ) ;
#1919 = LINE ( 'NONE', #1133, #1264 ) ;
#1920 = ADVANCED_FACE ( 'NONE', ( #869 ), #201, .T. ) ;
#1921 = DIRECTION ( 'NONE',  ( 0.000000000000000000, 0.000000000000000000, -1.000000000000000000 ) ) ;
#1922 = CARTESIAN_POINT ( 'NONE',  ( -3.000000000000068390, 1.000000000000081934, 2.300000000000063327 ) ) ;
#1923 = EDGE_LOOP ( 'NONE', ( #70, #911, #2061, #2004 ) ) ;
#1924 = DIRECTION ( 'NONE',  ( 0.000000000000000000, 1.000000000000000000, -0.000000000000000000 ) ) ;
#1925 = CARTESIAN_POINT ( 'NONE',  ( -2.950000000000180922, 6.400000000000077627, -2.099999999999944578 ) ) ;
#1926 = ADVANCED_FACE ( 'NONE', ( #852 ), #1349, .F. ) ;
#1927 = CARTESIAN_POINT ( 'NONE',  ( -0.3000000000001928901, 6.900000000000076739, -2.599999999999936584 ) ) ;
#1928 = EDGE_CURVE ( 'NONE', #530, #1841, #85, .T. ) ;
#1929 = CARTESIAN_POINT ( 'NONE',  ( -2.950000000000176037, 2.024500000000077460, -1.799999999999936096 ) ) ;
#1930 = CARTESIAN_POINT ( 'NONE',  ( -0.4500000000001805334, 6.400000000000077627, -1.599999999999937250 ) ) ;
#1931 = EDGE_CURVE ( 'NONE', #742, #1638, #1030, .T. ) ;
#1932 = DIRECTION ( 'NONE',  ( 1.000000000000000000, 0.000000000000000000, 0.000000000000000000 ) ) ;
#1933 = ORIENTED_EDGE ( 'NONE', *, *, #1521, .T. ) ;
#1934 = CARTESIAN_POINT ( 'NONE',  ( -4.900000000000190425, 6.100000000000076028, 1.500000000000062839 ) ) ;
#1935 = CARTESIAN_POINT ( 'NONE',  ( -2.050000000000182787, 6.400000000000077627, -2.099999999999944578 ) ) ;
#1936 = VECTOR ( 'NONE', #20, 1000.000000000000000 ) ;
#1937 = CARTESIAN_POINT ( 'NONE',  ( -2.500000000000179856, 5.400000000000076739, 0.6000000000000703659 ) ) ;
#1938 = CIRCLE ( 'NONE', #1882, 0.7999999999999999334 ) ;
#1939 = CARTESIAN_POINT ( 'NONE',  ( 2.399999999999806732, 6.900000000000077627, 1.500000000000062839 ) ) ;
#1940 = ADVANCED_FACE ( 'NONE', ( #1507 ), #1153, .F. ) ;
#1941 = VECTOR ( 'NONE', #1073, 1000.000000000000000 ) ;
#1942 = CARTESIAN_POINT ( 'NONE',  ( -3.000000000000068390, 1.000000000000081934, 2.300000000000063327 ) ) ;
#1943 = VECTOR ( 'NONE', #1376, 1000.000000000000000 ) ;
#1944 = APPROVAL_PERSON_ORGANIZATION ( #1758, #1621, #1277 ) ;
#1945 = PLANE ( 'NONE',  #2006 ) ;
#1946 = PLANE ( 'NONE',  #720 ) ;
#1947 = DIRECTION ( 'NONE',  ( -0.000000000000000000, -0.000000000000000000, -1.000000000000000000 ) ) ;
#1948 = EDGE_CURVE ( 'NONE', #865, #1063, #1997, .T. ) ;
#1949 = LINE ( 'NONE', #1830, #899 ) ;
#1950 = CARTESIAN_POINT ( 'NONE',  ( 0.4999999999998373523, 3.450000000000068123, 2.300000000000063327 ) ) ;
#1951 = ORIENTED_EDGE ( 'NONE', *, *, #477, .T. ) ;
#1952 = ORIENTED_EDGE ( 'NONE', *, *, #1829, .F. ) ;
#1953 = DIRECTION ( 'NONE',  ( -6.171612366455870887E-15, 1.000000000000000000, 0.000000000000000000 ) ) ;
#1954 = LINE ( 'NONE', #1313, #1297 ) ;
#1955 = DIRECTION ( 'NONE',  ( 0.000000000000000000, 0.000000000000000000, 1.000000000000000000 ) ) ;
#1956 = DIRECTION ( 'NONE',  ( -1.000000000000000000, 0.000000000000000000, -0.000000000000000000 ) ) ;
#1957 = EDGE_CURVE ( 'NONE', #1868, #819, #522, .T. ) ;
#1958 = ORIENTED_EDGE ( 'NONE', *, *, #1585, .T. ) ;
#1959 = CARTESIAN_POINT ( 'NONE',  ( -2.950000000000180922, 6.400000000000077627, -1.599999999999937028 ) ) ;
#1960 = EDGE_CURVE ( 'NONE', #578, #1724, #1195, .T. ) ;
#1961 = ORIENTED_EDGE ( 'NONE', *, *, #611, .F. ) ;
#1962 = EDGE_CURVE ( 'NONE', #1868, #1179, #1954, .T. ) ;
#1963 = FACE_OUTER_BOUND ( 'NONE', #1260, .T. ) ;
#1964 = DIRECTION ( 'NONE',  ( 0.000000000000000000, 0.000000000000000000, -1.000000000000000000 ) ) ;
#1965 = DIRECTION ( 'NONE',  ( -0.000000000000000000, -0.000000000000000000, -1.000000000000000000 ) ) ;
#1966 = CARTESIAN_POINT ( 'NONE',  ( 0.6468749999998405498, 2.024500000000077460, -2.550000000000003819 ) ) ;
#1967 = VECTOR ( 'NONE', #1908, 1000.000000000000000 ) ;
#1968 = AXIS2_PLACEMENT_3D ( 'NONE', #622, #1906, #1266 ) ;
#1969 = CARTESIAN_POINT ( 'NONE',  ( -4.100000000000183498, 6.900000000000075850, -2.099999999999944578 ) ) ;
#1970 = ORIENTED_EDGE ( 'NONE', *, *, #643, .F. ) ;
#1971 = CIRCLE ( 'NONE', #1886, 0.5000000000000001110 ) ;
#1972 = ORIENTED_EDGE ( 'NONE', *, *, #547, .F. ) ;
#1973 = EDGE_CURVE ( 'NONE', #1990, #238, #1008, .T. ) ;
#1974 = CARTESIAN_POINT ( 'NONE',  ( -3.500000000000182077, 6.900000000000075850, -2.599999999999936584 ) ) ;
#1975 = DIRECTION ( 'NONE',  ( -0.08662961636484553529, -0.9962405881956825082, -0.000000000000000000 ) ) ;
#1976 = CARTESIAN_POINT ( 'NONE',  ( -1.769417945496343236E-13, 3.450000000000075673, 1.500000000000061950 ) ) ;
#1977 = DIRECTION ( 'NONE',  ( 0.000000000000000000, -1.000000000000000000, -0.000000000000000000 ) ) ;
#1978 = DIRECTION ( 'NONE',  ( -0.2538981284121003545, 0.000000000000000000, -0.9672309653794343154 ) ) ;
#1979 = ORIENTED_EDGE ( 'NONE', *, *, #1000, .T. ) ;
#1980 = CARTESIAN_POINT ( 'NONE',  ( -4.100000000000186162, 4.700000000000001066, -2.599999999999937028 ) ) ;
#1981 = ORIENTED_EDGE ( 'NONE', *, *, #1661, .T. ) ;
#1982 = ORIENTED_EDGE ( 'NONE', *, *, #1504, .T. ) ;
#1983 = CARTESIAN_POINT ( 'NONE',  ( -1.500000000000180744, 6.400000000000077627, -1.599999999999937028 ) ) ;
#1984 = DIRECTION ( 'NONE',  ( 0.9672309653794338713, -0.000000000000000000, 0.2538981284121025195 ) ) ;
#1985 = PLANE ( 'NONE',  #794 ) ;
#1986 = EDGE_CURVE ( 'NONE', #231, #1854, #684, .T. ) ;
#1987 = LINE ( 'NONE', #1378, #1797 ) ;
#1988 = EDGE_CURVE ( 'NONE', #418, #1363, #827, .T. ) ;
#1989 = LINE ( 'NONE', #1185, #53 ) ;
#1990 = VERTEX_POINT ( 'NONE', #1211 ) ;
#1991 = ORIENTED_EDGE ( 'NONE', *, *, #775, .F. ) ;
#1992 = DIRECTION ( 'NONE',  ( -0.000000000000000000, 1.000000000000000000, -0.000000000000000000 ) ) ;
#1993 = ORIENTED_EDGE ( 'NONE', *, *, #89, .F. ) ;
#1994 = ORIENTED_EDGE ( 'NONE', *, *, #2057, .F. ) ;
#1995 = LINE ( 'NONE', #1180, #523 ) ;
#1996 = DIRECTION ( 'NONE',  ( -1.000000000000000000, 0.000000000000000000, 1.521687259628778015E-16 ) ) ;
#1997 = LINE ( 'NONE', #1306, #1110 ) ;
#1998 = ORIENTED_EDGE ( 'NONE', *, *, #1595, .F. ) ;
#1999 = ADVANCED_FACE ( 'NONE', ( #453 ), #1098, .F. ) ;
#2000 = DIRECTION ( 'NONE',  ( -1.057758217059028731E-16, 0.000000000000000000, -1.000000000000000000 ) ) ;
#2001 = ORIENTED_EDGE ( 'NONE', *, *, #1790, .F. ) ;
#2002 = CIRCLE ( 'NONE', #221, 0.7999999999999999334 ) ;
#2003 = ORIENTED_EDGE ( 'NONE', *, *, #1782, .F. ) ;
#2004 = ORIENTED_EDGE ( 'NONE', *, *, #618, .F. ) ;
#2005 = PLANE ( 'NONE',  #1290 ) ;
#2006 = AXIS2_PLACEMENT_3D ( 'NONE', #1443, #505, #979 ) ;
#2007 = EDGE_LOOP ( 'NONE', ( #1993, #1304, #1385, #1 ) ) ;
#2008 = ORIENTED_EDGE ( 'NONE', *, *, #1324, .T. ) ;
#2009 = CARTESIAN_POINT ( 'NONE',  ( 0.4499999999998173239, 6.900000000000075850, -2.099999999999945022 ) ) ;
#2010 = DIRECTION ( 'NONE',  ( 0.000000000000000000, 0.000000000000000000, 1.000000000000000000 ) ) ;
#2011 = CARTESIAN_POINT ( 'NONE',  ( -3.000000000000068390, 1.000000000000081934, 2.300000000000063327 ) ) ;
#2012 = VECTOR ( 'NONE', #1448, 1000.000000000000114 ) ;
#2013 = AXIS2_PLACEMENT_3D ( 'NONE', #1252, #594, #1231 ) ;
#2014 = EDGE_LOOP ( 'NONE', ( #255, #1810, #1994, #1178 ) ) ;
#2015 = CARTESIAN_POINT ( 'NONE',  ( -1.812786032395763414E-13, 5.400000000000076739, 0.6000000000000540457 ) ) ;
#2016 = ORIENTED_EDGE ( 'NONE', *, *, #1711, .T. ) ;
#2017 = EDGE_CURVE ( 'NONE', #701, #693, #1859, .T. ) ;
#2018 = ORIENTED_EDGE ( 'NONE', *, *, #446, .T. ) ;
#2019 = FACE_OUTER_BOUND ( 'NONE', #158, .T. ) ;
#2020 = ORIENTED_EDGE ( 'NONE', *, *, #1735, .T. ) ;
#2021 = ADVANCED_FACE ( 'NONE', ( #2044 ), #1532, .F. ) ;
#2022 = ORIENTED_EDGE ( 'NONE', *, *, #1973, .T. ) ;
#2023 = DIRECTION ( 'NONE',  ( 1.000000000000000000, 0.000000000000000000, -0.000000000000000000 ) ) ;
#2024 = DIRECTION ( 'NONE',  ( -0.9672309653794344264, 0.000000000000000000, 0.2538981284121004656 ) ) ;
#2025 = CARTESIAN_POINT ( 'NONE',  ( -2.500000000000207390, 3.450000000000075673, 1.500000000000061950 ) ) ;
#2026 = CARTESIAN_POINT ( 'NONE',  ( 2.399999999999806288, 6.100000000000076028, -3.399999999999936851 ) ) ;
#2027 = LINE ( 'NONE', #1523, #792 ) ;
#2028 = ORIENTED_EDGE ( 'NONE', *, *, #1595, .T. ) ;
#2029 = EDGE_LOOP ( 'NONE', ( #1982, #771, #1654, #116 ) ) ;
#2030 = LINE ( 'NONE', #1103, #1291 ) ;
#2031 = ORIENTED_EDGE ( 'NONE', *, *, #611, .T. ) ;
#2032 = DIRECTION ( 'NONE',  ( 0.000000000000000000, 0.000000000000000000, 1.000000000000000000 ) ) ;
#2033 = ADVANCED_FACE ( 'NONE', ( #2055 ), #1730, .F. ) ;
#2034 = CARTESIAN_POINT ( 'NONE',  ( -2.500000000000179856, 6.400000000000077627, -0.1999999999999302613 ) ) ;
#2035 = DIRECTION ( 'NONE',  ( -0.9672309653794344264, 0.000000000000000000, 0.2538981284121004656 ) ) ;
#2036 = DIRECTION ( 'NONE',  ( 0.9962405881956826192, -0.08662961636484554917, 0.000000000000000000 ) ) ;
#2037 = VERTEX_POINT ( 'NONE', #939 ) ;
#2038 = ORIENTED_EDGE ( 'NONE', *, *, #1986, .F. ) ;
#2039 = FACE_OUTER_BOUND ( 'NONE', #166, .T. ) ;
#2040 = ORIENTED_EDGE ( 'NONE', *, *, #863, .T. ) ;
#2041 = AXIS2_PLACEMENT_3D ( 'NONE', #1296, #1453, #346 ) ;
#2042 = VECTOR ( 'NONE', #623, 1000.000000000000000 ) ;
#2043 = CARTESIAN_POINT ( 'NONE',  ( 0.4999999999998373523, -0.8499999999999224842, 1.500000000000062839 ) ) ;
#2044 = FACE_OUTER_BOUND ( 'NONE', #1879, .T. ) ;
#2045 = AXIS2_PLACEMENT_3D ( 'NONE', #124, #1366, #612 ) ;
#2046 = EDGE_CURVE ( 'NONE', #229, #111, #1582, .T. ) ;
#2047 = DIRECTION ( 'NONE',  ( 0.000000000000000000, -1.000000000000000000, 1.084202172485504828E-15 ) ) ;
#2048 = VECTOR ( 'NONE', #1796, 1000.000000000000000 ) ;
#2049 = VECTOR ( 'NONE', #1281, 1000.000000000000114 ) ;
#2050 = CARTESIAN_POINT ( 'NONE',  ( -4.100000000000183498, 6.900000000000075850, -3.399999999999936851 ) ) ;
#2051 = EDGE_LOOP ( 'NONE', ( #1645, #1500, #1589, #1850, #1023, #66 ) ) ;
#2052 = DIRECTION ( 'NONE',  ( 0.000000000000000000, 0.000000000000000000, 1.000000000000000000 ) ) ;
#2053 = ORIENTED_EDGE ( 'NONE', *, *, #1173, .F. ) ;
#2054 = DIRECTION ( 'NONE',  ( 0.000000000000000000, 0.000000000000000000, 1.000000000000000000 ) ) ;
#2055 = FACE_OUTER_BOUND ( 'NONE', #1923, .T. ) ;
#2056 = LINE ( 'NONE', #1753, #128 ) ;
#2057 = EDGE_CURVE ( 'NONE', #701, #1038, #1069, .T. ) ;
#2058 = CARTESIAN_POINT ( 'NONE',  ( -2.050000000000182787, 6.400000000000077627, -1.599999999999937028 ) ) ;
#2059 = VERTEX_POINT ( 'NONE', #1893 ) ;
#2060 = CARTESIAN_POINT ( 'NONE',  ( 0.9999999999998195888, 6.400000000000077627, -1.599999999999937472 ) ) ;
#2061 = ORIENTED_EDGE ( 'NONE', *, *, #343, .F. ) ;
#2062 = DIRECTION ( 'NONE',  ( 0.000000000000000000, 0.000000000000000000, -1.000000000000000000 ) ) ;
#2063 = DATE_TIME_ROLE ( 'classification_date' ) ;
#2064 = LINE ( 'NONE', #767, #788 ) ;
#2065 = DIRECTION ( 'NONE',  ( 1.000000000000000000, 0.000000000000000000, 0.000000000000000000 ) ) ;
#2066 = EDGE_CURVE ( 'NONE', #970, #575, #441, .T. ) ;
#2067 = ORIENTED_EDGE ( 'NONE', *, *, #312, .T. ) ;
#2068 = CARTESIAN_POINT ( 'NONE',  ( -3.500000000000182077, 6.400000000000077627, 0.8000000000000550004 ) ) ;
#2069 = DIRECTION ( 'NONE',  ( -0.000000000000000000, -1.000000000000000000, -0.000000000000000000 ) ) ;
#2070 = APPROVAL_DATE_TIME ( #1108, #482 ) ;
#2071 = VERTEX_POINT ( 'NONE', #2025 ) ;
#2072 = AXIS2_PLACEMENT_3D ( 'NONE', #1426, #1446, #1117 ) ;
#2073 = FACE_OUTER_BOUND ( 'NONE', #1464, .T. ) ;
#2074 = AXIS2_PLACEMENT_3D ( 'NONE', #440, #256, #890 ) ;
#2075 = VECTOR ( 'NONE', #1956, 1000.000000000000000 ) ;
#2076 = DIRECTION ( 'NONE',  ( -0.5000000000000042188, -9.389466242107220033E-16, -0.8660254037844362651 ) ) ;
#2077 = VECTOR ( 'NONE', #556, 1000.000000000000000 ) ;
ENDSEC;
END-ISO-10303-21;
