ISO-10303-21;
HEADER;
FILE_DESCRIPTION (( 'STEP AP203' ),
    '1' );
FILE_NAME ('CONNECTOR,JST XH,F,03 PIN.step',
    '2022-03-01T00:53:40',
    ( '' ),
    ( '' ),
    'SwSTEP 2.0',
    'SolidWorks 2020',
    '' );
FILE_SCHEMA (( 'CONFIG_CONTROL_DESIGN' ));
ENDSEC;

DATA;
#1 = VERTEX_POINT ( 'NONE', #1325 ) ;
#2 = CARTESIAN_POINT ( 'NONE',  ( -2.029626466892864300E-13, 5.400000000000066080, 0.6000000000000531575 ) ) ;
#3 = VERTEX_POINT ( 'NONE', #1117 ) ;
#4 = EDGE_CURVE ( 'NONE', #1553, #2524, #1940, .T. ) ;
#5 = LINE ( 'NONE', #2257, #1789 ) ;
#6 = PERSON_AND_ORGANIZATION ( #1099, #879 ) ;
#7 = PLANE ( 'NONE',  #720 ) ;
#8 = ORIENTED_EDGE ( 'NONE', *, *, #2402, .T. ) ;
#9 = DIRECTION ( 'NONE',  ( 0.000000000000000000, 0.000000000000000000, 1.000000000000000000 ) ) ;
#10 = FACE_OUTER_BOUND ( 'NONE', #303, .T. ) ;
#11 = EDGE_LOOP ( 'NONE', ( #2367, #1178, #1267, #771 ) ) ;
#12 = CARTESIAN_POINT ( 'NONE',  ( -6.600000000000123990, 0.000000000000000000, -2.550000000000002931 ) ) ;
#13 = VERTEX_POINT ( 'NONE', #79 ) ;
#14 = CARTESIAN_POINT ( 'NONE',  ( -1.000000000000203837, 6.400000000000066080, 0.8000000000000541123 ) ) ;
#15 = ORIENTED_EDGE ( 'NONE', *, *, #569, .T. ) ;
#16 = DIRECTION ( 'NONE',  ( 1.000000000000000000, -0.000000000000000000, 0.000000000000000000 ) ) ;
#17 = DIRECTION ( 'NONE',  ( 0.000000000000000000, 1.000000000000000000, 0.000000000000000000 ) ) ;
#18 = AXIS2_PLACEMENT_3D ( 'NONE', #1225, #2631, #405 ) ;
#19 = FACE_OUTER_BOUND ( 'NONE', #1567, .T. ) ;
#20 = LINE ( 'NONE', #611, #86 ) ;
#21 = EDGE_CURVE ( 'NONE', #2019, #1046, #1516, .T. ) ;
#22 = ORIENTED_EDGE ( 'NONE', *, *, #2636, .F. ) ;
#23 = LINE ( 'NONE', #1087, #476 ) ;
#24 = ORIENTED_EDGE ( 'NONE', *, *, #899, .F. ) ;
#25 = PLANE ( 'NONE',  #942 ) ;
#26 = CARTESIAN_POINT ( 'NONE',  ( -4.700000000000193801, 6.900000000000066080, 2.300000000000063327 ) ) ;
#27 = EDGE_CURVE ( 'NONE', #1081, #1855, #1954, .T. ) ;
#28 = ORIENTED_EDGE ( 'NONE', *, *, #1319, .F. ) ;
#29 = DIRECTION ( 'NONE',  ( 0.000000000000000000, 0.000000000000000000, 1.000000000000000000 ) ) ;
#30 = CARTESIAN_POINT ( 'NONE',  ( -0.3000000000001916134, 6.900000000000066080, -2.599999999999936584 ) ) ;
#31 = DIRECTION ( 'NONE',  ( -1.000000000000000000, 0.000000000000000000, -0.000000000000000000 ) ) ;
#32 = CARTESIAN_POINT ( 'NONE',  ( 0.9999999999997979394, 6.400000000000066080, -1.599999999999937694 ) ) ;
#33 = ORIENTED_EDGE ( 'NONE', *, *, #129, .T. ) ;
#34 = VECTOR ( 'NONE', #2604, 1000.000000000000000 ) ;
#35 = CARTESIAN_POINT ( 'NONE',  ( -2.500000000000205169, 6.400000000000066080, 0.6000000000000722533 ) ) ;
#36 = VERTEX_POINT ( 'NONE', #507 ) ;
#37 = DIRECTION ( 'NONE',  ( -1.000000000000000000, 0.000000000000000000, -0.000000000000000000 ) ) ;
#38 = VECTOR ( 'NONE', #1419, 1000.000000000000000 ) ;
#39 = CARTESIAN_POINT ( 'NONE',  ( -1.760744328116459201E-13, 2.024500000000066802, -1.799999999999928768 ) ) ;
#40 = VERTEX_POINT ( 'NONE', #2296 ) ;
#41 = AXIS2_PLACEMENT_3D ( 'NONE', #1417, #1849, #1015 ) ;
#42 = ORIENTED_EDGE ( 'NONE', *, *, #407, .T. ) ;
#43 = EDGE_CURVE ( 'NONE', #1908, #1046, #903, .T. ) ;
#44 = EDGE_CURVE ( 'NONE', #94, #2389, #2313, .T. ) ;
#45 = PLANE ( 'NONE',  #2375 ) ;
#46 = CALENDAR_DATE ( 2022, 28, 2 ) ;
#47 = FACE_OUTER_BOUND ( 'NONE', #2154, .T. ) ;
#48 = DIRECTION ( 'NONE',  ( -1.000000000000000000, -2.115516434118057709E-16, 0.000000000000000000 ) ) ;
#49 = LINE ( 'NONE', #1686, #2570 ) ;
#50 = EDGE_CURVE ( 'NONE', #365, #2475, #1309, .T. ) ;
#51 = EDGE_LOOP ( 'NONE', ( #1032, #1380, #2304, #399 ) ) ;
#52 = FACE_OUTER_BOUND ( 'NONE', #119, .T. ) ;
#53 = CARTESIAN_POINT ( 'NONE',  ( -1.253337711393243126E-13, 4.500000000000000888, 0.4999999999999964473 ) ) ;
#54 = ORIENTED_EDGE ( 'NONE', *, *, #2423, .T. ) ;
#55 = ORIENTED_EDGE ( 'NONE', *, *, #50, .T. ) ;
#56 = ADVANCED_FACE ( 'NONE', ( #299 ), #113, .T. ) ;
#57 = ORIENTED_EDGE ( 'NONE', *, *, #906, .T. ) ;
#58 = AXIS2_PLACEMENT_3D ( 'NONE', #1920, #81, #909 ) ;
#59 = DIRECTION ( 'NONE',  ( 0.000000000000000000, 0.000000000000000000, -1.000000000000000000 ) ) ;
#60 = ORIENTED_EDGE ( 'NONE', *, *, #1876, .T. ) ;
#61 = CALENDAR_DATE ( 2022, 28, 2 ) ;
#62 = AXIS2_PLACEMENT_3D ( 'NONE', #2612, #780, #1218 ) ;
#63 = LINE ( 'NONE', #1304, #630 ) ;
#64 = EDGE_CURVE ( 'NONE', #871, #2208, #1927, .T. ) ;
#65 = PLANE ( 'NONE',  #853 ) ;
#66 = PLANE ( 'NONE',  #1600 ) ;
#67 = VERTEX_POINT ( 'NONE', #941 ) ;
#68 = CARTESIAN_POINT ( 'NONE',  ( -3.835529041878007028, 6.900000000000066080, 2.188204155516271676 ) ) ;
#69 = CARTESIAN_POINT ( 'NONE',  ( -3.500000000000204281, 6.900000000000066080, 0.8000000000000541123 ) ) ;
#70 = ORIENTED_EDGE ( 'NONE', *, *, #386, .F. ) ;
#71 = ORIENTED_EDGE ( 'NONE', *, *, #2128, .T. ) ;
#72 = DIRECTION ( 'NONE',  ( -0.000000000000000000, 0.000000000000000000, -1.000000000000000000 ) ) ;
#73 = DATE_AND_TIME ( #61, #1852 ) ;
#74 = DIRECTION ( 'NONE',  ( 1.000000000000000000, 0.000000000000000000, -1.586637325588543158E-16 ) ) ;
#75 = CYLINDRICAL_SURFACE ( 'NONE', #1665, 0.5000000000000000000 ) ;
#76 = EDGE_CURVE ( 'NONE', #2255, #2526, #102, .T. ) ;
#77 = AXIS2_PLACEMENT_3D ( 'NONE', #2414, #1024, #607 ) ;
#78 = CARTESIAN_POINT ( 'NONE',  ( -2.029626466892864300E-13, 5.400000000000066080, -0.1999999999999467482 ) ) ;
#79 = CARTESIAN_POINT ( 'NONE',  ( -1.000000000000203837, 6.900000000000066080, 0.8000000000000541123 ) ) ;
#80 = DIRECTION ( 'NONE',  ( 0.08662961636484065031, -0.9962405881956830633, 0.000000000000000000 ) ) ;
#81 = DIRECTION ( 'NONE',  ( 0.000000000000000000, 1.000000000000000000, 0.000000000000000000 ) ) ;
#82 = AXIS2_PLACEMENT_3D ( 'NONE', #1796, #1982, #1146 ) ;
#83 = ORIENTED_EDGE ( 'NONE', *, *, #1582, .F. ) ;
#84 = VECTOR ( 'NONE', #499, 1000.000000000000000 ) ;
#85 = LINE ( 'NONE', #651, #854 ) ;
#86 = VECTOR ( 'NONE', #836, 1000.000000000000000 ) ;
#87 = DIRECTION ( 'NONE',  ( 0.000000000000000000, 0.000000000000000000, -1.000000000000000000 ) ) ;
#88 = FACE_OUTER_BOUND ( 'NONE', #2125, .T. ) ;
#89 = EDGE_CURVE ( 'NONE', #1494, #2317, #91, .T. ) ;
#90 = CARTESIAN_POINT ( 'NONE',  ( 1.599999999999807354, -0.8499999999999332534, 1.500000000000062839 ) ) ;
#91 = LINE ( 'NONE', #1140, #2334 ) ;
#92 = DIRECTION ( 'NONE',  ( -1.000000000000000000, -2.115516434118057709E-16, 0.000000000000000000 ) ) ;
#93 = EDGE_LOOP ( 'NONE', ( #2150, #2073, #54, #1160 ) ) ;
#94 = VERTEX_POINT ( 'NONE', #1103 ) ;
#95 = LINE ( 'NONE', #487, #1456 ) ;
#96 = LINE ( 'NONE', #2540, #242 ) ;
#97 = VECTOR ( 'NONE', #860, 1000.000000000000000 ) ;
#98 = CARTESIAN_POINT ( 'NONE',  ( -1.849038105676829691, 2.024500000000066802, -2.550000000000003819 ) ) ;
#99 = AXIS2_PLACEMENT_3D ( 'NONE', #1644, #2015, #599 ) ;
#100 = ORIENTED_EDGE ( 'NONE', *, *, #2537, .F. ) ;
#101 = CARTESIAN_POINT ( 'NONE',  ( 1.599999999999797806, 4.700000000000001066, -2.599999999999937028 ) ) ;
#102 = LINE ( 'NONE', #712, #1659 ) ;
#103 = DIRECTION ( 'NONE',  ( 1.084202172485503448E-16, -0.000000000000000000, 1.000000000000000000 ) ) ;
#104 = ORIENTED_EDGE ( 'NONE', *, *, #270, .F. ) ;
#105 = DIRECTION ( 'NONE',  ( -0.000000000000000000, 0.000000000000000000, -1.000000000000000000 ) ) ;
#106 = EDGE_CURVE ( 'NONE', #1707, #3, #2353, .T. ) ;
#107 = PERSON_AND_ORGANIZATION ( #1099, #879 ) ;
#108 = EDGE_CURVE ( 'NONE', #2244, #765, #1724, .T. ) ;
#109 = LINE ( 'NONE', #1732, #1113 ) ;
#110 = LINE ( 'NONE', #1086, #1365 ) ;
#111 = ORIENTED_EDGE ( 'NONE', *, *, #620, .T. ) ;
#112 = LINE ( 'NONE', #2559, #1301 ) ;
#113 = PLANE ( 'NONE',  #850 ) ;
#114 = CARTESIAN_POINT ( 'NONE',  ( -2.029626466892864300E-13, 5.400000000000066080, 0.6000000000000531575 ) ) ;
#115 = ORIENTED_EDGE ( 'NONE', *, *, #1016, .F. ) ;
#116 = ORIENTED_EDGE ( 'NONE', *, *, #2636, .T. ) ;
#117 = AXIS2_PLACEMENT_3D ( 'NONE', #2476, #2085, #645 ) ;
#118 = CARTESIAN_POINT ( 'NONE',  ( -2.950000000000175149, 0.000000000000000000, -1.799999999999929212 ) ) ;
#119 = EDGE_LOOP ( 'NONE', ( #1316, #1692, #601, #1971 ) ) ;
#120 = CARTESIAN_POINT ( 'NONE',  ( -7.400000000000205524, 6.900000000000065192, 1.500000000000062839 ) ) ;
#121 = AXIS2_PLACEMENT_3D ( 'NONE', #2382, #1157, #1738 ) ;
#122 = DIRECTION ( 'NONE',  ( -1.000000000000000000, -0.000000000000000000, 0.000000000000000000 ) ) ;
#123 = VECTOR ( 'NONE', #435, 1000.000000000000000 ) ;
#124 = CARTESIAN_POINT ( 'NONE',  ( 1.599999999999793365, 6.900000000000066969, -2.599999999999936584 ) ) ;
#125 = ORIENTED_EDGE ( 'NONE', *, *, #2137, .T. ) ;
#126 = CARTESIAN_POINT ( 'NONE',  ( 2.399999999999807621, 6.900000000000066969, 1.500000000000062839 ) ) ;
#127 = EDGE_LOOP ( 'NONE', ( #1617, #2428, #2548, #1883 ) ) ;
#128 = DIRECTION ( 'NONE',  ( -1.000000000000000000, -0.000000000000000000, 0.000000000000000000 ) ) ;
#129 = EDGE_CURVE ( 'NONE', #1845, #2495, #1349, .T. ) ;
#130 = DIRECTION ( 'NONE',  ( -0.08662961636484065031, 0.9962405881956830633, -0.000000000000000000 ) ) ;
#131 = ORIENTED_EDGE ( 'NONE', *, *, #1384, .F. ) ;
#132 = LINE ( 'NONE', #961, #293 ) ;
#133 = DIRECTION ( 'NONE',  ( 0.000000000000000000, 1.000000000000000000, 0.000000000000000000 ) ) ;
#134 = VERTEX_POINT ( 'NONE', #741 ) ;
#135 = EDGE_CURVE ( 'NONE', #2383, #1981, #2013, .T. ) ;
#136 = ADVANCED_FACE ( 'NONE', ( #1975 ), #2002, .F. ) ;
#137 = LINE ( 'NONE', #2390, #2079 ) ;
#138 = AXIS2_PLACEMENT_3D ( 'NONE', #324, #103, #314 ) ;
#139 = CARTESIAN_POINT ( 'NONE',  ( -2.950000000000208900, 6.400000000000066080, -2.099999999999937472 ) ) ;
#140 = AXIS2_PLACEMENT_3D ( 'NONE', #1199, #176, #1000 ) ;
#141 = VERTEX_POINT ( 'NONE', #992 ) ;
#142 = CARTESIAN_POINT ( 'NONE',  ( -1.849038105676829691, 0.000000000000000000, -2.550000000000003819 ) ) ;
#143 = ORIENTED_EDGE ( 'NONE', *, *, #378, .T. ) ;
#144 = FACE_OUTER_BOUND ( 'NONE', #2136, .T. ) ;
#145 = VERTEX_POINT ( 'NONE', #1004 ) ;
#146 = FACE_BOUND ( 'NONE', #1166, .T. ) ;
#147 = PLANE ( 'NONE',  #1915 ) ;
#148 = ORIENTED_EDGE ( 'NONE', *, *, #211, .T. ) ;
#149 = FACE_OUTER_BOUND ( 'NONE', #562, .T. ) ;
#150 = EDGE_CURVE ( 'NONE', #277, #1460, #2625, .T. ) ;
#151 = EDGE_CURVE ( 'NONE', #1494, #2004, #1771, .T. ) ;
#152 = PLANE ( 'NONE',  #876 ) ;
#153 = ORIENTED_EDGE ( 'NONE', *, *, #1967, .F. ) ;
#154 = DIRECTION ( 'NONE',  ( 0.000000000000000000, 1.000000000000000000, 0.000000000000000000 ) ) ;
#155 = ORIENTED_EDGE ( 'NONE', *, *, #354, .T. ) ;
#156 = ORIENTED_EDGE ( 'NONE', *, *, #1758, .F. ) ;
#157 = DIRECTION ( 'NONE',  ( -1.000000000000000000, 0.000000000000000000, 0.000000000000000000 ) ) ;
#158 = ORIENTED_EDGE ( 'NONE', *, *, #1429, .F. ) ;
#159 = DIRECTION ( 'NONE',  ( 0.000000000000000000, -2.209838822900391082E-16, 1.000000000000000000 ) ) ;
#160 = DIRECTION ( 'NONE',  ( -0.000000000000000000, 1.000000000000000000, 0.000000000000000000 ) ) ;
#161 = VECTOR ( 'NONE', #274, 1000.000000000000000 ) ;
#162 = AXIS2_PLACEMENT_3D ( 'NONE', #477, #1291, #2092 ) ;
#163 = DIRECTION ( 'NONE',  ( 1.000000000000000000, 0.000000000000000000, -1.586637325588543158E-16 ) ) ;
#164 = VERTEX_POINT ( 'NONE', #585 ) ;
#165 = VERTEX_POINT ( 'NONE', #778 ) ;
#166 = VECTOR ( 'NONE', #502, 1000.000000000000000 ) ;
#167 = AXIS2_PLACEMENT_3D ( 'NONE', #1626, #609, #238 ) ;
#168 = DIRECTION ( 'NONE',  ( 0.000000000000000000, 0.000000000000000000, 1.000000000000000000 ) ) ;
#169 = DIRECTION ( 'NONE',  ( 0.000000000000000000, 1.000000000000000000, -0.000000000000000000 ) ) ;
#170 = ORIENTED_EDGE ( 'NONE', *, *, #2057, .T. ) ;
#171 = CYLINDRICAL_SURFACE ( 'NONE', #1848, 0.4999999999999998890 ) ;
#172 = EDGE_CURVE ( 'NONE', #1899, #871, #137, .T. ) ;
#173 = ORIENTED_EDGE ( 'NONE', *, *, #187, .F. ) ;
#174 = CARTESIAN_POINT ( 'NONE',  ( -0.4500000000002088996, 6.900000000000066080, -2.099999999999937916 ) ) ;
#175 = PLANE ( 'NONE',  #801 ) ;
#176 = DIRECTION ( 'NONE',  ( 0.000000000000000000, 0.000000000000000000, -1.000000000000000000 ) ) ;
#177 = DIRECTION ( 'NONE',  ( -1.790682297782510536E-15, 1.000000000000000000, 0.000000000000000000 ) ) ;
#178 = VERTEX_POINT ( 'NONE', #2580 ) ;
#179 = ORIENTED_EDGE ( 'NONE', *, *, #76, .T. ) ;
#180 = DIRECTION ( 'NONE',  ( -1.000000000000000000, 0.000000000000000000, -0.000000000000000000 ) ) ;
#181 = CARTESIAN_POINT ( 'NONE',  ( -2.029626466892864300E-13, 5.400000000000066080, -0.1999999999999467482 ) ) ;
#182 = AXIS2_PLACEMENT_3D ( 'NONE', #1773, #2135, #336 ) ;
#183 = EDGE_LOOP ( 'NONE', ( #1131, #474, #1634, #1991 ) ) ;
#184 = LINE ( 'NONE', #2, #1890 ) ;
#185 = VERTEX_POINT ( 'NONE', #1986 ) ;
#186 = EDGE_CURVE ( 'NONE', #1039, #1378, #2377, .T. ) ;
#187 = EDGE_CURVE ( 'NONE', #2000, #1806, #1575, .T. ) ;
#188 = DIRECTION ( 'NONE',  ( -0.000000000000000000, 1.000000000000000000, -0.000000000000000000 ) ) ;
#189 = CARTESIAN_POINT ( 'NONE',  ( -6.600000000000205702, 6.900000000000065192, -1.599999999999937694 ) ) ;
#190 = ORIENTED_EDGE ( 'NONE', *, *, #1038, .F. ) ;
#191 = CARTESIAN_POINT ( 'NONE',  ( -5.000000000000187406, 3.450000000000065015, 1.500000000000061950 ) ) ;
#192 = CARTESIAN_POINT ( 'NONE',  ( -5.000000000000207834, 5.400000000000066080, -0.1999999999999098887 ) ) ;
#193 = EDGE_CURVE ( 'NONE', #2475, #574, #2157, .T. ) ;
#194 = ORIENTED_EDGE ( 'NONE', *, *, #2071, .F. ) ;
#195 = CARTESIAN_POINT ( 'NONE',  ( -7.400000000000205524, 6.900000000000066080, -3.399999999999936851 ) ) ;
#196 = ORIENTED_EDGE ( 'NONE', *, *, #920, .T. ) ;
#197 = LINE ( 'NONE', #2618, #2155 ) ;
#198 = CARTESIAN_POINT ( 'NONE',  ( 0.9999999999997979394, 6.400000000000066080, 0.8000000000000541123 ) ) ;
#199 = EDGE_LOOP ( 'NONE', ( #1261, #2439, #933, #931 ) ) ;
#200 = VECTOR ( 'NONE', #2253, 1000.000000000000000 ) ;
#201 = DIRECTION ( 'NONE',  ( 1.000000000000000000, 0.000000000000000000, -1.084202172485503448E-16 ) ) ;
#202 = VECTOR ( 'NONE', #29, 1000.000000000000000 ) ;
#203 = VERTEX_POINT ( 'NONE', #362 ) ;
#204 = FACE_OUTER_BOUND ( 'NONE', #2643, .T. ) ;
#205 = VECTOR ( 'NONE', #2447, 1000.000000000000000 ) ;
#206 = ORIENTED_EDGE ( 'NONE', *, *, #1698, .T. ) ;
#207 = ORIENTED_EDGE ( 'NONE', *, *, #1835, .T. ) ;
#208 = DIRECTION ( 'NONE',  ( 0.000000000000000000, 1.000000000000000000, 0.000000000000000000 ) ) ;
#209 = ORIENTED_EDGE ( 'NONE', *, *, #952, .F. ) ;
#210 = CARTESIAN_POINT ( 'NONE',  ( -5.000000000000207834, 5.400000000000066080, 0.6000000000000891287 ) ) ;
#211 = EDGE_CURVE ( 'NONE', #2381, #2481, #1164, .T. ) ;
#212 = DIRECTION ( 'NONE',  ( -0.2588190451025032535, -0.000000000000000000, 0.9659258262890729752 ) ) ;
#213 = LINE ( 'NONE', #1228, #983 ) ;
#214 = ADVANCED_FACE ( 'NONE', ( #1963 ), #1801, .F. ) ;
#215 = CARTESIAN_POINT ( 'NONE',  ( 2.399999999999807621, 6.900000000000066969, -2.599999999999936584 ) ) ;
#216 = VERTEX_POINT ( 'NONE', #375 ) ;
#217 = LINE ( 'NONE', #68, #1911 ) ;
#218 = ORIENTED_EDGE ( 'NONE', *, *, #2017, .F. ) ;
#219 = DIRECTION ( 'NONE',  ( -0.2588190451025198513, 0.000000000000000000, -0.9659258262890685343 ) ) ;
#220 = CIRCLE ( 'NONE', #2048, 0.7999999999999999334 ) ;
#221 = ORIENTED_EDGE ( 'NONE', *, *, #44, .F. ) ;
#222 = VECTOR ( 'NONE', #2294, 1000.000000000000000 ) ;
#223 = EDGE_LOOP ( 'NONE', ( #70, #1231, #2316, #662 ) ) ;
#224 = CARTESIAN_POINT ( 'NONE',  ( -5.000000000000126121, 4.500000000000000888, -3.469446951953614189E-15 ) ) ;
#225 = DIRECTION ( 'NONE',  ( -0.000000000000000000, -0.000000000000000000, -1.000000000000000000 ) ) ;
#226 = VECTOR ( 'NONE', #639, 1000.000000000000000 ) ;
#227 = PLANE ( 'NONE',  #1415 ) ;
#228 = CARTESIAN_POINT ( 'NONE',  ( -6.600000000000205702, 6.900000000000065192, 0.8000000000000550004 ) ) ;
#229 = LINE ( 'NONE', #684, #268 ) ;
#230 = ORIENTED_EDGE ( 'NONE', *, *, #1009, .F. ) ;
#231 = ADVANCED_FACE ( 'NONE', ( #1373 ), #542, .F. ) ;
#232 = CARTESIAN_POINT ( 'NONE',  ( -1.500000000000202061, 6.400000000000066080, 0.8000000000000541123 ) ) ;
#233 = CARTESIAN_POINT ( 'NONE',  ( -7.400000000000205524, 6.100000000000064482, 1.500000000000062839 ) ) ;
#234 = ORIENTED_EDGE ( 'NONE', *, *, #1769, .F. ) ;
#235 = ORIENTED_EDGE ( 'NONE', *, *, #641, .T. ) ;
#236 = DIRECTION ( 'NONE',  ( 0.000000000000000000, 0.000000000000000000, -1.000000000000000000 ) ) ;
#237 = COORDINATED_UNIVERSAL_TIME_OFFSET ( 5, 0, .BEHIND. ) ;
#238 = DIRECTION ( 'NONE',  ( 0.000000000000000000, 0.000000000000000000, 1.000000000000000000 ) ) ;
#239 = ADVANCED_FACE ( 'NONE', ( #149 ), #2596, .F. ) ;
#240 = DIRECTION ( 'NONE',  ( 0.000000000000000000, 0.000000000000000000, 1.000000000000000000 ) ) ;
#241 = VERTEX_POINT ( 'NONE', #2609 ) ;
#242 = VECTOR ( 'NONE', #1395, 1000.000000000000000 ) ;
#243 = CARTESIAN_POINT ( 'NONE',  ( -6.600000000000123990, 0.000000000000000000, -2.550000000000002931 ) ) ;
#244 = ORIENTED_EDGE ( 'NONE', *, *, #331, .F. ) ;
#245 = AXIS2_PLACEMENT_3D ( 'NONE', #1635, #638, #1249 ) ;
#246 = DIRECTION ( 'NONE',  ( 0.000000000000000000, 1.000000000000000000, 0.000000000000000000 ) ) ;
#247 = AXIS2_PLACEMENT_3D ( 'NONE', #2234, #1838, #9 ) ;
#248 = CARTESIAN_POINT ( 'NONE',  ( -5.500000000000104805, 1.000000000000034639, 1.500000000000062839 ) ) ;
#249 = ORIENTED_EDGE ( 'NONE', *, *, #1346, .T. ) ;
#250 = AXIS2_PLACEMENT_3D ( 'NONE', #124, #360, #177 ) ;
#251 = ORIENTED_EDGE ( 'NONE', *, *, #2520, .T. ) ;
#252 = DIRECTION ( 'NONE',  ( 0.000000000000000000, -0.000000000000000000, -1.000000000000000000 ) ) ;
#253 = ADVANCED_FACE ( 'NONE', ( #1604, #2407, #571, #2421 ), #2209, .T. ) ;
#254 = DATE_AND_TIME ( #1923, #2053 ) ;
#255 = ADVANCED_FACE ( 'NONE', ( #1203 ), #1216, .F. ) ;
#256 = CARTESIAN_POINT ( 'NONE',  ( 0.4499999999998229305, 2.024500000000066802, -2.550000000000003819 ) ) ;
#257 = DIRECTION ( 'NONE',  ( 0.000000000000000000, -0.000000000000000000, -1.000000000000000000 ) ) ;
#258 = LINE ( 'NONE', #1893, #2440 ) ;
#259 = ORIENTED_EDGE ( 'NONE', *, *, #2494, .F. ) ;
#260 = CARTESIAN_POINT ( 'NONE',  ( -6.600000000000205702, 6.900000000000065192, -2.599999999999936584 ) ) ;
#261 = ORIENTED_EDGE ( 'NONE', *, *, #1932, .F. ) ;
#262 = PLANE ( 'NONE',  #2351 ) ;
#263 = VERTEX_POINT ( 'NONE', #1072 ) ;
#264 = ORIENTED_EDGE ( 'NONE', *, *, #193, .T. ) ;
#265 = AXIS2_PLACEMENT_3D ( 'NONE', #2477, #2068, #2466 ) ;
#266 = CARTESIAN_POINT ( 'NONE',  ( -5.264470958122328348, 6.900000000000066080, -4.913204155516177174 ) ) ;
#267 = COORDINATED_UNIVERSAL_TIME_OFFSET ( 5, 0, .BEHIND. ) ;
#268 = VECTOR ( 'NONE', #1713, 1000.000000000000000 ) ;
#269 = DIRECTION ( 'NONE',  ( 0.000000000000000000, 1.000000000000000000, 0.000000000000000000 ) ) ;
#270 = EDGE_CURVE ( 'NONE', #1081, #1779, #2250, .T. ) ;
#271 = ADVANCED_FACE ( 'NONE', ( #806 ), #1031, .F. ) ;
#272 = PLANE ( 'NONE',  #2464 ) ;
#273 = CARTESIAN_POINT ( 'NONE',  ( -0.4500000000002088996, 6.400000000000066080, -1.599999999999937694 ) ) ;
#274 = DIRECTION ( 'NONE',  ( -1.000000000000000000, 0.000000000000000000, -0.000000000000000000 ) ) ;
#275 = PLANE ( 'NONE',  #1236 ) ;
#276 = DIRECTION ( 'NONE',  ( 0.000000000000000000, 0.000000000000000000, 1.000000000000000000 ) ) ;
#277 = VERTEX_POINT ( 'NONE', #191 ) ;
#278 = ORIENTED_EDGE ( 'NONE', *, *, #952, .T. ) ;
#279 = CARTESIAN_POINT ( 'NONE',  ( -1.500000000000201617, 6.900000000000066080, -2.599999999999936584 ) ) ;
#280 = ORIENTED_EDGE ( 'NONE', *, *, #2362, .T. ) ;
#281 = PERSON_AND_ORGANIZATION ( #1099, #879 ) ;
#282 = EDGE_CURVE ( 'NONE', #2299, #2255, #20, .T. ) ;
#283 = CARTESIAN_POINT ( 'NONE',  ( -5.000000000000207834, 5.400000000000066080, -0.1999999999999098887 ) ) ;
#284 = CC_DESIGN_DATE_AND_TIME_ASSIGNMENT ( #73, #2104, ( #886 ) ) ;
#285 = LINE ( 'NONE', #1722, #1747 ) ;
#286 = CARTESIAN_POINT ( 'NONE',  ( 0.4499999999998229305, 2.024500000000066802, -1.799999999999929212 ) ) ;
#287 = DIRECTION ( 'NONE',  ( -0.000000000000000000, 0.000000000000000000, -1.000000000000000000 ) ) ;
#288 = DIRECTION ( 'NONE',  ( 1.000000000000000000, 0.000000000000000000, -9.637352644315616444E-16 ) ) ;
#289 = VECTOR ( 'NONE', #1869, 1000.000000000000000 ) ;
#290 = ORIENTED_EDGE ( 'NONE', *, *, #1809, .T. ) ;
#291 = AXIS2_PLACEMENT_3D ( 'NONE', #709, #683, #1903 ) ;
#292 = VERTEX_POINT ( 'NONE', #818 ) ;
#293 = VECTOR ( 'NONE', #1768, 1000.000000000000000 ) ;
#294 = CARTESIAN_POINT ( 'NONE',  ( -2.500000000000123901, 4.500000000000000888, -3.035766082959412415E-15 ) ) ;
#295 = AXIS2_PLACEMENT_3D ( 'NONE', #1862, #2062, #31 ) ;
#296 = LINE ( 'NONE', #1124, #369 ) ;
#297 = CARTESIAN_POINT ( 'NONE',  ( -4.000000000000202505, 6.400000000000066080, -1.599999999999937028 ) ) ;
#298 = CARTESIAN_POINT ( 'NONE',  ( -0.8000000000001851186, 1.000000000000036415, 2.300000000000063327 ) ) ;
#299 = FACE_OUTER_BOUND ( 'NONE', #2300, .T. ) ;
#300 = EDGE_CURVE ( 'NONE', #1372, #216, #213, .T. ) ;
#301 = VERTEX_POINT ( 'NONE', #1279 ) ;
#302 = DIRECTION ( 'NONE',  ( -0.000000000000000000, 1.000000000000000000, -0.000000000000000000 ) ) ;
#303 = EDGE_LOOP ( 'NONE', ( #1589, #2385, #1704, #745 ) ) ;
#304 = CYLINDRICAL_SURFACE ( 'NONE', #1406, 0.5000000000000000000 ) ;
#305 = ORIENTED_EDGE ( 'NONE', *, *, #1200, .F. ) ;
#306 = DIRECTION ( 'NONE',  ( -0.000000000000000000, 1.000000000000000000, -0.000000000000000000 ) ) ;
#307 = AXIS2_PLACEMENT_3D ( 'NONE', #995, #1410, #603 ) ;
#308 = VECTOR ( 'NONE', #2315, 1000.000000000000000 ) ;
#309 = CARTESIAN_POINT ( 'NONE',  ( -5.000000000000187406, 3.450000000000065015, 2.300000000000063327 ) ) ;
#310 = VECTOR ( 'NONE', #2355, 1000.000000000000000 ) ;
#311 = DIRECTION ( 'NONE',  ( -0.000000000000000000, -0.000000000000000000, -1.000000000000000000 ) ) ;
#312 = VECTOR ( 'NONE', #1334, 1000.000000000000000 ) ;
#313 = CARTESIAN_POINT ( 'NONE',  ( 2.399999999999807621, 6.100000000000064482, -2.599999999999936584 ) ) ;
#314 = DIRECTION ( 'NONE',  ( 1.000000000000000000, 0.000000000000000000, -1.084202172485503448E-16 ) ) ;
#315 = EDGE_CURVE ( 'NONE', #459, #2317, #1653, .T. ) ;
#316 = VERTEX_POINT ( 'NONE', #2433 ) ;
#317 = CARTESIAN_POINT ( 'NONE',  ( -0.4500000000002088996, 6.400000000000066080, -2.099999999999937916 ) ) ;
#318 = CARTESIAN_POINT ( 'NONE',  ( 0.4499999999997891242, 6.400000000000066080, -1.599999999999937694 ) ) ;
#319 = DIRECTION ( 'NONE',  ( 0.000000000000000000, -1.000000000000000000, 1.084202172485504828E-15 ) ) ;
#320 = DIRECTION ( 'NONE',  ( -0.000000000000000000, -0.000000000000000000, -1.000000000000000000 ) ) ;
#321 = ADVANCED_FACE ( 'NONE', ( #1825 ), #1059, .F. ) ;
#322 = ORIENTED_EDGE ( 'NONE', *, *, #2535, .F. ) ;
#323 = DIRECTION ( 'NONE',  ( -0.08662961636484017847, -0.9962405881956830633, -0.000000000000000000 ) ) ;
#324 = CARTESIAN_POINT ( 'NONE',  ( -1.000000000000203837, 6.400000000000066080, 0.8000000000000541123 ) ) ;
#325 = ADVANCED_FACE ( 'NONE', ( #1018 ), #2473, .F. ) ;
#326 = ORIENTED_EDGE ( 'NONE', *, *, #27, .F. ) ;
#327 = CARTESIAN_POINT ( 'NONE',  ( -6.600000000000205702, 6.100000000000064482, 1.500000000000062839 ) ) ;
#328 = DIRECTION ( 'NONE',  ( -1.000000000000000000, -0.000000000000000000, 0.000000000000000000 ) ) ;
#329 = AXIS2_PLACEMENT_3D ( 'NONE', #1581, #746, #1133 ) ;
#330 = ORIENTED_EDGE ( 'NONE', *, *, #2014, .T. ) ;
#331 = EDGE_CURVE ( 'NONE', #574, #2019, #1641, .T. ) ;
#332 = FACE_OUTER_BOUND ( 'NONE', #813, .T. ) ;
#333 = VECTOR ( 'NONE', #1759, 1000.000000000000227 ) ;
#334 = DIRECTION ( 'NONE',  ( 0.000000000000000000, 0.000000000000000000, 1.000000000000000000 ) ) ;
#335 = DIRECTION ( 'NONE',  ( -1.000000000000000000, -0.000000000000000000, 0.000000000000000000 ) ) ;
#336 = DIRECTION ( 'NONE',  ( 0.000000000000000000, -0.000000000000000000, 1.000000000000000000 ) ) ;
#337 = ORIENTED_EDGE ( 'NONE', *, *, #1961, .T. ) ;
#338 = CARTESIAN_POINT ( 'NONE',  ( -4.550000000000211209, 6.400000000000066080, -1.599999999999937028 ) ) ;
#339 = ORIENTED_EDGE ( 'NONE', *, *, #978, .F. ) ;
#340 = DIRECTION ( 'NONE',  ( 0.000000000000000000, -1.000000000000000000, 0.000000000000000000 ) ) ;
#341 = ORIENTED_EDGE ( 'NONE', *, *, #2281, .F. ) ;
#342 = CARTESIAN_POINT ( 'NONE',  ( -6.600000000000123990, 4.700000000000000178, -2.550000000000003375 ) ) ;
#343 = EDGE_CURVE ( 'NONE', #216, #241, #2039, .T. ) ;
#344 = LINE ( 'NONE', #1201, #1788 ) ;
#345 = VERTEX_POINT ( 'NONE', #1881 ) ;
#346 = DIRECTION ( 'NONE',  ( 1.000000000000000000, 0.000000000000000000, -9.637352644315616444E-16 ) ) ;
#347 = VECTOR ( 'NONE', #2311, 1000.000000000000000 ) ;
#348 = CARTESIAN_POINT ( 'NONE',  ( -0.8000000000001851186, 1.000000000000029532, 2.300000000000063327 ) ) ;
#349 = CC_DESIGN_APPROVAL ( #1129, ( #886 ) ) ;
#350 = ORIENTED_EDGE ( 'NONE', *, *, #920, .F. ) ;
#351 = EDGE_CURVE ( 'NONE', #2627, #1783, #1044, .T. ) ;
#352 = FACE_OUTER_BOUND ( 'NONE', #183, .T. ) ;
#353 = ORIENTED_EDGE ( 'NONE', *, *, #440, .F. ) ;
#354 = EDGE_CURVE ( 'NONE', #1221, #2582, #1851, .T. ) ;
#355 = CARTESIAN_POINT ( 'NONE',  ( -4.200000000000192024, 1.000000000000029532, 2.300000000000063327 ) ) ;
#356 = EDGE_LOOP ( 'NONE', ( #1079, #2543, #718, #1061, #2346, #2262, #1631 ) ) ;
#357 = LINE ( 'NONE', #937, #1071 ) ;
#358 = CARTESIAN_POINT ( 'NONE',  ( -5.000000000000187406, 3.450000000000065015, 2.300000000000063327 ) ) ;
#359 = EDGE_CURVE ( 'NONE', #438, #2111, #1684, .T. ) ;
#360 = DIRECTION ( 'NONE',  ( 1.000000000000000000, 1.790682297782510536E-15, -0.000000000000000000 ) ) ;
#361 = ORIENTED_EDGE ( 'NONE', *, *, #1731, .T. ) ;
#362 = CARTESIAN_POINT ( 'NONE',  ( -0.8000000000001903366, 6.100000000000064482, 1.500000000000062839 ) ) ;
#363 = EDGE_CURVE ( 'NONE', #1783, #216, #1431, .T. ) ;
#364 = FACE_OUTER_BOUND ( 'NONE', #1418, .T. ) ;
#365 = VERTEX_POINT ( 'NONE', #642 ) ;
#366 = CARTESIAN_POINT ( 'NONE',  ( -2.050000000000177014, 2.024500000000066802, -1.799999999999929212 ) ) ;
#367 = ORIENTED_EDGE ( 'NONE', *, *, #1281, .F. ) ;
#368 = LINE ( 'NONE', #318, #1360 ) ;
#369 = VECTOR ( 'NONE', #1924, 1000.000000000000000 ) ;
#370 = PLANE ( 'NONE',  #851 ) ;
#371 = DIRECTION ( 'NONE',  ( 0.2588190451025199068, 0.000000000000000000, 0.9659258262890686453 ) ) ;
#372 = LINE ( 'NONE', #526, #1580 ) ;
#373 = ORIENTED_EDGE ( 'NONE', *, *, #1204, .T. ) ;
#374 = VECTOR ( 'NONE', #2011, 1000.000000000000000 ) ;
#375 = CARTESIAN_POINT ( 'NONE',  ( -4.000000000000202505, 6.900000000000066080, 0.8000000000000550004 ) ) ;
#376 = PLANE ( 'NONE',  #600 ) ;
#377 = ORIENTED_EDGE ( 'NONE', *, *, #1337, .F. ) ;
#378 = EDGE_CURVE ( 'NONE', #134, #2012, #1473, .T. ) ;
#379 = LINE ( 'NONE', #1207, #691 ) ;
#380 = ORIENTED_EDGE ( 'NONE', *, *, #2230, .F. ) ;
#381 = DIRECTION ( 'NONE',  ( 0.000000000000000000, 1.000000000000000000, 0.000000000000000000 ) ) ;
#382 = APPLICATION_PROTOCOL_DEFINITION ( 'international standard', 'config_control_design', 1994, #729 ) ;
#383 = PLANE ( 'NONE',  #167 ) ;
#384 = VERTEX_POINT ( 'NONE', #1264 ) ;
#385 = ORIENTED_EDGE ( 'NONE', *, *, #1362, .T. ) ;
#386 = EDGE_CURVE ( 'NONE', #443, #583, #655, .T. ) ;
#387 = CARTESIAN_POINT ( 'NONE',  ( -6.600000000000205702, 6.900000000000065192, -2.599999999999936584 ) ) ;
#388 = VECTOR ( 'NONE', #92, 1000.000000000000000 ) ;
#389 = CARTESIAN_POINT ( 'NONE',  ( -5.000000000000126121, -1.414213562373095145, 0.4999999999999964473 ) ) ;
#390 = ORIENTED_EDGE ( 'NONE', *, *, #2541, .T. ) ;
#391 = CARTESIAN_POINT ( 'NONE',  ( -4.200000000000192912, 6.100000000000064482, 2.300000000000063327 ) ) ;
#392 = EDGE_LOOP ( 'NONE', ( #22, #1089, #55, #2269 ) ) ;
#393 = DIRECTION ( 'NONE',  ( -0.5000000000000042188, -9.389466242107220033E-16, -0.8660254037844362651 ) ) ;
#394 = CARTESIAN_POINT ( 'NONE',  ( 0.4499999999998229305, 0.000000000000000000, -1.799999999999929212 ) ) ;
#395 = EDGE_LOOP ( 'NONE', ( #1507, #496, #413, #100 ) ) ;
#396 = CARTESIAN_POINT ( 'NONE',  ( -0.4500000000002088996, 6.400000000000066080, -2.099999999999937916 ) ) ;
#397 = FACE_OUTER_BOUND ( 'NONE', #199, .T. ) ;
#398 = ORIENTED_EDGE ( 'NONE', *, *, #1565, .T. ) ;
#399 = ORIENTED_EDGE ( 'NONE', *, *, #743, .F. ) ;
#400 = EDGE_CURVE ( 'NONE', #2573, #2244, #2276, .T. ) ;
#401 = DIRECTION ( 'NONE',  ( 0.000000000000000000, 0.000000000000000000, 1.000000000000000000 ) ) ;
#402 = ORIENTED_EDGE ( 'NONE', *, *, #2101, .T. ) ;
#403 = ORIENTED_EDGE ( 'NONE', *, *, #1088, .F. ) ;
#404 = FACE_OUTER_BOUND ( 'NONE', #1287, .T. ) ;
#405 = DIRECTION ( 'NONE',  ( 0.000000000000000000, 0.000000000000000000, 1.000000000000000000 ) ) ;
#406 = DIRECTION ( 'NONE',  ( 0.000000000000000000, 0.000000000000000000, -1.000000000000000000 ) ) ;
#407 = EDGE_CURVE ( 'NONE', #1579, #710, #110, .T. ) ;
#408 = VECTOR ( 'NONE', #2188, 1000.000000000000000 ) ;
#409 = CARTESIAN_POINT ( 'NONE',  ( -7.400000000000205524, 6.100000000000064482, -2.599999999999936584 ) ) ;
#410 = VECTOR ( 'NONE', #2302, 1000.000000000000000 ) ;
#411 = CARTESIAN_POINT ( 'NONE',  ( -2.950000000000175149, 2.024500000000066802, -1.799999999999928768 ) ) ;
#412 = VECTOR ( 'NONE', #963, 1000.000000000000000 ) ;
#413 = ORIENTED_EDGE ( 'NONE', *, *, #1758, .T. ) ;
#414 = CARTESIAN_POINT ( 'NONE',  ( -0.3000000000001916134, 6.900000000000066969, 1.500000000000062839 ) ) ;
#415 = ORIENTED_EDGE ( 'NONE', *, *, #835, .T. ) ;
#416 = CARTESIAN_POINT ( 'NONE',  ( -6.000000000000204281, 6.400000000000066080, -1.599999999999937028 ) ) ;
#417 = ORIENTED_EDGE ( 'NONE', *, *, #2072, .F. ) ;
#418 = CARTESIAN_POINT ( 'NONE',  ( -6.600000000000205702, 4.700000000000001066, -2.599999999999936584 ) ) ;
#419 = CARTESIAN_POINT ( 'NONE',  ( -4.000000000000202505, 6.400000000000066080, -1.599999999999937028 ) ) ;
#420 = DIRECTION ( 'NONE',  ( 0.000000000000000000, 1.000000000000000000, 0.000000000000000000 ) ) ;
#421 = ADVANCED_FACE ( 'NONE', ( #916 ), #272, .T. ) ;
#422 = DIRECTION ( 'NONE',  ( 0.000000000000000000, 0.000000000000000000, 1.000000000000000000 ) ) ;
#423 = PLANE ( 'NONE',  #962 ) ;
#424 = VERTEX_POINT ( 'NONE', #98 ) ;
#425 = CARTESIAN_POINT ( 'NONE',  ( -5.500000000000104805, 3.450000000000065015, 2.300000000000063327 ) ) ;
#426 = CARTESIAN_POINT ( 'NONE',  ( -2.500000000000205169, 5.400000000000066080, -0.9999999999999276135 ) ) ;
#427 = VECTOR ( 'NONE', #2254, 1000.000000000000000 ) ;
#428 = VERTEX_POINT ( 'NONE', #1101 ) ;
#429 = ADVANCED_FACE ( 'NONE', ( #2130 ), #668, .F. ) ;
#430 = LINE ( 'NONE', #999, #580 ) ;
#431 = DIRECTION ( 'NONE',  ( 0.000000000000000000, 0.000000000000000000, -1.000000000000000000 ) ) ;
#432 = AXIS2_PLACEMENT_3D ( 'NONE', #2232, #1847, #431 ) ;
#433 = DIRECTION ( 'NONE',  ( -0.8660254037844362651, 0.000000000000000000, -0.5000000000000042188 ) ) ;
#434 = ADVANCED_FACE ( 'NONE', ( #1500 ), #75, .F. ) ;
#435 = DIRECTION ( 'NONE',  ( -1.000000000000000000, -2.115516434118057709E-16, 0.000000000000000000 ) ) ;
#436 = ORIENTED_EDGE ( 'NONE', *, *, #604, .F. ) ;
#437 = CARTESIAN_POINT ( 'NONE',  ( -5.500000000000104805, 1.000000000000033085, 2.300000000000063327 ) ) ;
#438 = VERTEX_POINT ( 'NONE', #928 ) ;
#439 = LINE ( 'NONE', #414, #901 ) ;
#440 = EDGE_CURVE ( 'NONE', #1981, #550, #2515, .T. ) ;
#441 = PLANE ( 'NONE',  #1474 ) ;
#442 = ORIENTED_EDGE ( 'NONE', *, *, #839, .T. ) ;
#443 = VERTEX_POINT ( 'NONE', #900 ) ;
#444 = CARTESIAN_POINT ( 'NONE',  ( 0.6509618943231704202, 0.000000000000000000, -2.550000000000003819 ) ) ;
#445 = ORIENTED_EDGE ( 'NONE', *, *, #2530, .T. ) ;
#446 = SHAPE_DEFINITION_REPRESENTATION ( #2278, #1666 ) ;
#447 = DIRECTION ( 'NONE',  ( 0.2588190451025199068, 0.000000000000000000, 0.9659258262890686453 ) ) ;
#448 = CARTESIAN_POINT ( 'NONE',  ( -1.000000000000203837, 6.400000000000066080, -1.599999999999937694 ) ) ;
#449 = VECTOR ( 'NONE', #1464, 1000.000000000000000 ) ;
#450 = CARTESIAN_POINT ( 'NONE',  ( -3.500000000000204281, 6.400000000000066080, 0.8000000000000550004 ) ) ;
#451 = ORIENTED_EDGE ( 'NONE', *, *, #2082, .F. ) ;
#452 = CARTESIAN_POINT ( 'NONE',  ( -1.968911145233676052E-13, 3.450000000000065015, 2.300000000000063327 ) ) ;
#453 = VECTOR ( 'NONE', #1628, 1000.000000000000000 ) ;
#454 = LINE ( 'NONE', #1518, #308 ) ;
#455 = EDGE_CURVE ( 'NONE', #871, #1017, #1549, .T. ) ;
#456 = EDGE_CURVE ( 'NONE', #2582, #2012, #285, .T. ) ;
#457 = ORIENTED_EDGE ( 'NONE', *, *, #622, .T. ) ;
#458 = ORIENTED_EDGE ( 'NONE', *, *, #1398, .T. ) ;
#459 = VERTEX_POINT ( 'NONE', #2350 ) ;
#460 = CARTESIAN_POINT ( 'NONE',  ( -4.200000000000192912, 1.000000000000029532, 1.500000000000062839 ) ) ;
#461 = DATE_AND_TIME ( #652, #2532 ) ;
#462 = DIRECTION ( 'NONE',  ( 0.000000000000000000, 0.000000000000000000, 1.000000000000000000 ) ) ;
#463 = FACE_OUTER_BOUND ( 'NONE', #2446, .T. ) ;
#464 = EDGE_CURVE ( 'NONE', #2016, #583, #1953, .T. ) ;
#465 = LINE ( 'NONE', #2544, #1726 ) ;
#466 = DIRECTION ( 'NONE',  ( 0.000000000000000000, -1.000000000000000000, -2.209838822900391082E-16 ) ) ;
#467 = DIRECTION ( 'NONE',  ( -0.8660254037844361541, -1.832090974069701392E-16, 0.5000000000000042188 ) ) ;
#468 = FACE_OUTER_BOUND ( 'NONE', #127, .T. ) ;
#469 = ORIENTED_EDGE ( 'NONE', *, *, #1208, .T. ) ;
#470 = ORIENTED_EDGE ( 'NONE', *, *, #378, .F. ) ;
#471 = ORIENTED_EDGE ( 'NONE', *, *, #622, .F. ) ;
#472 = VECTOR ( 'NONE', #219, 1000.000000000000114 ) ;
#473 = CARTESIAN_POINT ( 'NONE',  ( -2.029626466892864300E-13, 6.400000000000066080, -0.1999999999999467482 ) ) ;
#474 = ORIENTED_EDGE ( 'NONE', *, *, #835, .F. ) ;
#475 = COORDINATED_UNIVERSAL_TIME_OFFSET ( 5, 0, .BEHIND. ) ;
#476 = VECTOR ( 'NONE', #1502, 1000.000000000000000 ) ;
#477 = CARTESIAN_POINT ( 'NONE',  ( -2.500000000000176303, 2.024500000000066802, -1.799999999999928768 ) ) ;
#478 = VECTOR ( 'NONE', #311, 1000.000000000000000 ) ;
#479 = DIRECTION ( 'NONE',  ( 0.000000000000000000, 1.000000000000000000, -0.000000000000000000 ) ) ;
#480 = CARTESIAN_POINT ( 'NONE',  ( 0.9999999999997979394, 6.900000000000066080, -1.599999999999937472 ) ) ;
#481 = CARTESIAN_POINT ( 'NONE',  ( -6.600000000000205702, 6.900000000000065192, -2.099999999999937916 ) ) ;
#482 = LINE ( 'NONE', #2518, #2634 ) ;
#483 = LINE ( 'NONE', #1465, #427 ) ;
#484 = ORIENTED_EDGE ( 'NONE', *, *, #2602, .T. ) ;
#485 = VERTEX_POINT ( 'NONE', #515 ) ;
#486 = ADVANCED_FACE ( 'NONE', ( #2529 ), #65, .F. ) ;
#487 = CARTESIAN_POINT ( 'NONE',  ( -6.000000000000204281, 6.400000000000066080, 0.8000000000000550004 ) ) ;
#488 = ORIENTED_EDGE ( 'NONE', *, *, #839, .F. ) ;
#489 = LINE ( 'NONE', #1318, #1497 ) ;
#490 = EDGE_CURVE ( 'NONE', #2627, #1776, #1320, .T. ) ;
#491 = DIRECTION ( 'NONE',  ( 0.000000000000000000, 1.000000000000000000, 0.000000000000000000 ) ) ;
#492 = CARTESIAN_POINT ( 'NONE',  ( -2.500000000000123901, 4.500000000000000888, -3.035766082959412415E-15 ) ) ;
#493 = CARTESIAN_POINT ( 'NONE',  ( -7.400000000000205524, 6.900000000000065192, -2.599999999999936584 ) ) ;
#494 = CARTESIAN_POINT ( 'NONE',  ( 0.9999999999997979394, 6.900000000000066969, -2.599999999999936584 ) ) ;
#495 = VECTOR ( 'NONE', #1446, 1000.000000000000000 ) ;
#496 = ORIENTED_EDGE ( 'NONE', *, *, #1176, .F. ) ;
#497 = VECTOR ( 'NONE', #1138, 1000.000000000000000 ) ;
#498 = VECTOR ( 'NONE', #1533, 1000.000000000000000 ) ;
#499 = DIRECTION ( 'NONE',  ( 1.000000000000000000, 0.000000000000000000, -0.000000000000000000 ) ) ;
#500 = VECTOR ( 'NONE', #1910, 1000.000000000000000 ) ;
#501 = LINE ( 'NONE', #256, #2193 ) ;
#502 = DIRECTION ( 'NONE',  ( -1.000000000000000000, 0.000000000000000000, -0.000000000000000000 ) ) ;
#503 = ORIENTED_EDGE ( 'NONE', *, *, #2342, .T. ) ;
#504 = EDGE_CURVE ( 'NONE', #1776, #459, #1307, .T. ) ;
#505 = ADVANCED_FACE ( 'NONE', ( #887 ), #1925, .F. ) ;
#506 = CARTESIAN_POINT ( 'NONE',  ( -2.950000000000208900, 6.400000000000066080, -1.599999999999937250 ) ) ;
#507 = CARTESIAN_POINT ( 'NONE',  ( -5.000000000000126121, 4.500000000000000888, -0.5000000000000033307 ) ) ;
#508 = LINE ( 'NONE', #1930, #1135 ) ;
#509 = ORIENTED_EDGE ( 'NONE', *, *, #315, .T. ) ;
#510 = DIRECTION ( 'NONE',  ( 0.2588190451025199068, 0.000000000000000000, 0.9659258262890686453 ) ) ;
#511 = ADVANCED_FACE ( 'NONE', ( #88 ), #699, .T. ) ;
#512 = CARTESIAN_POINT ( 'NONE',  ( -2.950000000000175149, 2.024500000000066802, -1.799999999999929212 ) ) ;
#513 = VECTOR ( 'NONE', #1907, 1000.000000000000000 ) ;
#514 = PLANE ( 'NONE',  #1987 ) ;
#515 = CARTESIAN_POINT ( 'NONE',  ( 1.599999999999808242, 6.900000000000066969, -0.9499999999999478861 ) ) ;
#516 = ADVANCED_FACE ( 'NONE', ( #463 ), #1513, .F. ) ;
#517 = DIRECTION ( 'NONE',  ( 1.000000000000000000, 0.000000000000000000, -1.084202172485503448E-16 ) ) ;
#518 = PRODUCT_RELATED_PRODUCT_CATEGORY ( 'detail', '', ( #1294 ) ) ;
#519 = CARTESIAN_POINT ( 'NONE',  ( -5.450000000000208900, 6.400000000000066080, -1.599999999999937028 ) ) ;
#520 = ORIENTED_EDGE ( 'NONE', *, *, #1362, .F. ) ;
#521 = ADVANCED_FACE ( 'NONE', ( #1696, #1562 ), #1782, .T. ) ;
#522 = CARTESIAN_POINT ( 'NONE',  ( -4.000000000000202505, 6.900000000000066080, -1.599999999999937028 ) ) ;
#523 = DIRECTION ( 'NONE',  ( -0.000000000000000000, 1.000000000000000000, -0.000000000000000000 ) ) ;
#524 = ORIENTED_EDGE ( 'NONE', *, *, #1602, .F. ) ;
#525 = DIRECTION ( 'NONE',  ( 0.9659258262890729752, -0.000000000000000000, 0.2588190451025032535 ) ) ;
#526 = CARTESIAN_POINT ( 'NONE',  ( -0.8000000000001851186, 1.000000000000029532, 2.300000000000063327 ) ) ;
#527 = ORIENTED_EDGE ( 'NONE', *, *, #1947, .T. ) ;
#528 = DIRECTION ( 'NONE',  ( 1.000000000000000000, 2.115516434118057709E-16, -0.000000000000000000 ) ) ;
#529 = DIRECTION ( 'NONE',  ( -0.000000000000000000, -0.000000000000000000, -1.000000000000000000 ) ) ;
#530 = ORIENTED_EDGE ( 'NONE', *, *, #1506, .T. ) ;
#531 = CIRCLE ( 'NONE', #1576, 0.7999999999999999334 ) ;
#532 = CARTESIAN_POINT ( 'NONE',  ( -0.8000000000001920020, 6.100000000000064482, 2.300000000000063327 ) ) ;
#533 = EDGE_CURVE ( 'NONE', #1437, #1621, #2363, .T. ) ;
#534 = EDGE_CURVE ( 'NONE', #1245, #3, #344, .T. ) ;
#535 = DIRECTION ( 'NONE',  ( 0.2588190451025199068, 0.000000000000000000, 0.9659258262890686453 ) ) ;
#536 = VECTOR ( 'NONE', #1438, 1000.000000000000000 ) ;
#537 = EDGE_LOOP ( 'NONE', ( #24, #1842 ) ) ;
#538 = CARTESIAN_POINT ( 'NONE',  ( -2.050000000000177014, 2.024500000000066802, -2.550000000000003819 ) ) ;
#539 = VECTOR ( 'NONE', #1784, 1000.000000000000000 ) ;
#540 = DIRECTION ( 'NONE',  ( 0.2588190451025199068, 0.000000000000000000, 0.9659258262890686453 ) ) ;
#541 = ORIENTED_EDGE ( 'NONE', *, *, #2472, .F. ) ;
#542 = PLANE ( 'NONE',  #908 ) ;
#543 = ADVANCED_FACE ( 'NONE', ( #790 ), #990, .F. ) ;
#544 = DIRECTION ( 'NONE',  ( 0.000000000000000000, 0.000000000000000000, 1.000000000000000000 ) ) ;
#545 = ORIENTED_EDGE ( 'NONE', *, *, #2181, .T. ) ;
#546 = EDGE_CURVE ( 'NONE', #2522, #2526, #372, .T. ) ;
#547 = DIRECTION ( 'NONE',  ( 1.000000000000000000, 2.115516434118057709E-16, -0.000000000000000000 ) ) ;
#548 = EDGE_LOOP ( 'NONE', ( #877, #339, #1900, #1530, #677, #1351 ) ) ;
#549 = CARTESIAN_POINT ( 'NONE',  ( -3.500000000000204281, 6.900000000000066080, -2.599999999999936584 ) ) ;
#550 = VERTEX_POINT ( 'NONE', #764 ) ;
#551 = DIRECTION ( 'NONE',  ( 0.000000000000000000, 1.000000000000000000, 0.000000000000000000 ) ) ;
#552 = CARTESIAN_POINT ( 'NONE',  ( -3.500000000000204281, 6.900000000000066080, -1.599999999999937250 ) ) ;
#553 = CARTESIAN_POINT ( 'NONE',  ( -2.500000000000124789, -1.414213562373095145, -0.5000000000000034417 ) ) ;
#554 = EDGE_LOOP ( 'NONE', ( #1574, #1348, #1795, #2566 ) ) ;
#555 = DIRECTION ( 'NONE',  ( 0.000000000000000000, 0.000000000000000000, -1.000000000000000000 ) ) ;
#556 = VECTOR ( 'NONE', #700, 1000.000000000000000 ) ;
#557 = DIRECTION ( 'NONE',  ( -1.000000000000000000, 0.000000000000000000, -0.000000000000000000 ) ) ;
#558 = APPROVAL_PERSON_ORGANIZATION ( #2443, #1129, #2061 ) ;
#559 = EDGE_LOOP ( 'NONE', ( #1002, #2452, #1375, #2592 ) ) ;
#560 = DIRECTION ( 'NONE',  ( 0.000000000000000000, 1.000000000000000000, 0.000000000000000000 ) ) ;
#561 = VERTEX_POINT ( 'NONE', #1347 ) ;
#562 = EDGE_LOOP ( 'NONE', ( #194, #619, #1433, #795 ) ) ;
#563 = DESIGN_CONTEXT ( 'detailed design', #729, 'design' ) ;
#564 = LINE ( 'NONE', #1739, #2590 ) ;
#565 = CARTESIAN_POINT ( 'NONE',  ( -4.000000000000202505, 6.400000000000066080, 0.8000000000000550004 ) ) ;
#566 = DIRECTION ( 'NONE',  ( -1.000000000000000000, -0.000000000000000000, -0.000000000000000000 ) ) ;
#567 = CARTESIAN_POINT ( 'NONE',  ( -6.600000000000205702, 6.900000000000065192, -2.599999999999936584 ) ) ;
#568 = ORIENTED_EDGE ( 'NONE', *, *, #1384, .T. ) ;
#569 = EDGE_CURVE ( 'NONE', #1184, #2409, #1173, .T. ) ;
#570 = EDGE_CURVE ( 'NONE', #2383, #1393, #1950, .T. ) ;
#571 = FACE_BOUND ( 'NONE', #883, .T. ) ;
#572 = VERTEX_POINT ( 'NONE', #2153 ) ;
#573 = LINE ( 'NONE', #2448, #1557 ) ;
#574 = VERTEX_POINT ( 'NONE', #1601 ) ;
#575 = CARTESIAN_POINT ( 'NONE',  ( 0.4499999999997891242, 6.900000000000066080, -2.599999999999936584 ) ) ;
#576 = ORIENTED_EDGE ( 'NONE', *, *, #1030, .F. ) ;
#577 = VECTOR ( 'NONE', #2320, 1000.000000000000000 ) ;
#578 = CARTESIAN_POINT ( 'NONE',  ( -2.500000000000205169, 5.400000000000066080, -0.9999999999999276135 ) ) ;
#579 = PLANE ( 'NONE',  #140 ) ;
#580 = VECTOR ( 'NONE', #2247, 1000.000000000000000 ) ;
#581 = LINE ( 'NONE', #2457, #1791 ) ;
#582 = ORIENTED_EDGE ( 'NONE', *, *, #685, .T. ) ;
#583 = VERTEX_POINT ( 'NONE', #1357 ) ;
#584 = AXIS2_PLACEMENT_3D ( 'NONE', #1564, #1815, #180 ) ;
#585 = CARTESIAN_POINT ( 'NONE',  ( -1.500000000000202061, 6.400000000000066080, -1.599999999999937472 ) ) ;
#586 = ADVANCED_FACE ( 'NONE', ( #2404 ), #147, .T. ) ;
#587 = CARTESIAN_POINT ( 'NONE',  ( -3.500000000000204281, 6.400000000000066080, 0.8000000000000550004 ) ) ;
#588 = VERTEX_POINT ( 'NONE', #1162 ) ;
#589 = CARTESIAN_POINT ( 'NONE',  ( 0.4499999999997891242, 6.400000000000066080, -2.099999999999937916 ) ) ;
#590 = ORIENTED_EDGE ( 'NONE', *, *, #1623, .T. ) ;
#591 = DIRECTION ( 'NONE',  ( 0.000000000000000000, -0.000000000000000000, 1.000000000000000000 ) ) ;
#592 =( NAMED_UNIT ( * ) SI_UNIT ( $, .STERADIAN. ) SOLID_ANGLE_UNIT ( ) );
#593 = EDGE_CURVE ( 'NONE', #1422, #40, #763, .T. ) ;
#594 = CARTESIAN_POINT ( 'NONE',  ( -0.8000000000001920020, 6.100000000000064482, 2.300000000000063327 ) ) ;
#595 = ORIENTED_EDGE ( 'NONE', *, *, #89, .F. ) ;
#596 = DIRECTION ( 'NONE',  ( 0.000000000000000000, 0.000000000000000000, 1.000000000000000000 ) ) ;
#597 = ADVANCED_FACE ( 'NONE', ( #2190 ), #751, .F. ) ;
#598 = AXIS2_PLACEMENT_3D ( 'NONE', #2506, #2298, #276 ) ;
#599 = DIRECTION ( 'NONE',  ( -1.000000000000000000, 0.000000000000000000, 1.586637325588543158E-16 ) ) ;
#600 = AXIS2_PLACEMENT_3D ( 'NONE', #2641, #1988, #1616 ) ;
#601 = ORIENTED_EDGE ( 'NONE', *, *, #455, .T. ) ;
#602 = EDGE_LOOP ( 'NONE', ( #1511, #2007, #2184, #612 ) ) ;
#603 = DIRECTION ( 'NONE',  ( -1.000000000000000000, -1.067522139062642704E-14, 0.000000000000000000 ) ) ;
#604 = EDGE_CURVE ( 'NONE', #2510, #2329, #1399, .T. ) ;
#605 = ORIENTED_EDGE ( 'NONE', *, *, #693, .F. ) ;
#606 = ORIENTED_EDGE ( 'NONE', *, *, #534, .F. ) ;
#607 = DIRECTION ( 'NONE',  ( 0.000000000000000000, -0.000000000000000000, 1.000000000000000000 ) ) ;
#608 = DIRECTION ( 'NONE',  ( 0.2588190451025032535, 0.000000000000000000, -0.9659258262890729752 ) ) ;
#609 = DIRECTION ( 'NONE',  ( -1.000000000000000000, 0.000000000000000000, 0.000000000000000000 ) ) ;
#610 = ORIENTED_EDGE ( 'NONE', *, *, #929, .T. ) ;
#611 = CARTESIAN_POINT ( 'NONE',  ( 0.4999999999998243627, 1.000000000000043299, 2.300000000000063327 ) ) ;
#612 = ORIENTED_EDGE ( 'NONE', *, *, #1270, .F. ) ;
#613 = DIRECTION ( 'NONE',  ( 0.000000000000000000, -0.000000000000000000, 1.000000000000000000 ) ) ;
#614 = ORIENTED_EDGE ( 'NONE', *, *, #1614, .F. ) ;
#615 = DIRECTION ( 'NONE',  ( 0.000000000000000000, 0.000000000000000000, 1.000000000000000000 ) ) ;
#616 = ORIENTED_EDGE ( 'NONE', *, *, #2014, .F. ) ;
#617 = CARTESIAN_POINT ( 'NONE',  ( 0.4499999999997891242, 6.900000000000066080, -2.099999999999937916 ) ) ;
#618 = ORIENTED_EDGE ( 'NONE', *, *, #906, .F. ) ;
#619 = ORIENTED_EDGE ( 'NONE', *, *, #2306, .T. ) ;
#620 = EDGE_CURVE ( 'NONE', #982, #185, #1812, .T. ) ;
#621 = VECTOR ( 'NONE', #2347, 1000.000000000000000 ) ;
#622 = EDGE_CURVE ( 'NONE', #1868, #1855, #1371, .T. ) ;
#623 = DIRECTION ( 'NONE',  ( 0.000000000000000000, -1.000000000000000000, 1.084202172485504828E-15 ) ) ;
#624 = DIRECTION ( 'NONE',  ( 0.000000000000000000, 1.000000000000000000, 0.000000000000000000 ) ) ;
#625 = CARTESIAN_POINT ( 'NONE',  ( -2.050000000000210765, 6.400000000000066080, -1.599999999999937250 ) ) ;
#626 = VECTOR ( 'NONE', #1857, 1000.000000000000000 ) ;
#627 = CARTESIAN_POINT ( 'NONE',  ( -6.000000000000204281, 6.400000000000066080, 0.8000000000000550004 ) ) ;
#628 = VECTOR ( 'NONE', #1999, 1000.000000000000000 ) ;
#629 = DIRECTION ( 'NONE',  ( 2.115516434118057462E-16, 0.000000000000000000, 1.000000000000000000 ) ) ;
#630 = VECTOR ( 'NONE', #2080, 1000.000000000000000 ) ;
#631 = ADVANCED_FACE ( 'NONE', ( #1385 ), #2179, .T. ) ;
#632 = ORIENTED_EDGE ( 'NONE', *, *, #2137, .F. ) ;
#633 = FACE_OUTER_BOUND ( 'NONE', #2624, .T. ) ;
#634 = LINE ( 'NONE', #2110, #1170 ) ;
#635 = ORIENTED_EDGE ( 'NONE', *, *, #921, .F. ) ;
#636 = ADVANCED_FACE ( 'NONE', ( #1187 ), #1984, .T. ) ;
#637 = EDGE_LOOP ( 'NONE', ( #997, #828, #541, #1612 ) ) ;
#638 = DIRECTION ( 'NONE',  ( 0.9659258262890729752, -0.000000000000000000, 0.2588190451025032535 ) ) ;
#639 = DIRECTION ( 'NONE',  ( -0.000000000000000000, -0.000000000000000000, -1.000000000000000000 ) ) ;
#640 = CARTESIAN_POINT ( 'NONE',  ( -2.500000000000124789, -1.414213562373095145, 0.4999999999999965583 ) ) ;
#641 = EDGE_CURVE ( 'NONE', #178, #2475, #2620, .T. ) ;
#642 = CARTESIAN_POINT ( 'NONE',  ( 2.399999999999802291, 6.100000000000075140, -1.411880215351650536 ) ) ;
#643 = DIRECTION ( 'NONE',  ( 0.000000000000000000, 1.000000000000000000, 0.000000000000000000 ) ) ;
#644 = VERTEX_POINT ( 'NONE', #2036 ) ;
#645 = DIRECTION ( 'NONE',  ( 0.000000000000000000, 0.000000000000000000, 1.000000000000000000 ) ) ;
#646 = DIRECTION ( 'NONE',  ( 0.000000000000000000, 1.000000000000000000, 0.000000000000000000 ) ) ;
#647 = VECTOR ( 'NONE', #1007, 1000.000000000000000 ) ;
#648 = ORIENTED_EDGE ( 'NONE', *, *, #400, .F. ) ;
#649 = ORIENTED_EDGE ( 'NONE', *, *, #1311, .F. ) ;
#650 = VECTOR ( 'NONE', #1130, 1000.000000000000000 ) ;
#651 = CARTESIAN_POINT ( 'NONE',  ( -2.050000000000177014, 2.024500000000066802, -1.799999999999929212 ) ) ;
#652 = CALENDAR_DATE ( 2022, 28, 2 ) ;
#653 = APPROVAL_PERSON_ORGANIZATION ( #1084, #724, #1708 ) ;
#654 = PLANE ( 'NONE',  #162 ) ;
#655 = LINE ( 'NONE', #2223, #1878 ) ;
#656 = EDGE_CURVE ( 'NONE', #3, #588, #1667, .T. ) ;
#657 = DIRECTION ( 'NONE',  ( 0.000000000000000000, 1.000000000000000000, -0.000000000000000000 ) ) ;
#658 = ORIENTED_EDGE ( 'NONE', *, *, #1563, .F. ) ;
#659 = DIRECTION ( 'NONE',  ( 0.000000000000000000, 1.000000000000000000, 0.000000000000000000 ) ) ;
#660 = LINE ( 'NONE', #426, #736 ) ;
#661 = ORIENTED_EDGE ( 'NONE', *, *, #1683, .T. ) ;
#662 = ORIENTED_EDGE ( 'NONE', *, *, #464, .T. ) ;
#663 = CARTESIAN_POINT ( 'NONE',  ( -5.650961894323536683, 2.024500000000066802, -2.550000000000002931 ) ) ;
#664 = ORIENTED_EDGE ( 'NONE', *, *, #1098, .F. ) ;
#665 = APPROVAL_DATE_TIME ( #461, #1715 ) ;
#666 = EDGE_CURVE ( 'NONE', #583, #2016, #1198, .T. ) ;
#667 = CARTESIAN_POINT ( 'NONE',  ( 0.4499999999998229305, 2.024500000000066802, -1.799999999999929212 ) ) ;
#668 = PLANE ( 'NONE',  #1412 ) ;
#669 = CARTESIAN_POINT ( 'NONE',  ( -6.600000000000123990, 0.000000000000000000, 1.549999999999996714 ) ) ;
#670 = VECTOR ( 'NONE', #323, 1000.000000000000114 ) ;
#671 = ORIENTED_EDGE ( 'NONE', *, *, #2416, .F. ) ;
#672 = DIRECTION ( 'NONE',  ( 1.000000000000000000, 2.115516434118057709E-16, -0.000000000000000000 ) ) ;
#673 = VECTOR ( 'NONE', #591, 1000.000000000000000 ) ;
#674 = CARTESIAN_POINT ( 'NONE',  ( -2.050000000000210765, 6.400000000000066080, -2.099999999999937472 ) ) ;
#675 = AXIS2_PLACEMENT_3D ( 'NONE', #2309, #725, #2107 ) ;
#676 = DIRECTION ( 'NONE',  ( -2.551063935259992742E-16, 1.000000000000000000, -0.000000000000000000 ) ) ;
#677 = ORIENTED_EDGE ( 'NONE', *, *, #1317, .T. ) ;
#678 = EDGE_LOOP ( 'NONE', ( #1394, #1387, #173, #1364 ) ) ;
#679 = ORIENTED_EDGE ( 'NONE', *, *, #2101, .F. ) ;
#680 = DIRECTION ( 'NONE',  ( -1.000000000000000000, 0.000000000000000000, -0.000000000000000000 ) ) ;
#681 = VERTEX_POINT ( 'NONE', #1681 ) ;
#682 = DIRECTION ( 'NONE',  ( 1.000000000000000000, 0.000000000000000000, -0.000000000000000000 ) ) ;
#683 = DIRECTION ( 'NONE',  ( -1.387778780781406075E-14, -1.000000000000000000, 0.000000000000000000 ) ) ;
#684 = CARTESIAN_POINT ( 'NONE',  ( -6.000000000000204281, 6.400000000000066080, 0.8000000000000550004 ) ) ;
#685 = EDGE_CURVE ( 'NONE', #40, #1422, #1075, .T. ) ;
#686 = CARTESIAN_POINT ( 'NONE',  ( -7.400000000000205524, 6.100000000000064482, 1.500000000000062839 ) ) ;
#687 = FACE_OUTER_BOUND ( 'NONE', #2026, .T. ) ;
#688 = LINE ( 'NONE', #1271, #2392 ) ;
#689 = VERTEX_POINT ( 'NONE', #802 ) ;
#690 = ORIENTED_EDGE ( 'NONE', *, *, #2584, .T. ) ;
#691 = VECTOR ( 'NONE', #560, 1000.000000000000000 ) ;
#692 = DIRECTION ( 'NONE',  ( -1.000000000000000000, -0.000000000000000000, 0.000000000000000000 ) ) ;
#693 = EDGE_CURVE ( 'NONE', #1290, #345, #1880, .T. ) ;
#694 = ORIENTED_EDGE ( 'NONE', *, *, #1623, .F. ) ;
#695 = VECTOR ( 'NONE', #2534, 1000.000000000000000 ) ;
#696 = LINE ( 'NONE', #1527, #577 ) ;
#697 = CC_DESIGN_APPROVAL ( #724, ( #2398 ) ) ;
#698 = UNCERTAINTY_MEASURE_WITH_UNIT (LENGTH_MEASURE( 1.000000000000000082E-05 ), #1057, 'distance_accuracy_value', 'NONE');
#699 = PLANE ( 'NONE',  #1156 ) ;
#700 = DIRECTION ( 'NONE',  ( -3.957119261120270431E-31, 2.209838822900391082E-16, -1.000000000000000000 ) ) ;
#701 = CARTESIAN_POINT ( 'NONE',  ( -5.000000000000187406, 3.450000000000065015, 2.300000000000063327 ) ) ;
#702 = PLANE ( 'NONE',  #1255 ) ;
#703 = ORIENTED_EDGE ( 'NONE', *, *, #2436, .F. ) ;
#704 = DIRECTION ( 'NONE',  ( 0.000000000000000000, 1.000000000000000000, 0.000000000000000000 ) ) ;
#705 = CALENDAR_DATE ( 2022, 28, 2 ) ;
#706 = CARTESIAN_POINT ( 'NONE',  ( -5.450000000000175149, 0.000000000000000000, -1.799999999999929212 ) ) ;
#707 = EDGE_CURVE ( 'NONE', #1899, #2381, #1879, .T. ) ;
#708 = ADVANCED_FACE ( 'NONE', ( #19 ), #383, .F. ) ;
#709 = CARTESIAN_POINT ( 'NONE',  ( -1.968911145233676052E-13, 3.450000000000065015, 2.300000000000063327 ) ) ;
#710 = VERTEX_POINT ( 'NONE', #1470 ) ;
#711 = DIRECTION ( 'NONE',  ( -1.000000000000000000, -0.000000000000000000, -0.000000000000000000 ) ) ;
#712 = CARTESIAN_POINT ( 'NONE',  ( -6.600000000000205702, 1.000000000000043299, 1.500000000000062839 ) ) ;
#713 = CIRCLE ( 'NONE', #2070, 0.4999999999999998890 ) ;
#714 = CARTESIAN_POINT ( 'NONE',  ( -1.253337711393243126E-13, 0.000000000000000000, -3.469446951953614189E-15 ) ) ;
#715 = AXIS2_PLACEMENT_3D ( 'NONE', #1598, #551, #2400 ) ;
#716 = EDGE_LOOP ( 'NONE', ( #1929, #2490, #2176, #2226 ) ) ;
#717 = VECTOR ( 'NONE', #528, 1000.000000000000000 ) ;
#718 = ORIENTED_EDGE ( 'NONE', *, *, #1319, .T. ) ;
#719 = LINE ( 'NONE', #1558, #1447 ) ;
#720 = AXIS2_PLACEMENT_3D ( 'NONE', #1263, #2632, #2249 ) ;
#721 = ADVANCED_FACE ( 'NONE', ( #2431 ), #1226, .F. ) ;
#722 = CARTESIAN_POINT ( 'NONE',  ( -1.500000000000202061, 6.400000000000066080, 0.8000000000000541123 ) ) ;
#723 = CARTESIAN_POINT ( 'NONE',  ( 0.6509618943231704202, 2.024500000000066802, -2.550000000000003819 ) ) ;
#724 = APPROVAL ( #2332, 'UNSPECIFIED' ) ;
#725 = DIRECTION ( 'NONE',  ( 0.000000000000000000, -1.000000000000000000, 0.000000000000000000 ) ) ;
#726 = ORIENTED_EDGE ( 'NONE', *, *, #951, .T. ) ;
#727 = CARTESIAN_POINT ( 'NONE',  ( -0.4500000000001750933, 0.000000000000000000, -1.799999999999929212 ) ) ;
#728 = ADVANCED_FACE ( 'NONE', ( #47 ), #227, .F. ) ;
#729 = APPLICATION_CONTEXT ( 'configuration controlled 3d designs of mechanical parts and assemblies' ) ;
#730 = EDGE_CURVE ( 'NONE', #1827, #316, #1239, .T. ) ;
#731 = ORIENTED_EDGE ( 'NONE', *, *, #44, .T. ) ;
#732 = DIRECTION ( 'NONE',  ( 0.000000000000000000, 0.000000000000000000, 1.000000000000000000 ) ) ;
#733 = ORIENTED_EDGE ( 'NONE', *, *, #1176, .T. ) ;
#734 = CARTESIAN_POINT ( 'NONE',  ( -4.349038105676829247, 0.000000000000000000, -2.550000000000003375 ) ) ;
#735 = LINE ( 'NONE', #1354, #2330 ) ;
#736 = VECTOR ( 'NONE', #1063, 1000.000000000000000 ) ;
#737 = ORIENTED_EDGE ( 'NONE', *, *, #1749, .F. ) ;
#738 = CARTESIAN_POINT ( 'NONE',  ( -6.600000000000205702, 4.700000000000001066, -2.599999999999937028 ) ) ;
#739 = VECTOR ( 'NONE', #629, 1000.000000000000000 ) ;
#740 = CARTESIAN_POINT ( 'NONE',  ( -5.500000000000104805, 1.000000000000036415, 2.300000000000063327 ) ) ;
#741 = CARTESIAN_POINT ( 'NONE',  ( -1.500000000000202061, 6.900000000000066080, 0.8000000000000541123 ) ) ;
#742 = EDGE_CURVE ( 'NONE', #1221, #2493, #2022, .T. ) ;
#743 = EDGE_CURVE ( 'NONE', #910, #141, #1069, .T. ) ;
#744 = CARTESIAN_POINT ( 'NONE',  ( -0.4500000000002088996, 6.400000000000066080, -1.599999999999937694 ) ) ;
#745 = ORIENTED_EDGE ( 'NONE', *, *, #1856, .F. ) ;
#746 = DIRECTION ( 'NONE',  ( 0.000000000000000000, 0.000000000000000000, -1.000000000000000000 ) ) ;
#747 = FACE_OUTER_BOUND ( 'NONE', #559, .T. ) ;
#748 = ORIENTED_EDGE ( 'NONE', *, *, #2006, .F. ) ;
#749 = DIRECTION ( 'NONE',  ( 0.000000000000000000, -0.000000000000000000, -1.000000000000000000 ) ) ;
#750 = EDGE_CURVE ( 'NONE', #2139, #858, #581, .T. ) ;
#751 = PLANE ( 'NONE',  #2595 ) ;
#752 = ORIENTED_EDGE ( 'NONE', *, *, #129, .F. ) ;
#753 = DIRECTION ( 'NONE',  ( -0.9659258262890686453, 0.000000000000000000, 0.2588190451025199068 ) ) ;
#754 = FACE_OUTER_BOUND ( 'NONE', #1192, .T. ) ;
#755 = ORIENTED_EDGE ( 'NONE', *, *, #4, .F. ) ;
#756 = VECTOR ( 'NONE', #319, 1000.000000000000000 ) ;
#757 = CARTESIAN_POINT ( 'NONE',  ( -1.760744328116459201E-13, 0.000000000000000000, -1.799999999999928768 ) ) ;
#758 = ORIENTED_EDGE ( 'NONE', *, *, #1189, .T. ) ;
#759 = DIRECTION ( 'NONE',  ( 1.000000000000000000, 0.000000000000000000, -0.000000000000000000 ) ) ;
#760 = CIRCLE ( 'NONE', #121, 0.5000000000000000000 ) ;
#761 = VERTEX_POINT ( 'NONE', #394 ) ;
#762 = LINE ( 'NONE', #538, #985 ) ;
#763 = CIRCLE ( 'NONE', #2245, 0.7999999999999999334 ) ;
#764 = CARTESIAN_POINT ( 'NONE',  ( -5.500000000000104805, 3.450000000000065015, 1.500000000000062839 ) ) ;
#765 = VERTEX_POINT ( 'NONE', #198 ) ;
#766 = CARTESIAN_POINT ( 'NONE',  ( -5.000000000000175859, 2.024500000000066802, -1.799999999999928768 ) ) ;
#767 = EDGE_LOOP ( 'NONE', ( #2325, #1542, #862, #1302, #855, #83, #244, #861 ) ) ;
#768 = LINE ( 'NONE', #1802, #647 ) ;
#769 = ORIENTED_EDGE ( 'NONE', *, *, #707, .F. ) ;
#770 = LINE ( 'NONE', #1376, #1118 ) ;
#771 = ORIENTED_EDGE ( 'NONE', *, *, #1683, .F. ) ;
#772 = DIRECTION ( 'NONE',  ( -1.000000000000000000, 0.000000000000000000, -0.000000000000000000 ) ) ;
#773 = ADVANCED_FACE ( 'NONE', ( #1823 ), #7, .F. ) ;
#774 = CARTESIAN_POINT ( 'NONE',  ( -5.000000000000175859, 0.000000000000000000, -1.799999999999928768 ) ) ;
#775 = CARTESIAN_POINT ( 'NONE',  ( -4.550000000000177458, 2.024500000000066802, -1.799999999999929212 ) ) ;
#776 = DIRECTION ( 'NONE',  ( -1.000000000000000000, 0.000000000000000000, -0.000000000000000000 ) ) ;
#777 = ORIENTED_EDGE ( 'NONE', *, *, #1045, .T. ) ;
#778 = CARTESIAN_POINT ( 'NONE',  ( -1.968911145233676052E-13, 3.450000000000065015, 2.300000000000063327 ) ) ;
#779 = VECTOR ( 'NONE', #160, 1000.000000000000000 ) ;
#780 = DIRECTION ( 'NONE',  ( -1.000000000000000000, -2.832201593431505358E-15, 0.000000000000000000 ) ) ;
#781 = AXIS2_PLACEMENT_3D ( 'NONE', #1025, #847, #815 ) ;
#782 = ORIENTED_EDGE ( 'NONE', *, *, #1961, .F. ) ;
#783 = ORIENTED_EDGE ( 'NONE', *, *, #1005, .F. ) ;
#784 = DIRECTION ( 'NONE',  ( 0.8660254037844362651, 0.000000000000000000, 0.5000000000000042188 ) ) ;
#785 = VERTEX_POINT ( 'NONE', #816 ) ;
#786 = PLANE ( 'NONE',  #1363 ) ;
#787 = DIRECTION ( 'NONE',  ( 0.000000000000000000, -0.000000000000000000, 1.000000000000000000 ) ) ;
#788 = EDGE_CURVE ( 'NONE', #384, #428, #2445, .T. ) ;
#789 = ADVANCED_FACE ( 'NONE', ( #1251 ), #1058, .F. ) ;
#790 = FACE_OUTER_BOUND ( 'NONE', #1158, .T. ) ;
#791 = ORIENTED_EDGE ( 'NONE', *, *, #1863, .T. ) ;
#792 = ORIENTED_EDGE ( 'NONE', *, *, #1009, .T. ) ;
#793 = CARTESIAN_POINT ( 'NONE',  ( -5.000000000000187406, 3.450000000000065015, 1.500000000000062839 ) ) ;
#794 = CARTESIAN_POINT ( 'NONE',  ( -5.000000000000207834, 5.400000000000066080, -0.9999999999999089617 ) ) ;
#795 = ORIENTED_EDGE ( 'NONE', *, *, #1449, .F. ) ;
#796 = DIRECTION ( 'NONE',  ( -0.5000000000000042188, 9.389466242107220033E-16, 0.8660254037844362651 ) ) ;
#797 = ORIENTED_EDGE ( 'NONE', *, *, #1317, .F. ) ;
#798 = AXIS2_PLACEMENT_3D ( 'NONE', #2348, #523, #1980 ) ;
#799 = PLANE ( 'NONE',  #77 ) ;
#800 = EDGE_CURVE ( 'NONE', #960, #2510, #63, .T. ) ;
#801 = AXIS2_PLACEMENT_3D ( 'NONE', #2442, #16, #1224 ) ;
#802 = CARTESIAN_POINT ( 'NONE',  ( -5.000000000000126121, 4.500000000000000888, 0.4999999999999964473 ) ) ;
#803 = ORIENTED_EDGE ( 'NONE', *, *, #2173, .T. ) ;
#804 = AXIS2_PLACEMENT_3D ( 'NONE', #1937, #1891, #1914 ) ;
#805 = EDGE_CURVE ( 'NONE', #1777, #1737, #1512, .T. ) ;
#806 = FACE_OUTER_BOUND ( 'NONE', #2509, .T. ) ;
#807 = EDGE_CURVE ( 'NONE', #1481, #1579, #898, .T. ) ;
#808 = DIRECTION ( 'NONE',  ( 0.000000000000000000, 0.000000000000000000, -1.000000000000000000 ) ) ;
#809 = ORIENTED_EDGE ( 'NONE', *, *, #742, .F. ) ;
#810 = ORIENTED_EDGE ( 'NONE', *, *, #490, .F. ) ;
#811 = CARTESIAN_POINT ( 'NONE',  ( 1.599999999999807354, 6.100000000000075140, -0.9499999999999474420 ) ) ;
#812 = EDGE_LOOP ( 'NONE', ( #2608, #2163, #966, #1645, #726, #1008, #373, #1451, #1080, #179, #330, #661, #1800, #912, #2536, #196, #1658, #1522, #1148, #1149 ) ) ;
#813 = EDGE_LOOP ( 'NONE', ( #361, #2203, #2045, #2192, #2370, #2160, #278, #664, #28, #1639, #2266, #2397, #2640, #385, #1979, #671 ) ) ;
#814 = DIRECTION ( 'NONE',  ( 0.000000000000000000, 1.000000000000000000, 0.000000000000000000 ) ) ;
#815 = DIRECTION ( 'NONE',  ( 1.000000000000000000, 0.000000000000000000, 0.000000000000000000 ) ) ;
#816 = CARTESIAN_POINT ( 'NONE',  ( -4.550000000000177458, 0.000000000000000000, -1.799999999999929212 ) ) ;
#817 = VERTEX_POINT ( 'NONE', #1695 ) ;
#818 = CARTESIAN_POINT ( 'NONE',  ( -2.029626466892864300E-13, 6.400000000000066080, 0.6000000000000531575 ) ) ;
#819 = VECTOR ( 'NONE', #676, 1000.000000000000000 ) ;
#820 = ORIENTED_EDGE ( 'NONE', *, *, #2530, .F. ) ;
#821 = ORIENTED_EDGE ( 'NONE', *, *, #846, .F. ) ;
#822 = PLANE ( 'NONE',  #99 ) ;
#823 = CIRCLE ( 'NONE', #2095, 0.7999999999999999334 ) ;
#824 = ORIENTED_EDGE ( 'NONE', *, *, #359, .F. ) ;
#825 = EDGE_CURVE ( 'NONE', #681, #1790, #1276, .T. ) ;
#826 = CARTESIAN_POINT ( 'NONE',  ( -2.500000000000176303, 0.000000000000000000, -1.799999999999928768 ) ) ;
#827 = ADVANCED_FACE ( 'NONE', ( #1902 ), #2292, .F. ) ;
#828 = ORIENTED_EDGE ( 'NONE', *, *, #1458, .F. ) ;
#829 = CIRCLE ( 'NONE', #1137, 0.7999999999999999334 ) ;
#830 = DIRECTION ( 'NONE',  ( 0.8660254037844362651, 0.000000000000000000, -0.5000000000000042188 ) ) ;
#831 = EDGE_LOOP ( 'NONE', ( #809, #1476, #445, #737 ) ) ;
#832 = DIRECTION ( 'NONE',  ( -0.000000000000000000, 1.000000000000000000, -0.000000000000000000 ) ) ;
#833 = APPLICATION_CONTEXT ( 'configuration controlled 3d designs of mechanical parts and assemblies' ) ;
#834 = CARTESIAN_POINT ( 'NONE',  ( 2.399999999999802291, 6.100000000000075140, -0.4881197846482443481 ) ) ;
#835 = EDGE_CURVE ( 'NONE', #384, #982, #1070, .T. ) ;
#836 = DIRECTION ( 'NONE',  ( -0.000000000000000000, -0.000000000000000000, -1.000000000000000000 ) ) ;
#837 = ORIENTED_EDGE ( 'NONE', *, *, #604, .T. ) ;
#838 = FACE_OUTER_BOUND ( 'NONE', #1028, .T. ) ;
#839 = EDGE_CURVE ( 'NONE', #1845, #1735, #1534, .T. ) ;
#840 = ORIENTED_EDGE ( 'NONE', *, *, #1189, .F. ) ;
#841 = CARTESIAN_POINT ( 'NONE',  ( -6.600000000000205702, 6.900000000000065192, -1.599999999999937028 ) ) ;
#842 = LINE ( 'NONE', #575, #2069 ) ;
#843 = ORIENTED_EDGE ( 'NONE', *, *, #1471, .T. ) ;
#844 = VECTOR ( 'NONE', #105, 1000.000000000000000 ) ;
#845 = CARTESIAN_POINT ( 'NONE',  ( -5.650961894323536683, 0.000000000000000000, -2.550000000000002931 ) ) ;
#846 = EDGE_CURVE ( 'NONE', #2329, #1553, #501, .T. ) ;
#847 = DIRECTION ( 'NONE',  ( 0.000000000000000000, 0.000000000000000000, 1.000000000000000000 ) ) ;
#848 = DIRECTION ( 'NONE',  ( 0.000000000000000000, 0.000000000000000000, 1.000000000000000000 ) ) ;
#849 = VECTOR ( 'NONE', #2528, 1000.000000000000000 ) ;
#850 = AXIS2_PLACEMENT_3D ( 'NONE', #2545, #466, #1917 ) ;
#851 = AXIS2_PLACEMENT_3D ( 'NONE', #2605, #1161, #749 ) ;
#852 = DIRECTION ( 'NONE',  ( -1.000000000000000000, 0.000000000000000000, -0.000000000000000000 ) ) ;
#853 = AXIS2_PLACEMENT_3D ( 'NONE', #309, #2557, #1538 ) ;
#854 = VECTOR ( 'NONE', #2147, 1000.000000000000000 ) ;
#855 = ORIENTED_EDGE ( 'NONE', *, *, #2196, .F. ) ;
#856 = LINE ( 'NONE', #215, #222 ) ;
#857 = VECTOR ( 'NONE', #433, 1000.000000000000114 ) ;
#858 = VERTEX_POINT ( 'NONE', #935 ) ;
#859 = FACE_OUTER_BOUND ( 'NONE', #1248, .T. ) ;
#860 = DIRECTION ( 'NONE',  ( -0.000000000000000000, 1.000000000000000000, 0.000000000000000000 ) ) ;
#861 = ORIENTED_EDGE ( 'NONE', *, *, #193, .F. ) ;
#862 = ORIENTED_EDGE ( 'NONE', *, *, #1336, .F. ) ;
#863 = ORIENTED_EDGE ( 'NONE', *, *, #1190, .F. ) ;
#864 = LINE ( 'NONE', #1482, #2076 ) ;
#865 = DIRECTION ( 'NONE',  ( 0.000000000000000000, 0.000000000000000000, 1.000000000000000000 ) ) ;
#866 = DIRECTION ( 'NONE',  ( 1.000000000000000000, -0.000000000000000000, 0.000000000000000000 ) ) ;
#867 = EDGE_CURVE ( 'NONE', #2524, #2510, #1888, .T. ) ;
#868 = EDGE_CURVE ( 'NONE', #316, #1039, #915, .T. ) ;
#869 = DIRECTION ( 'NONE',  ( 0.000000000000000000, 0.000000000000000000, 1.000000000000000000 ) ) ;
#870 = LINE ( 'NONE', #243, #925 ) ;
#871 = VERTEX_POINT ( 'NONE', #1331 ) ;
#872 = DIRECTION ( 'NONE',  ( 0.000000000000000000, -0.000000000000000000, -1.000000000000000000 ) ) ;
#873 = CIRCLE ( 'NONE', #265, 0.5000000000000000000 ) ;
#874 = ADVANCED_FACE ( 'NONE', ( #1709 ), #654, .F. ) ;
#875 = DIRECTION ( 'NONE',  ( 0.000000000000000000, 0.000000000000000000, -1.000000000000000000 ) ) ;
#876 = AXIS2_PLACEMENT_3D ( 'NONE', #126, #943, #544 ) ;
#877 = ORIENTED_EDGE ( 'NONE', *, *, #2354, .T. ) ;
#878 = ORIENTED_EDGE ( 'NONE', *, *, #1114, .F. ) ;
#879 = ORGANIZATION ( 'UNSPECIFIED', 'UNSPECIFIED', '' ) ;
#880 = ORIENTED_EDGE ( 'NONE', *, *, #1126, .F. ) ;
#881 = EDGE_LOOP ( 'NONE', ( #1123, #2186 ) ) ;
#882 = DIRECTION ( 'NONE',  ( 0.000000000000000000, 0.000000000000000000, 1.000000000000000000 ) ) ;
#883 = EDGE_LOOP ( 'NONE', ( #2418, #1837, #2616, #803, #1441, #1627, #1934, #1051 ) ) ;
#884 = APPROVAL_STATUS ( 'not_yet_approved' ) ;
#885 = CARTESIAN_POINT ( 'NONE',  ( -2.950000000000208900, 6.900000000000066080, -2.599999999999936584 ) ) ;
#886 = PRODUCT_DEFINITION ( 'UNKNOWN', '', #2261, #563 ) ;
#887 = FACE_OUTER_BOUND ( 'NONE', #889, .T. ) ;
#888 = LINE ( 'NONE', #450, #2259 ) ;
#889 = EDGE_LOOP ( 'NONE', ( #2623, #658, #1108, #403 ) ) ;
#890 = LINE ( 'NONE', #1504, #2116 ) ;
#891 = DIRECTION ( 'NONE',  ( 1.000000000000000000, 0.000000000000000000, -0.000000000000000000 ) ) ;
#892 = ORIENTED_EDGE ( 'NONE', *, *, #1230, .F. ) ;
#893 = EDGE_LOOP ( 'NONE', ( #1705, #810, #2225, #1358 ) ) ;
#894 = ORIENTED_EDGE ( 'NONE', *, *, #1942, .F. ) ;
#895 = DIRECTION ( 'NONE',  ( -1.000000000000000000, -0.000000000000000000, 0.000000000000000000 ) ) ;
#896 = ORIENTED_EDGE ( 'NONE', *, *, #1754, .T. ) ;
#897 = COORDINATED_UNIVERSAL_TIME_OFFSET ( 5, 0, .BEHIND. ) ;
#898 = LINE ( 'NONE', #706, #988 ) ;
#899 = EDGE_CURVE ( 'NONE', #292, #817, #2152, .T. ) ;
#900 = CARTESIAN_POINT ( 'NONE',  ( -1.252725387993669324E-13, 0.000000000000000000, -0.5000000000000033307 ) ) ;
#901 = VECTOR ( 'NONE', #1884, 1000.000000000000114 ) ;
#902 = DIRECTION ( 'NONE',  ( 0.000000000000000000, 1.000000000000000000, 0.000000000000000000 ) ) ;
#903 = LINE ( 'NONE', #493, #1321 ) ;
#904 = CIRCLE ( 'NONE', #2553, 0.4999999999999998890 ) ;
#905 = DIRECTION ( 'NONE',  ( -1.000000000000000000, 0.000000000000000000, -0.000000000000000000 ) ) ;
#906 = EDGE_CURVE ( 'NONE', #164, #2481, #2514, .T. ) ;
#907 = ORIENTED_EDGE ( 'NONE', *, *, #2416, .T. ) ;
#908 = AXIS2_PLACEMENT_3D ( 'NONE', #766, #2167, #346 ) ;
#909 = DIRECTION ( 'NONE',  ( 0.000000000000000000, 0.000000000000000000, 1.000000000000000000 ) ) ;
#910 = VERTEX_POINT ( 'NONE', #1484 ) ;
#911 = ORIENTED_EDGE ( 'NONE', *, *, #1680, .F. ) ;
#912 = ORIENTED_EDGE ( 'NONE', *, *, #1614, .T. ) ;
#913 = DIRECTION ( 'NONE',  ( -1.000000000000000000, 1.387778780781406075E-14, -0.000000000000000000 ) ) ;
#914 = EDGE_LOOP ( 'NONE', ( #2340, #892, #221, #1003 ) ) ;
#915 = LINE ( 'NONE', #1496, #1408 ) ;
#916 = FACE_OUTER_BOUND ( 'NONE', #1650, .T. ) ;
#917 = DIRECTION ( 'NONE',  ( 0.000000000000000000, 1.000000000000000000, 0.000000000000000000 ) ) ;
#918 = DIRECTION ( 'NONE',  ( 0.000000000000000000, 1.000000000000000000, 0.000000000000000000 ) ) ;
#919 = CARTESIAN_POINT ( 'NONE',  ( -4.200000000000192024, 1.000000000000029532, 2.300000000000063327 ) ) ;
#920 = EDGE_CURVE ( 'NONE', #550, #277, #109, .T. ) ;
#921 = EDGE_CURVE ( 'NONE', #1944, #2383, #2275, .T. ) ;
#922 = ORIENTED_EDGE ( 'NONE', *, *, #456, .F. ) ;
#923 = VECTOR ( 'NONE', #830, 1000.000000000000114 ) ;
#924 = PLANE ( 'NONE',  #2422 ) ;
#925 = VECTOR ( 'NONE', #2083, 1000.000000000000000 ) ;
#926 = DIRECTION ( 'NONE',  ( 0.000000000000000000, 0.000000000000000000, 1.000000000000000000 ) ) ;
#927 = CC_DESIGN_APPROVAL ( #1715, ( #2261 ) ) ;
#928 = CARTESIAN_POINT ( 'NONE',  ( 0.9999999999997979394, 6.400000000000066080, -1.599999999999937472 ) ) ;
#929 = EDGE_CURVE ( 'NONE', #765, #438, #696, .T. ) ;
#930 = CARTESIAN_POINT ( 'NONE',  ( -1.253337711393243126E-13, 0.000000000000000000, -3.469446951953614189E-15 ) ) ;
#931 = ORIENTED_EDGE ( 'NONE', *, *, #1094, .T. ) ;
#932 = CARTESIAN_POINT ( 'NONE',  ( 1.599999999999874856, 0.000000000000000000, -2.550000000000004263 ) ) ;
#933 = ORIENTED_EDGE ( 'NONE', *, *, #43, .F. ) ;
#934 = DIRECTION ( 'NONE',  ( 0.000000000000000000, 0.000000000000000000, 1.000000000000000000 ) ) ;
#935 = CARTESIAN_POINT ( 'NONE',  ( -5.450000000000208900, 6.900000000000066080, -1.599999999999937028 ) ) ;
#936 = EDGE_CURVE ( 'NONE', #2088, #1783, #489, .T. ) ;
#937 = CARTESIAN_POINT ( 'NONE',  ( 0.4499999999997891242, 6.400000000000066080, -1.599999999999937694 ) ) ;
#938 = DIRECTION ( 'NONE',  ( 2.551063935259992742E-16, -1.000000000000000000, 0.000000000000000000 ) ) ;
#939 = VECTOR ( 'NONE', #1775, 1000.000000000000000 ) ;
#940 = LINE ( 'NONE', #506, #312 ) ;
#941 = CARTESIAN_POINT ( 'NONE',  ( 1.599999999999801137, 6.100000000000064482, -2.599999999999936584 ) ) ;
#942 = AXIS2_PLACEMENT_3D ( 'NONE', #1646, #1296, #872 ) ;
#943 = DIRECTION ( 'NONE',  ( -1.000000000000000000, 0.000000000000000000, 0.000000000000000000 ) ) ;
#944 = VECTOR ( 'NONE', #2141, 1000.000000000000000 ) ;
#945 = ORIENTED_EDGE ( 'NONE', *, *, #2246, .T. ) ;
#946 = VECTOR ( 'NONE', #48, 1000.000000000000000 ) ;
#947 = ORIENTED_EDGE ( 'NONE', *, *, #4, .T. ) ;
#948 = PLANE ( 'NONE',  #1403 ) ;
#949 = CYLINDRICAL_SURFACE ( 'NONE', #2508, 0.7999999999999999334 ) ;
#950 = DIRECTION ( 'NONE',  ( 0.2588190451025032535, 0.000000000000000000, -0.9659258262890729752 ) ) ;
#951 = EDGE_CURVE ( 'NONE', #1378, #2301, #296, .T. ) ;
#952 = EDGE_CURVE ( 'NONE', #761, #1606, #96, .T. ) ;
#953 = DIRECTION ( 'NONE',  ( 1.000000000000000000, -5.337610695313612683E-15, -0.000000000000000000 ) ) ;
#954 = CARTESIAN_POINT ( 'NONE',  ( -6.600000000000205702, 6.900000000000065192, -2.099999999999937028 ) ) ;
#955 = DIRECTION ( 'NONE',  ( 0.000000000000000000, -1.000000000000000000, 1.084202172485504828E-15 ) ) ;
#956 = ORIENTED_EDGE ( 'NONE', *, *, #150, .F. ) ;
#957 = ADVANCED_FACE ( 'NONE', ( #2359 ), #1585, .F. ) ;
#958 = CARTESIAN_POINT ( 'NONE',  ( -2.950000000000208900, 6.900000000000066080, -2.099999999999937472 ) ) ;
#959 = PLANE ( 'NONE',  #1193 ) ;
#960 = VERTEX_POINT ( 'NONE', #1196 ) ;
#961 = CARTESIAN_POINT ( 'NONE',  ( 1.599999999999874856, 0.000000000000000000, 1.549999999999995826 ) ) ;
#962 = AXIS2_PLACEMENT_3D ( 'NONE', #2489, #902, #2265 ) ;
#963 = DIRECTION ( 'NONE',  ( 1.000000000000000000, 2.115516434118057709E-16, -0.000000000000000000 ) ) ;
#964 = CARTESIAN_POINT ( 'NONE',  ( -0.4500000000001750933, 2.024500000000066802, -1.799999999999929212 ) ) ;
#965 = CARTESIAN_POINT ( 'NONE',  ( -4.550000000000211209, 6.900000000000066080, -1.599999999999937028 ) ) ;
#966 = ORIENTED_EDGE ( 'NONE', *, *, #2505, .T. ) ;
#967 = CARTESIAN_POINT ( 'NONE',  ( -2.950000000000175149, 0.000000000000000000, -1.799999999999928324 ) ) ;
#968 = ORIENTED_EDGE ( 'NONE', *, *, #867, .T. ) ;
#969 = DIRECTION ( 'NONE',  ( 0.000000000000000000, -0.000000000000000000, -1.000000000000000000 ) ) ;
#970 = ORIENTED_EDGE ( 'NONE', *, *, #1551, .F. ) ;
#971 = FACE_BOUND ( 'NONE', #2435, .T. ) ;
#972 = CARTESIAN_POINT ( 'NONE',  ( -0.4500000000001750933, 2.024500000000066802, -1.799999999999929212 ) ) ;
#973 = ADVANCED_FACE ( 'NONE', ( #1547 ), #2369, .F. ) ;
#974 = EDGE_LOOP ( 'NONE', ( #2212, #1844, #2633, #1436 ) ) ;
#975 = DIRECTION ( 'NONE',  ( 0.2588190451025199068, 0.000000000000000000, 0.9659258262890686453 ) ) ;
#976 = LINE ( 'NONE', #411, #2051 ) ;
#977 = ORIENTED_EDGE ( 'NONE', *, *, #2006, .T. ) ;
#978 = EDGE_CURVE ( 'NONE', #1333, #2345, #2149, .T. ) ;
#979 = VECTOR ( 'NONE', #2503, 1000.000000000000000 ) ;
#980 = AXIS2_PLACEMENT_3D ( 'NONE', #674, #1090, #37 ) ;
#981 = LINE ( 'NONE', #1945, #621 ) ;
#982 = VERTEX_POINT ( 'NONE', #2175 ) ;
#983 = VECTOR ( 'NONE', #1252, 1000.000000000000000 ) ;
#984 = FACE_OUTER_BOUND ( 'NONE', #1206, .T. ) ;
#985 = VECTOR ( 'NONE', #2164, 1000.000000000000000 ) ;
#986 = ORIENTED_EDGE ( 'NONE', *, *, #1568, .F. ) ;
#987 = LINE ( 'NONE', #774, #944 ) ;
#988 = VECTOR ( 'NONE', #447, 999.9999999999998863 ) ;
#989 = LINE ( 'NONE', #775, #2174 ) ;
#990 = PLANE ( 'NONE',  #1119 ) ;
#991 = ORIENTED_EDGE ( 'NONE', *, *, #1094, .F. ) ;
#992 = CARTESIAN_POINT ( 'NONE',  ( -0.4500000000002088996, 6.900000000000066080, -1.599999999999937694 ) ) ;
#993 = LINE ( 'NONE', #389, #1685 ) ;
#994 = VERTEX_POINT ( 'NONE', #2187 ) ;
#995 = CARTESIAN_POINT ( 'NONE',  ( 0.4999999999998243627, 1.000000000000043299, 2.300000000000063327 ) ) ;
#996 = ADVANCED_FACE ( 'NONE', ( #747 ), #949, .F. ) ;
#997 = ORIENTED_EDGE ( 'NONE', *, *, #1602, .T. ) ;
#998 = DIRECTION ( 'NONE',  ( -0.000000000000000000, -0.000000000000000000, -1.000000000000000000 ) ) ;
#999 = CARTESIAN_POINT ( 'NONE',  ( -6.600000000000205702, 0.000000000000000000, 1.500000000000062839 ) ) ;
#1000 = DIRECTION ( 'NONE',  ( -1.000000000000000000, 0.000000000000000000, -0.000000000000000000 ) ) ;
#1001 = CARTESIAN_POINT ( 'NONE',  ( -6.600000000000205702, 6.900000000000065192, -1.599999999999937694 ) ) ;
#1002 = ORIENTED_EDGE ( 'NONE', *, *, #1514, .F. ) ;
#1003 = ORIENTED_EDGE ( 'NONE', *, *, #2264, .F. ) ;
#1004 = CARTESIAN_POINT ( 'NONE',  ( -6.600000000000123990, 0.000000000000000000, -2.550000000000002931 ) ) ;
#1005 = EDGE_CURVE ( 'NONE', #2012, #2493, #1970, .T. ) ;
#1006 = ORIENTED_EDGE ( 'NONE', *, *, #135, .F. ) ;
#1007 = DIRECTION ( 'NONE',  ( 1.360567432138662861E-15, -1.000000000000000000, -0.000000000000000000 ) ) ;
#1008 = ORIENTED_EDGE ( 'NONE', *, *, #1772, .T. ) ;
#1009 = EDGE_CURVE ( 'NONE', #1393, #1621, #1169, .T. ) ;
#1010 = CARTESIAN_POINT ( 'NONE',  ( 0.4499999999997891242, 6.400000000000066080, -2.099999999999937916 ) ) ;
#1011 = ORIENTED_EDGE ( 'NONE', *, *, #1398, .F. ) ;
#1012 = CC_DESIGN_PERSON_AND_ORGANIZATION_ASSIGNMENT ( #107, #1275, ( #886 ) ) ;
#1013 = DIRECTION ( 'NONE',  ( 0.000000000000000000, -0.000000000000000000, -1.000000000000000000 ) ) ;
#1014 = LINE ( 'NONE', #2456, #1174 ) ;
#1015 = DIRECTION ( 'NONE',  ( 0.000000000000000000, 0.000000000000000000, 1.000000000000000000 ) ) ;
#1016 = EDGE_CURVE ( 'NONE', #561, #994, #2372, .T. ) ;
#1017 = VERTEX_POINT ( 'NONE', #2565 ) ;
#1018 = FACE_OUTER_BOUND ( 'NONE', #1824, .T. ) ;
#1019 = LINE ( 'NONE', #1787, #2310 ) ;
#1020 = ORIENTED_EDGE ( 'NONE', *, *, #707, .T. ) ;
#1021 = DIRECTION ( 'NONE',  ( -1.000000000000000000, 0.000000000000000000, 0.000000000000000000 ) ) ;
#1022 = ORIENTED_EDGE ( 'NONE', *, *, #1912, .F. ) ;
#1023 = AXIS2_PLACEMENT_3D ( 'NONE', #512, #1559, #535 ) ;
#1024 = DIRECTION ( 'NONE',  ( 0.000000000000000000, 1.000000000000000000, 0.000000000000000000 ) ) ;
#1025 = CARTESIAN_POINT ( 'NONE',  ( 0.000000000000000000, 0.000000000000000000, 0.000000000000000000 ) ) ;
#1026 = VECTOR ( 'NONE', #510, 999.9999999999998863 ) ;
#1027 = DIRECTION ( 'NONE',  ( 0.000000000000000000, 1.000000000000000000, 0.000000000000000000 ) ) ;
#1028 = EDGE_LOOP ( 'NONE', ( #280, #484 ) ) ;
#1029 = AXIS2_PLACEMENT_3D ( 'NONE', #1757, #2417, #1770 ) ;
#1030 = EDGE_CURVE ( 'NONE', #141, #1081, #2162, .T. ) ;
#1031 = CYLINDRICAL_SURFACE ( 'NONE', #1541, 0.7999999999999999334 ) ;
#1032 = ORIENTED_EDGE ( 'NONE', *, *, #2402, .F. ) ;
#1033 = DIRECTION ( 'NONE',  ( 0.000000000000000000, 1.000000000000000000, 0.000000000000000000 ) ) ;
#1034 = ORIENTED_EDGE ( 'NONE', *, *, #43, .T. ) ;
#1035 = ORIENTED_EDGE ( 'NONE', *, *, #2487, .T. ) ;
#1036 = DIRECTION ( 'NONE',  ( 0.000000000000000000, 0.000000000000000000, 1.000000000000000000 ) ) ;
#1037 = VERTEX_POINT ( 'NONE', #722 ) ;
#1038 = EDGE_CURVE ( 'NONE', #2111, #1184, #368, .T. ) ;
#1039 = VERTEX_POINT ( 'NONE', #1958 ) ;
#1040 = DIRECTION ( 'NONE',  ( -0.8660254037844362651, 0.000000000000000000, 0.5000000000000042188 ) ) ;
#1041 = PERSON_AND_ORGANIZATION_ROLE ( 'design_owner' ) ;
#1042 = DIRECTION ( 'NONE',  ( 0.000000000000000000, 1.000000000000000000, 0.000000000000000000 ) ) ;
#1043 = EDGE_CURVE ( 'NONE', #2139, #1873, #735, .T. ) ;
#1044 = LINE ( 'NONE', #2458, #453 ) ;
#1045 = EDGE_CURVE ( 'NONE', #165, #1735, #2575, .T. ) ;
#1046 = VERTEX_POINT ( 'NONE', #120 ) ;
#1047 = CARTESIAN_POINT ( 'NONE',  ( -2.029626466892864300E-13, 5.400000000000066080, -0.1999999999999467482 ) ) ;
#1048 = AXIS2_PLACEMENT_3D ( 'NONE', #1554, #1033, #613 ) ;
#1049 = ORIENTED_EDGE ( 'NONE', *, *, #2057, .F. ) ;
#1050 = CARTESIAN_POINT ( 'NONE',  ( -0.4500000000002088996, 6.400000000000066080, -2.099999999999937916 ) ) ;
#1051 = ORIENTED_EDGE ( 'NONE', *, *, #2537, .T. ) ;
#1052 = LOCAL_TIME ( 19, 53, 40.00000000000000000, #237 ) ;
#1053 = CARTESIAN_POINT ( 'NONE',  ( -2.050000000000210765, 6.400000000000066080, -1.599999999999937250 ) ) ;
#1054 = ORIENTED_EDGE ( 'NONE', *, *, #400, .T. ) ;
#1055 = ORIENTED_EDGE ( 'NONE', *, *, #172, .F. ) ;
#1056 = CARTESIAN_POINT ( 'NONE',  ( -2.050000000000177014, 2.024500000000066802, -1.799999999999928324 ) ) ;
#1057 =( LENGTH_UNIT ( ) NAMED_UNIT ( * ) SI_UNIT ( .MILLI., .METRE. ) );
#1058 = PLANE ( 'NONE',  #295 ) ;
#1059 = CYLINDRICAL_SURFACE ( 'NONE', #247, 0.4999999999999998890 ) ;
#1060 = FACE_OUTER_BOUND ( 'NONE', #2374, .T. ) ;
#1061 = ORIENTED_EDGE ( 'NONE', *, *, #2181, .F. ) ;
#1062 = CARTESIAN_POINT ( 'NONE',  ( -3.500000000000204281, 6.400000000000066080, -1.599999999999937250 ) ) ;
#1063 = DIRECTION ( 'NONE',  ( -0.000000000000000000, 1.000000000000000000, -0.000000000000000000 ) ) ;
#1064 = ADVANCED_FACE ( 'NONE', ( #144 ), #959, .F. ) ;
#1065 = ADVANCED_FACE ( 'NONE', ( #984 ), #1946, .T. ) ;
#1066 = EDGE_LOOP ( 'NONE', ( #190, #824, #1035, #2413 ) ) ;
#1067 = CARTESIAN_POINT ( 'NONE',  ( -2.950000000000208900, 6.400000000000066080, -1.599999999999937250 ) ) ;
#1068 = CARTESIAN_POINT ( 'NONE',  ( -2.029626466892864300E-13, 5.400000000000066080, -0.1999999999999467482 ) ) ;
#1069 = LINE ( 'NONE', #189, #374 ) ;
#1070 = CIRCLE ( 'NONE', #1949, 0.5000000000000000000 ) ;
#1071 = VECTOR ( 'NONE', #1185, 1000.000000000000000 ) ;
#1072 = CARTESIAN_POINT ( 'NONE',  ( -0.4500000000002088996, 6.400000000000066080, -1.599999999999937694 ) ) ;
#1073 = ORIENTED_EDGE ( 'NONE', *, *, #805, .F. ) ;
#1074 = DIRECTION ( 'NONE',  ( 0.000000000000000000, 1.000000000000000000, 0.000000000000000000 ) ) ;
#1075 = CIRCLE ( 'NONE', #2468, 0.7999999999999999334 ) ;
#1076 = ORIENTED_EDGE ( 'NONE', *, *, #1583, .F. ) ;
#1077 = LINE ( 'NONE', #826, #200 ) ;
#1078 = CARTESIAN_POINT ( 'NONE',  ( 0.4999999999998174238, 3.450000000000061462, 2.300000000000063327 ) ) ;
#1079 = ORIENTED_EDGE ( 'NONE', *, *, #868, .T. ) ;
#1080 = ORIENTED_EDGE ( 'NONE', *, *, #1867, .T. ) ;
#1081 = VERTEX_POINT ( 'NONE', #174 ) ;
#1082 = EDGE_CURVE ( 'NONE', #164, #1899, #1778, .T. ) ;
#1083 = LINE ( 'NONE', #266, #2288 ) ;
#1084 = PERSON_AND_ORGANIZATION ( #1099, #879 ) ;
#1085 = CARTESIAN_POINT ( 'NONE',  ( -6.600000000000205702, 6.900000000000065192, 2.300000000000063327 ) ) ;
#1086 = CARTESIAN_POINT ( 'NONE',  ( -5.450000000000175149, 2.024500000000066802, -1.799999999999929212 ) ) ;
#1087 = CARTESIAN_POINT ( 'NONE',  ( -0.8000000000001920020, 6.100000000000064482, 2.300000000000063327 ) ) ;
#1088 = EDGE_CURVE ( 'NONE', #1560, #1806, #564, .T. ) ;
#1089 = ORIENTED_EDGE ( 'NONE', *, *, #1270, .T. ) ;
#1090 = DIRECTION ( 'NONE',  ( 0.000000000000000000, 0.000000000000000000, -1.000000000000000000 ) ) ;
#1091 = DIRECTION ( 'NONE',  ( 1.000000000000000000, -0.000000000000000000, 0.000000000000000000 ) ) ;
#1092 = VECTOR ( 'NONE', #1515, 1000.000000000000000 ) ;
#1093 = ORIENTED_EDGE ( 'NONE', *, *, #2487, .F. ) ;
#1094 = EDGE_CURVE ( 'NONE', #1908, #574, #1656, .T. ) ;
#1095 = LINE ( 'NONE', #2496, #84 ) ;
#1096 = PERSON_AND_ORGANIZATION_ROLE ( 'design_supplier' ) ;
#1097 = CARTESIAN_POINT ( 'NONE',  ( -6.600000000000123990, 0.000000000000000000, -2.550000000000002931 ) ) ;
#1098 = EDGE_CURVE ( 'NONE', #2001, #1606, #2267, .T. ) ;
#1099 = PERSON ( 'UNSPECIFIED', 'UNSPECIFIED', 'UNSPECIFIED', ('UNSPECIFIED'), ('UNSPECIFIED'), ('UNSPECIFIED') ) ;
#1100 = EDGE_CURVE ( 'NONE', #165, #1560, #2042, .T. ) ;
#1101 = CARTESIAN_POINT ( 'NONE',  ( -2.500000000000124789, 4.500000000000000888, 0.4999999999999965583 ) ) ;
#1102 = DIRECTION ( 'NONE',  ( 0.000000000000000000, 0.000000000000000000, 1.000000000000000000 ) ) ;
#1103 = CARTESIAN_POINT ( 'NONE',  ( -2.950000000000175149, 2.024500000000066802, -1.799999999999928768 ) ) ;
#1104 = DIRECTION ( 'NONE',  ( 0.000000000000000000, -1.000000000000000000, 0.000000000000000000 ) ) ;
#1105 = CARTESIAN_POINT ( 'NONE',  ( 1.599999999999874856, 0.000000000000000000, -2.550000000000003819 ) ) ;
#1106 = EDGE_LOOP ( 'NONE', ( #970, #605 ) ) ;
#1107 = CARTESIAN_POINT ( 'NONE',  ( 2.399999999999807621, 6.100000000000064482, -2.599999999999936584 ) ) ;
#1108 = ORIENTED_EDGE ( 'NONE', *, *, #187, .T. ) ;
#1109 = ADVANCED_FACE ( 'NONE', ( #52 ), #2056, .F. ) ;
#1110 = CARTESIAN_POINT ( 'NONE',  ( -2.500000000000124789, 0.000000000000000000, -3.469446951953614189E-15 ) ) ;
#1111 = DIRECTION ( 'NONE',  ( -1.000000000000000000, -2.551063935259992742E-16, 0.000000000000000000 ) ) ;
#1112 = ORIENTED_EDGE ( 'NONE', *, *, #1230, .T. ) ;
#1113 = VECTOR ( 'NONE', #682, 1000.000000000000000 ) ;
#1114 = EDGE_CURVE ( 'NONE', #1793, #1820, #1077, .T. ) ;
#1115 = EDGE_CURVE ( 'NONE', #689, #36, #713, .T. ) ;
#1116 = CYLINDRICAL_SURFACE ( 'NONE', #1765, 0.4999999999999998890 ) ;
#1117 = CARTESIAN_POINT ( 'NONE',  ( -4.349038105676829247, 2.024500000000066802, -2.550000000000003375 ) ) ;
#1118 = VECTOR ( 'NONE', #547, 1000.000000000000000 ) ;
#1119 = AXIS2_PLACEMENT_3D ( 'NONE', #2578, #1611, #2165 ) ;
#1120 = CARTESIAN_POINT ( 'NONE',  ( -6.600000000000205702, 6.900000000000065192, -3.399999999999936851 ) ) ;
#1121 = EDGE_LOOP ( 'NONE', ( #2279, #1571, #1209, #1977, #1521, #155, #503, #469 ) ) ;
#1122 = LINE ( 'NONE', #2060, #410 ) ;
#1123 = ORIENTED_EDGE ( 'NONE', *, *, #1016, .T. ) ;
#1124 = CARTESIAN_POINT ( 'NONE',  ( 2.399999999999807621, 6.900000000000066969, 1.500000000000062839 ) ) ;
#1125 = CARTESIAN_POINT ( 'NONE',  ( -4.550000000000211209, 6.400000000000066080, -1.599999999999937028 ) ) ;
#1126 = EDGE_CURVE ( 'NONE', #1779, #263, #1244, .T. ) ;
#1127 = CARTESIAN_POINT ( 'NONE',  ( -6.000000000000204281, 6.900000000000065192, -2.599999999999936584 ) ) ;
#1128 = CARTESIAN_POINT ( 'NONE',  ( -2.050000000000210765, 6.400000000000066080, -2.099999999999937472 ) ) ;
#1129 = APPROVAL ( #1439, 'UNSPECIFIED' ) ;
#1130 = DIRECTION ( 'NONE',  ( -0.000000000000000000, -1.000000000000000000, -0.000000000000000000 ) ) ;
#1131 = ORIENTED_EDGE ( 'NONE', *, *, #620, .F. ) ;
#1132 = EDGE_CURVE ( 'NONE', #1956, #485, #217, .T. ) ;
#1133 = DIRECTION ( 'NONE',  ( -1.000000000000000000, 0.000000000000000000, -0.000000000000000000 ) ) ;
#1134 = ORIENTED_EDGE ( 'NONE', *, *, #2215, .T. ) ;
#1135 = VECTOR ( 'NONE', #1964, 1000.000000000000000 ) ;
#1136 = CARTESIAN_POINT ( 'NONE',  ( -2.029626466892864300E-13, 6.400000000000066080, -0.1999999999999467482 ) ) ;
#1137 = AXIS2_PLACEMENT_3D ( 'NONE', #1068, #624, #865 ) ;
#1138 = DIRECTION ( 'NONE',  ( -0.000000000000000000, 1.000000000000000000, 0.000000000000000000 ) ) ;
#1139 = PLANE ( 'NONE',  #1217 ) ;
#1140 = CARTESIAN_POINT ( 'NONE',  ( -5.450000000000208900, 6.400000000000066080, -2.099999999999937028 ) ) ;
#1141 = LINE ( 'NONE', #2366, #1763 ) ;
#1142 = ORIENTED_EDGE ( 'NONE', *, *, #2436, .T. ) ;
#1143 = FACE_OUTER_BOUND ( 'NONE', #2478, .T. ) ;
#1144 = ADVANCED_FACE ( 'NONE', ( #859 ), #25, .T. ) ;
#1145 = DIRECTION ( 'NONE',  ( 0.000000000000000000, 1.000000000000000000, 0.000000000000000000 ) ) ;
#1146 = DIRECTION ( 'NONE',  ( 1.000000000000000000, 0.000000000000000000, -0.000000000000000000 ) ) ;
#1147 = CARTESIAN_POINT ( 'NONE',  ( -4.200000000000192912, -0.8499999999999332534, 1.500000000000062839 ) ) ;
#1148 = ORIENTED_EDGE ( 'NONE', *, *, #21, .F. ) ;
#1149 = ORIENTED_EDGE ( 'NONE', *, *, #1582, .T. ) ;
#1150 = EDGE_CURVE ( 'NONE', #1817, #858, #1283, .T. ) ;
#1151 = VECTOR ( 'NONE', #2504, 1000.000000000000000 ) ;
#1152 = LINE ( 'NONE', #744, #695 ) ;
#1153 = VECTOR ( 'NONE', #287, 1000.000000000000000 ) ;
#1154 = AXIS2_PLACEMENT_3D ( 'NONE', #2482, #236, #680 ) ;
#1155 = ORIENTED_EDGE ( 'NONE', *, *, #1698, .F. ) ;
#1156 = AXIS2_PLACEMENT_3D ( 'NONE', #1292, #1711, #2293 ) ;
#1157 = DIRECTION ( 'NONE',  ( -0.000000000000000000, 1.000000000000000000, -0.000000000000000000 ) ) ;
#1158 = EDGE_LOOP ( 'NONE', ( #471, #377, #2562, #1985 ) ) ;
#1159 = CARTESIAN_POINT ( 'NONE',  ( -2.029626466892864300E-13, 5.400000000000066080, -0.1999999999999467482 ) ) ;
#1160 = ORIENTED_EDGE ( 'NONE', *, *, #343, .F. ) ;
#1161 = DIRECTION ( 'NONE',  ( 0.000000000000000000, -1.000000000000000000, 0.000000000000000000 ) ) ;
#1162 = CARTESIAN_POINT ( 'NONE',  ( -4.550000000000177458, 2.024500000000066802, -1.799999999999929212 ) ) ;
#1163 = VERTEX_POINT ( 'NONE', #2463 ) ;
#1164 = LINE ( 'NONE', #1615, #38 ) ;
#1165 = CARTESIAN_POINT ( 'NONE',  ( -4.550000000000177458, 2.024500000000066802, -1.799999999999929212 ) ) ;
#1166 = EDGE_LOOP ( 'NONE', ( #415, #206 ) ) ;
#1167 = DIRECTION ( 'NONE',  ( 0.000000000000000000, 1.000000000000000000, 0.000000000000000000 ) ) ;
#1168 = ADVANCED_FACE ( 'NONE', ( #633 ), #1674, .F. ) ;
#1169 = LINE ( 'NONE', #355, #2336 ) ;
#1170 = VECTOR ( 'NONE', #1259, 1000.000000000000000 ) ;
#1171 = ORIENTED_EDGE ( 'NONE', *, *, #534, .T. ) ;
#1172 = DIRECTION ( 'NONE',  ( 0.000000000000000000, 0.000000000000000000, -1.000000000000000000 ) ) ;
#1173 = LINE ( 'NONE', #1001, #412 ) ;
#1174 = VECTOR ( 'NONE', #17, 1000.000000000000000 ) ;
#1175 = ORIENTED_EDGE ( 'NONE', *, *, #1082, .F. ) ;
#1176 = EDGE_CURVE ( 'NONE', #1873, #1690, #890, .T. ) ;
#1177 = DIRECTION ( 'NONE',  ( 0.000000000000000000, 0.000000000000000000, -1.000000000000000000 ) ) ;
#1178 = ORIENTED_EDGE ( 'NONE', *, *, #2449, .F. ) ;
#1179 = DIRECTION ( 'NONE',  ( 1.000000000000000000, 1.360567432138662861E-15, -0.000000000000000000 ) ) ;
#1180 = ORIENTED_EDGE ( 'NONE', *, *, #1150, .F. ) ;
#1181 = CARTESIAN_POINT ( 'NONE',  ( -4.200000000000192912, 6.100000000000064482, 2.300000000000063327 ) ) ;
#1182 = ORIENTED_EDGE ( 'NONE', *, *, #108, .T. ) ;
#1183 = DIRECTION ( 'NONE',  ( 0.000000000000000000, 0.000000000000000000, 1.000000000000000000 ) ) ;
#1184 = VERTEX_POINT ( 'NONE', #1489 ) ;
#1185 = DIRECTION ( 'NONE',  ( 0.000000000000000000, 0.000000000000000000, -1.000000000000000000 ) ) ;
#1186 = LINE ( 'NONE', #1734, #478 ) ;
#1187 = FACE_OUTER_BOUND ( 'NONE', #1751, .T. ) ;
#1188 = DIRECTION ( 'NONE',  ( -0.000000000000000000, 1.000000000000000000, -0.000000000000000000 ) ) ;
#1189 = EDGE_CURVE ( 'NONE', #1944, #550, #2491, .T. ) ;
#1190 = EDGE_CURVE ( 'NONE', #2450, #572, #531, .T. ) ;
#1191 = DIRECTION ( 'NONE',  ( -0.000000000000000000, 1.000000000000000000, -0.000000000000000000 ) ) ;
#1192 = EDGE_LOOP ( 'NONE', ( #1951, #1300, #60, #1420 ) ) ;
#1193 = AXIS2_PLACEMENT_3D ( 'NONE', #1996, #1570, #1794 ) ;
#1194 = DIRECTION ( 'NONE',  ( -0.2588190451025032535, -0.000000000000000000, 0.9659258262890729752 ) ) ;
#1195 = ORIENTED_EDGE ( 'NONE', *, *, #2215, .F. ) ;
#1196 = CARTESIAN_POINT ( 'NONE',  ( -0.4500000000001750933, 0.000000000000000000, -1.799999999999928324 ) ) ;
#1197 = DIRECTION ( 'NONE',  ( -0.000000000000000000, 1.000000000000000000, -0.000000000000000000 ) ) ;
#1198 = CIRCLE ( 'NONE', #1993, 0.4999999999999998890 ) ;
#1199 = CARTESIAN_POINT ( 'NONE',  ( 0.9999999999997979394, 6.400000000000066080, -1.599999999999937694 ) ) ;
#1200 = EDGE_CURVE ( 'NONE', #1265, #1400, #2240, .T. ) ;
#1201 = CARTESIAN_POINT ( 'NONE',  ( -4.550000000000177458, 2.024500000000066802, -2.550000000000003375 ) ) ;
#1202 = EDGE_LOOP ( 'NONE', ( #769, #1175, #57, #2256 ) ) ;
#1203 = FACE_OUTER_BOUND ( 'NONE', #93, .T. ) ;
#1204 = EDGE_CURVE ( 'NONE', #2393, #1560, #439, .T. ) ;
#1205 = PLANE ( 'NONE',  #62 ) ;
#1206 = EDGE_LOOP ( 'NONE', ( #1767, #1676 ) ) ;
#1207 = CARTESIAN_POINT ( 'NONE',  ( -1.849038105676829691, 2.024500000000066802, -2.550000000000003819 ) ) ;
#1208 = EDGE_CURVE ( 'NONE', #1037, #164, #1688, .T. ) ;
#1209 = ORIENTED_EDGE ( 'NONE', *, *, #64, .T. ) ;
#1210 = LINE ( 'NONE', #210, #1745 ) ;
#1211 = LINE ( 'NONE', #2248, #2572 ) ;
#1212 = CIRCLE ( 'NONE', #58, 0.7999999999999990452 ) ;
#1213 = DIRECTION ( 'NONE',  ( 0.000000000000000000, 1.000000000000000000, 0.000000000000000000 ) ) ;
#1214 = ORIENTED_EDGE ( 'NONE', *, *, #2386, .F. ) ;
#1215 = VECTOR ( 'NONE', #2168, 1000.000000000000000 ) ;
#1216 = PLANE ( 'NONE',  #1712 ) ;
#1217 = AXIS2_PLACEMENT_3D ( 'NONE', #1939, #1746, #787 ) ;
#1218 = DIRECTION ( 'NONE',  ( 2.832201593431505358E-15, -1.000000000000000000, 0.000000000000000000 ) ) ;
#1219 = ORIENTED_EDGE ( 'NONE', *, *, #1115, .T. ) ;
#1220 = CARTESIAN_POINT ( 'NONE',  ( -5.450000000000208900, 6.400000000000066080, -2.099999999999937028 ) ) ;
#1221 = VERTEX_POINT ( 'NONE', #1062 ) ;
#1222 = ADVANCED_FACE ( 'NONE', ( #2067 ), #2280, .F. ) ;
#1223 = ADVANCED_FACE ( 'NONE', ( #1906 ), #275, .F. ) ;
#1224 = DIRECTION ( 'NONE',  ( 0.000000000000000000, 0.000000000000000000, -1.000000000000000000 ) ) ;
#1225 = CARTESIAN_POINT ( 'NONE',  ( -6.000000000000204281, 6.400000000000066080, -1.599999999999937028 ) ) ;
#1226 = PLANE ( 'NONE',  #2120 ) ;
#1227 = VERTEX_POINT ( 'NONE', #1517 ) ;
#1228 = CARTESIAN_POINT ( 'NONE',  ( -4.000000000000202505, 6.400000000000066080, 0.8000000000000550004 ) ) ;
#1229 = DIRECTION ( 'NONE',  ( 1.000000000000000000, 0.000000000000000000, -1.084202172485503448E-16 ) ) ;
#1230 = EDGE_CURVE ( 'NONE', #2389, #2143, #482, .T. ) ;
#1231 = ORIENTED_EDGE ( 'NONE', *, *, #2541, .F. ) ;
#1232 = ORIENTED_EDGE ( 'NONE', *, *, #1346, .F. ) ;
#1233 = CARTESIAN_POINT ( 'NONE',  ( -2.500000000000205169, 6.400000000000066080, -0.1999999999999276801 ) ) ;
#1234 = ORIENTED_EDGE ( 'NONE', *, *, #1677, .T. ) ;
#1235 = ORIENTED_EDGE ( 'NONE', *, *, #685, .F. ) ;
#1236 = AXIS2_PLACEMENT_3D ( 'NONE', #1310, #1716, #905 ) ;
#1237 = DIRECTION ( 'NONE',  ( 0.000000000000000000, 1.000000000000000000, 0.000000000000000000 ) ) ;
#1238 = AXIS2_PLACEMENT_3D ( 'NONE', #2272, #1274, #882 ) ;
#1239 = LINE ( 'NONE', #834, #857 ) ;
#1240 = VECTOR ( 'NONE', #2568, 1000.000000000000000 ) ;
#1241 = DIRECTION ( 'NONE',  ( 0.000000000000000000, -0.000000000000000000, 1.000000000000000000 ) ) ;
#1242 = CARTESIAN_POINT ( 'NONE',  ( -5.450000000000208900, 6.400000000000066080, -2.099999999999937028 ) ) ;
#1243 = ORIENTED_EDGE ( 'NONE', *, *, #2050, .T. ) ;
#1244 = LINE ( 'NONE', #1050, #626 ) ;
#1245 = VERTEX_POINT ( 'NONE', #2314 ) ;
#1246 = DIRECTION ( 'NONE',  ( 0.000000000000000000, 1.000000000000000000, -0.000000000000000000 ) ) ;
#1247 = ORIENTED_EDGE ( 'NONE', *, *, #742, .T. ) ;
#1248 = EDGE_LOOP ( 'NONE', ( #2235, #1171, #1368, #2064 ) ) ;
#1249 = DIRECTION ( 'NONE',  ( 0.2588190451025032535, 0.000000000000000000, -0.9659258262890729752 ) ) ;
#1250 = DIRECTION ( 'NONE',  ( 0.000000000000000000, 1.000000000000000000, 0.000000000000000000 ) ) ;
#1251 = FACE_OUTER_BOUND ( 'NONE', #831, .T. ) ;
#1252 = DIRECTION ( 'NONE',  ( 0.000000000000000000, 1.000000000000000000, 0.000000000000000000 ) ) ;
#1253 = ADVANCED_FACE ( 'NONE', ( #687 ), #1356, .F. ) ;
#1254 = PLANE ( 'NONE',  #1430 ) ;
#1255 = AXIS2_PLACEMENT_3D ( 'NONE', #2378, #2145, #732 ) ;
#1256 = ORIENTED_EDGE ( 'NONE', *, *, #546, .F. ) ;
#1257 = DIRECTION ( 'NONE',  ( 0.000000000000000000, 0.000000000000000000, 1.000000000000000000 ) ) ;
#1258 = LOCAL_TIME ( 19, 53, 40.00000000000000000, #475 ) ;
#1259 = DIRECTION ( 'NONE',  ( -0.000000000000000000, -0.000000000000000000, -1.000000000000000000 ) ) ;
#1260 = ORIENTED_EDGE ( 'NONE', *, *, #2583, .F. ) ;
#1261 = ORIENTED_EDGE ( 'NONE', *, *, #331, .T. ) ;
#1262 = FACE_OUTER_BOUND ( 'NONE', #2517, .T. ) ;
#1263 = CARTESIAN_POINT ( 'NONE',  ( -0.8000000000001928901, 6.900000000000067857, 2.300000000000063327 ) ) ;
#1264 = CARTESIAN_POINT ( 'NONE',  ( -2.500000000000124789, 0.000000000000000000, 0.4999999999999965583 ) ) ;
#1265 = VERTEX_POINT ( 'NONE', #2177 ) ;
#1266 = DIRECTION ( 'NONE',  ( 0.000000000000000000, 1.000000000000000000, 0.000000000000000000 ) ) ;
#1267 = ORIENTED_EDGE ( 'NONE', *, *, #1932, .T. ) ;
#1268 = EDGE_CURVE ( 'NONE', #2522, #2299, #2577, .T. ) ;
#1269 = CARTESIAN_POINT ( 'NONE',  ( -5.000000000000126121, 4.500000000000000888, -3.469446951953614189E-15 ) ) ;
#1270 = EDGE_CURVE ( 'NONE', #1956, #365, #1948, .T. ) ;
#1271 = CARTESIAN_POINT ( 'NONE',  ( -4.550000000000211209, 6.400000000000066080, -2.099999999999937028 ) ) ;
#1272 = ORIENTED_EDGE ( 'NONE', *, *, #1912, .T. ) ;
#1273 = ORIENTED_EDGE ( 'NONE', *, *, #354, .F. ) ;
#1274 = DIRECTION ( 'NONE',  ( 0.000000000000000000, 1.000000000000000000, 0.000000000000000000 ) ) ;
#1275 = PERSON_AND_ORGANIZATION_ROLE ( 'creator' ) ;
#1276 = LINE ( 'NONE', #1097, #1618 ) ;
#1277 = VECTOR ( 'NONE', #1755, 1000.000000000000000 ) ;
#1278 = VECTOR ( 'NONE', #692, 1000.000000000000000 ) ;
#1279 = CARTESIAN_POINT ( 'NONE',  ( -0.8000000000001885603, 6.100000000000064482, 2.300000000000063327 ) ) ;
#1280 = LINE ( 'NONE', #1462, #347 ) ;
#1281 = EDGE_CURVE ( 'NONE', #1460, #1046, #1780, .T. ) ;
#1282 = ORIENTED_EDGE ( 'NONE', *, *, #750, .T. ) ;
#1283 = LINE ( 'NONE', #841, #2420 ) ;
#1284 = LINE ( 'NONE', #919, #819 ) ;
#1285 = VERTEX_POINT ( 'NONE', #1396 ) ;
#1286 = ORIENTED_EDGE ( 'NONE', *, *, #386, .T. ) ;
#1287 = EDGE_LOOP ( 'NONE', ( #209, #1076, #755, #131 ) ) ;
#1288 = LINE ( 'NONE', #1107, #2594 ) ;
#1289 = ADVANCED_FACE ( 'NONE', ( #1548 ), #514, .F. ) ;
#1290 = VERTEX_POINT ( 'NONE', #2567 ) ;
#1291 = DIRECTION ( 'NONE',  ( 9.637352644315616444E-16, -0.000000000000000000, 1.000000000000000000 ) ) ;
#1292 = CARTESIAN_POINT ( 'NONE',  ( -2.500000000000205169, 5.400000000000066080, -0.1999999999999276801 ) ) ;
#1293 = DIRECTION ( 'NONE',  ( 1.000000000000000000, 0.000000000000000000, -1.084202172485503448E-16 ) ) ;
#1294 = PRODUCT ( 'CONNECTOR,JST XH,F,03 PIN', 'CONNECTOR,JST XH,F,03 PIN', '', ( #2219 ) ) ;
#1295 = DIRECTION ( 'NONE',  ( 0.000000000000000000, 0.000000000000000000, 1.000000000000000000 ) ) ;
#1296 = DIRECTION ( 'NONE',  ( 0.000000000000000000, -1.000000000000000000, 0.000000000000000000 ) ) ;
#1297 = LINE ( 'NONE', #2099, #513 ) ;
#1298 = CIRCLE ( 'NONE', #1341, 0.4999999999999998890 ) ;
#1299 = ORIENTED_EDGE ( 'NONE', *, *, #1506, .F. ) ;
#1300 = ORIENTED_EDGE ( 'NONE', *, *, #108, .F. ) ;
#1301 = VECTOR ( 'NONE', #1998, 1000.000000000000000 ) ;
#1302 = ORIENTED_EDGE ( 'NONE', *, *, #2380, .T. ) ;
#1303 = LINE ( 'NONE', #279, #1913 ) ;
#1304 = CARTESIAN_POINT ( 'NONE',  ( -0.4500000000001750933, 2.024500000000066802, -1.799999999999928768 ) ) ;
#1305 = ADVANCED_FACE ( 'NONE', ( #2349, #146, #971, #332 ), #370, .T. ) ;
#1306 = EDGE_CURVE ( 'NONE', #994, #561, #904, .T. ) ;
#1307 = LINE ( 'NONE', #1125, #2291 ) ;
#1308 = DIRECTION ( 'NONE',  ( 5.337610695313612683E-15, 1.000000000000000000, -0.000000000000000000 ) ) ;
#1309 = LINE ( 'NONE', #313, #1153 ) ;
#1310 = CARTESIAN_POINT ( 'NONE',  ( -1.500000000000202061, 6.400000000000066080, -1.599999999999937250 ) ) ;
#1311 = EDGE_CURVE ( 'NONE', #1737, #2208, #1345, .T. ) ;
#1312 = LINE ( 'NONE', #1120, #388 ) ;
#1313 = ORIENTED_EDGE ( 'NONE', *, *, #2197, .F. ) ;
#1314 = ORIENTED_EDGE ( 'NONE', *, *, #1889, .F. ) ;
#1315 = DIRECTION ( 'NONE',  ( 0.000000000000000000, -1.000000000000000000, 0.000000000000000000 ) ) ;
#1316 = ORIENTED_EDGE ( 'NONE', *, *, #1311, .T. ) ;
#1317 = EDGE_CURVE ( 'NONE', #1400, #1352, #1561, .T. ) ;
#1318 = CARTESIAN_POINT ( 'NONE',  ( -6.600000000000205702, 6.900000000000065192, -1.599999999999937028 ) ) ;
#1319 = EDGE_CURVE ( 'NONE', #644, #2001, #132, .T. ) ;
#1320 = LINE ( 'NONE', #297, #166 ) ;
#1321 = VECTOR ( 'NONE', #1295, 1000.000000000000000 ) ;
#1322 = VECTOR ( 'NONE', #122, 1000.000000000000000 ) ;
#1323 = CARTESIAN_POINT ( 'NONE',  ( 2.449999999999874944, 4.700000000000001066, -2.550000000000004263 ) ) ;
#1324 = VECTOR ( 'NONE', #1733, 1000.000000000000000 ) ;
#1325 = CARTESIAN_POINT ( 'NONE',  ( -5.000000000000207834, 5.400000000000066080, 0.6000000000000891287 ) ) ;
#1326 = CIRCLE ( 'NONE', #1238, 0.7999999999999990452 ) ;
#1327 = VECTOR ( 'NONE', #212, 1000.000000000000000 ) ;
#1328 = LINE ( 'NONE', #2327, #2134 ) ;
#1329 = ORIENTED_EDGE ( 'NONE', *, *, #2379, .T. ) ;
#1330 = CARTESIAN_POINT ( 'NONE',  ( -3.500000000000204281, 6.400000000000066080, -1.599999999999937250 ) ) ;
#1331 = CARTESIAN_POINT ( 'NONE',  ( -2.050000000000210765, 6.400000000000066080, -2.099999999999937472 ) ) ;
#1332 = DIRECTION ( 'NONE',  ( 0.000000000000000000, 0.000000000000000000, -1.000000000000000000 ) ) ;
#1333 = VERTEX_POINT ( 'NONE', #1370 ) ;
#1334 = DIRECTION ( 'NONE',  ( 0.000000000000000000, 1.000000000000000000, -0.000000000000000000 ) ) ;
#1335 = DIRECTION ( 'NONE',  ( -0.2588190451025198513, 0.000000000000000000, -0.9659258262890685343 ) ) ;
#1336 = EDGE_CURVE ( 'NONE', #67, #316, #1572, .T. ) ;
#1337 = EDGE_CURVE ( 'NONE', #2111, #1868, #357, .T. ) ;
#1338 = FACE_OUTER_BOUND ( 'NONE', #767, .T. ) ;
#1339 = VECTOR ( 'NONE', #1717, 1000.000000000000000 ) ;
#1340 = ORIENTED_EDGE ( 'NONE', *, *, #533, .F. ) ;
#1341 = AXIS2_PLACEMENT_3D ( 'NONE', #714, #302, #2344 ) ;
#1342 = FACE_OUTER_BOUND ( 'NONE', #2483, .T. ) ;
#1343 =( GEOMETRIC_REPRESENTATION_CONTEXT ( 3 ) GLOBAL_UNCERTAINTY_ASSIGNED_CONTEXT ( ( #698 ) ) GLOBAL_UNIT_ASSIGNED_CONTEXT ( ( #1057, #2470, #592 ) ) REPRESENTATION_CONTEXT ( 'NONE', 'WORKASPACE' ) );
#1344 = CARTESIAN_POINT ( 'NONE',  ( -6.600000000000205702, -0.8499999999999332534, 1.500000000000062839 ) ) ;
#1345 = LINE ( 'NONE', #1756, #1619 ) ;
#1346 = EDGE_CURVE ( 'NONE', #2389, #424, #762, .T. ) ;
#1347 = CARTESIAN_POINT ( 'NONE',  ( -5.000000000000126121, 0.000000000000000000, 0.4999999999999964473 ) ) ;
#1348 = ORIENTED_EDGE ( 'NONE', *, *, #1458, .T. ) ;
#1349 = LINE ( 'NONE', #701, #670 ) ;
#1350 = CARTESIAN_POINT ( 'NONE',  ( 0.4499999999997891242, 6.400000000000066080, -1.599999999999937694 ) ) ;
#1351 = ORIENTED_EDGE ( 'NONE', *, *, #2017, .T. ) ;
#1352 = VERTEX_POINT ( 'NONE', #342 ) ;
#1353 = DIRECTION ( 'NONE',  ( 1.000000000000000000, 2.115516434118057709E-16, -0.000000000000000000 ) ) ;
#1354 = CARTESIAN_POINT ( 'NONE',  ( -5.450000000000208900, 6.400000000000066080, -1.599999999999937028 ) ) ;
#1355 = EDGE_LOOP ( 'NONE', ( #1390, #1055, #1020, #2507 ) ) ;
#1356 = PLANE ( 'NONE',  #82 ) ;
#1357 = CARTESIAN_POINT ( 'NONE',  ( -1.252725387993669324E-13, 4.500000000000000888, -0.5000000000000033307 ) ) ;
#1358 = ORIENTED_EDGE ( 'NONE', *, *, #936, .F. ) ;
#1359 = CARTESIAN_POINT ( 'NONE',  ( -5.500000000000104805, 1.000000000000036415, 2.300000000000063327 ) ) ;
#1360 = VECTOR ( 'NONE', #1145, 1000.000000000000000 ) ;
#1361 = FACE_OUTER_BOUND ( 'NONE', #1647, .T. ) ;
#1362 = EDGE_CURVE ( 'NONE', #1579, #785, #987, .T. ) ;
#1363 = AXIS2_PLACEMENT_3D ( 'NONE', #1056, #2047, #1013 ) ;
#1364 = ORIENTED_EDGE ( 'NONE', *, *, #1471, .F. ) ;
#1365 = VECTOR ( 'NONE', #2081, 1000.000000000000000 ) ;
#1366 = DIRECTION ( 'NONE',  ( 0.2588190451025032535, 0.000000000000000000, -0.9659258262890729752 ) ) ;
#1367 = CARTESIAN_POINT ( 'NONE',  ( -1.968911145233676052E-13, 3.450000000000065015, 2.300000000000063327 ) ) ;
#1368 = ORIENTED_EDGE ( 'NONE', *, *, #656, .T. ) ;
#1369 = ADVANCED_FACE ( 'NONE', ( #1587 ), #1381, .F. ) ;
#1370 = CARTESIAN_POINT ( 'NONE',  ( -6.600000000000205702, 6.100000000000064482, 1.500000000000062839 ) ) ;
#1371 = LINE ( 'NONE', #2591, #2117 ) ;
#1372 = VERTEX_POINT ( 'NONE', #565 ) ;
#1373 = FACE_OUTER_BOUND ( 'NONE', #1532, .T. ) ;
#1374 = PLANE ( 'NONE',  #1640 ) ;
#1375 = ORIENTED_EDGE ( 'NONE', *, *, #1856, .T. ) ;
#1376 = CARTESIAN_POINT ( 'NONE',  ( -6.600000000000205702, 6.900000000000065192, -1.599999999999937250 ) ) ;
#1377 = ORIENTED_EDGE ( 'NONE', *, *, #929, .F. ) ;
#1378 = VERTEX_POINT ( 'NONE', #1742 ) ;
#1379 = DIRECTION ( 'NONE',  ( -0.000000000000000000, -0.000000000000000000, -1.000000000000000000 ) ) ;
#1380 = ORIENTED_EDGE ( 'NONE', *, *, #2106, .F. ) ;
#1381 = CYLINDRICAL_SURFACE ( 'NONE', #715, 0.4999999999999998890 ) ;
#1382 = DIRECTION ( 'NONE',  ( -0.000000000000000000, -0.000000000000000000, -1.000000000000000000 ) ) ;
#1383 = AXIS2_PLACEMENT_3D ( 'NONE', #2224, #808, #557 ) ;
#1384 = EDGE_CURVE ( 'NONE', #1606, #1553, #2554, .T. ) ;
#1385 = FACE_OUTER_BOUND ( 'NONE', #356, .T. ) ;
#1386 = AXIS2_PLACEMENT_3D ( 'NONE', #930, #2189, #2619 ) ;
#1387 = ORIENTED_EDGE ( 'NONE', *, *, #1867, .F. ) ;
#1388 = CARTESIAN_POINT ( 'NONE',  ( -7.400000000000205524, 6.100000000000064482, 1.500000000000062839 ) ) ;
#1389 = CARTESIAN_POINT ( 'NONE',  ( -2.050000000000177014, 2.024500000000066802, -1.799999999999929212 ) ) ;
#1390 = ORIENTED_EDGE ( 'NONE', *, *, #455, .F. ) ;
#1391 = ADVANCED_FACE ( 'NONE', ( #2455, #1262 ), #799, .T. ) ;
#1392 = DIRECTION ( 'NONE',  ( 0.000000000000000000, 0.000000000000000000, 1.000000000000000000 ) ) ;
#1393 = VERTEX_POINT ( 'NONE', #2231 ) ;
#1394 = ORIENTED_EDGE ( 'NONE', *, *, #282, .T. ) ;
#1395 = DIRECTION ( 'NONE',  ( 0.2588190451025032535, 0.000000000000000000, -0.9659258262890729752 ) ) ;
#1396 = CARTESIAN_POINT ( 'NONE',  ( -2.950000000000208900, 6.400000000000066080, -1.599999999999937250 ) ) ;
#1397 = LINE ( 'NONE', #727, #1728 ) ;
#1398 = EDGE_CURVE ( 'NONE', #2317, #2139, #1846, .T. ) ;
#1399 = LINE ( 'NONE', #972, #1459 ) ;
#1400 = VERTEX_POINT ( 'NONE', #418 ) ;
#1401 = CC_DESIGN_DATE_AND_TIME_ASSIGNMENT ( #254, #2305, ( #2398 ) ) ;
#1402 = DIRECTION ( 'NONE',  ( -2.115516434118057709E-16, 1.000000000000000000, 0.000000000000000000 ) ) ;
#1403 = AXIS2_PLACEMENT_3D ( 'NONE', #1330, #1969, #934 ) ;
#1404 = ADVANCED_FACE ( 'NONE', ( #404 ), #2630, .F. ) ;
#1405 = CARTESIAN_POINT ( 'NONE',  ( -2.500000000000205169, 5.400000000000066080, 0.6000000000000722533 ) ) ;
#1406 = AXIS2_PLACEMENT_3D ( 'NONE', #1978, #154, #1792 ) ;
#1407 = ORIENTED_EDGE ( 'NONE', *, *, #2622, .F. ) ;
#1408 = VECTOR ( 'NONE', #462, 1000.000000000000000 ) ;
#1409 = VECTOR ( 'NONE', #623, 1000.000000000000000 ) ;
#1410 = DIRECTION ( 'NONE',  ( -1.067522139062642704E-14, 1.000000000000000000, 0.000000000000000000 ) ) ;
#1411 = ORIENTED_EDGE ( 'NONE', *, *, #800, .F. ) ;
#1412 = AXIS2_PLACEMENT_3D ( 'NONE', #1744, #1111, #938 ) ;
#1413 = ORIENTED_EDGE ( 'NONE', *, *, #868, .F. ) ;
#1414 = CARTESIAN_POINT ( 'NONE',  ( -5.450000000000208900, 6.400000000000066080, -2.099999999999937028 ) ) ;
#1415 = AXIS2_PLACEMENT_3D ( 'NONE', #1836, #866, #406 ) ;
#1416 = APPROVAL_DATE_TIME ( #1679, #1129 ) ;
#1417 = CARTESIAN_POINT ( 'NONE',  ( -5.000000000000207834, 6.400000000000066080, -0.1999999999999098887 ) ) ;
#1418 = EDGE_LOOP ( 'NONE', ( #2290, #1443, #2547, #470 ) ) ;
#1419 = DIRECTION ( 'NONE',  ( 1.000000000000000000, 2.115516434118057709E-16, -0.000000000000000000 ) ) ;
#1420 = ORIENTED_EDGE ( 'NONE', *, *, #2379, .F. ) ;
#1421 = FACE_OUTER_BOUND ( 'NONE', #2467, .T. ) ;
#1422 = VERTEX_POINT ( 'NONE', #578 ) ;
#1423 = ADVANCED_FACE ( 'NONE', ( #1624 ), #786, .T. ) ;
#1424 = DIRECTION ( 'NONE',  ( -1.000000000000000000, 0.000000000000000000, -0.000000000000000000 ) ) ;
#1425 = ORIENTED_EDGE ( 'NONE', *, *, #1043, .F. ) ;
#1426 = CARTESIAN_POINT ( 'NONE',  ( 0.4999999999998243627, 1.000000000000043299, 2.300000000000063327 ) ) ;
#1427 = CARTESIAN_POINT ( 'NONE',  ( 2.399999999999807621, 6.100000000000064482, -3.399999999999936851 ) ) ;
#1428 = ORIENTED_EDGE ( 'NONE', *, *, #504, .T. ) ;
#1429 = EDGE_CURVE ( 'NONE', #36, #689, #2465, .T. ) ;
#1430 = AXIS2_PLACEMENT_3D ( 'NONE', #1904, #1308, #1854 ) ;
#1431 = LINE ( 'NONE', #1669, #2376 ) ;
#1432 = FACE_OUTER_BOUND ( 'NONE', #1727, .T. ) ;
#1433 = ORIENTED_EDGE ( 'NONE', *, *, #693, .T. ) ;
#1434 = ORIENTED_EDGE ( 'NONE', *, *, #2281, .T. ) ;
#1435 = CARTESIAN_POINT ( 'NONE',  ( 2.399999999999802291, 12.10000000000007248, -0.4881197846482512870 ) ) ;
#1436 = ORIENTED_EDGE ( 'NONE', *, *, #1204, .F. ) ;
#1437 = VERTEX_POINT ( 'NONE', #2204 ) ;
#1438 = DIRECTION ( 'NONE',  ( -2.832201593431505358E-15, 1.000000000000000000, -0.000000000000000000 ) ) ;
#1439 = APPROVAL_STATUS ( 'not_yet_approved' ) ;
#1440 = DIRECTION ( 'NONE',  ( -0.000000000000000000, -1.000000000000000000, -0.000000000000000000 ) ) ;
#1441 = ORIENTED_EDGE ( 'NONE', *, *, #936, .T. ) ;
#1442 = DIRECTION ( 'NONE',  ( -0.000000000000000000, 1.000000000000000000, -0.000000000000000000 ) ) ;
#1443 = ORIENTED_EDGE ( 'NONE', *, *, #2342, .F. ) ;
#1444 = CYLINDRICAL_SURFACE ( 'NONE', #2217, 0.7999999999999999334 ) ;
#1445 = ORIENTED_EDGE ( 'NONE', *, *, #1563, .T. ) ;
#1446 = DIRECTION ( 'NONE',  ( 0.000000000000000000, -0.000000000000000000, -1.000000000000000000 ) ) ;
#1447 = VECTOR ( 'NONE', #1167, 1000.000000000000000 ) ;
#1448 = ORIENTED_EDGE ( 'NONE', *, *, #76, .F. ) ;
#1449 = EDGE_CURVE ( 'NONE', #1, #345, #1210, .T. ) ;
#1450 = LINE ( 'NONE', #391, #1965 ) ;
#1451 = ORIENTED_EDGE ( 'NONE', *, *, #1088, .T. ) ;
#1452 = VECTOR ( 'NONE', #1379, 1000.000000000000000 ) ;
#1453 = LINE ( 'NONE', #1426, #536 ) ;
#1454 = LINE ( 'NONE', #30, #2312 ) ;
#1455 = VECTOR ( 'NONE', #1241, 1000.000000000000000 ) ;
#1456 = VECTOR ( 'NONE', #1694, 1000.000000000000000 ) ;
#1457 = DIRECTION ( 'NONE',  ( 0.000000000000000000, -0.000000000000000000, 1.000000000000000000 ) ) ;
#1458 = EDGE_CURVE ( 'NONE', #1227, #1827, #2035, .T. ) ;
#1459 = VECTOR ( 'NONE', #1588, 1000.000000000000114 ) ;
#1460 = VERTEX_POINT ( 'NONE', #2429 ) ;
#1461 = DIRECTION ( 'NONE',  ( -0.000000000000000000, -1.000000000000000000, 0.000000000000000000 ) ) ;
#1462 = CARTESIAN_POINT ( 'NONE',  ( -6.600000000000205702, 6.100000000000064482, -2.599999999999936584 ) ) ;
#1463 = EDGE_LOOP ( 'NONE', ( #2102, #2144, #527, #1853 ) ) ;
#1464 = DIRECTION ( 'NONE',  ( -1.000000000000000000, 0.000000000000000000, 1.586637325588543158E-16 ) ) ;
#1465 = CARTESIAN_POINT ( 'NONE',  ( -6.600000000000123990, 0.000000000000000000, -2.550000000000002931 ) ) ;
#1466 = ORIENTED_EDGE ( 'NONE', *, *, #407, .F. ) ;
#1467 = ORIENTED_EDGE ( 'NONE', *, *, #570, .F. ) ;
#1468 = FACE_OUTER_BOUND ( 'NONE', #1959, .T. ) ;
#1469 = FACE_OUTER_BOUND ( 'NONE', #1633, .T. ) ;
#1470 = CARTESIAN_POINT ( 'NONE',  ( -5.450000000000175149, 2.024500000000066802, -1.799999999999928768 ) ) ;
#1471 = EDGE_CURVE ( 'NONE', #2299, #2000, #1453, .T. ) ;
#1472 = EDGE_CURVE ( 'NONE', #1017, #2381, #1810, .T. ) ;
#1473 = LINE ( 'NONE', #2260, #123 ) ;
#1474 = AXIS2_PLACEMENT_3D ( 'NONE', #2519, #1091, #875 ) ;
#1475 = CARTESIAN_POINT ( 'NONE',  ( -0.3000000000001916134, 6.900000000000066969, 1.500000000000061950 ) ) ;
#1476 = ORIENTED_EDGE ( 'NONE', *, *, #1662, .F. ) ;
#1477 = DIRECTION ( 'NONE',  ( -0.000000000000000000, -1.000000000000000000, 0.000000000000000000 ) ) ;
#1478 = PLANE ( 'NONE',  #1928 ) ;
#1479 = EDGE_LOOP ( 'NONE', ( #1832, #986, #1314, #1466 ) ) ;
#1480 = ORIENTED_EDGE ( 'NONE', *, *, #2046, .T. ) ;
#1481 = VERTEX_POINT ( 'NONE', #845 ) ;
#1482 = CARTESIAN_POINT ( 'NONE',  ( -6.600000000000205702, 1.000000000000029532, 1.500000000000062839 ) ) ;
#1483 = PERSON_AND_ORGANIZATION ( #1099, #879 ) ;
#1484 = CARTESIAN_POINT ( 'NONE',  ( -1.000000000000203837, 6.900000000000066080, -1.599999999999937694 ) ) ;
#1485 = ADVANCED_FACE ( 'NONE', ( #2218 ), #1651, .F. ) ;
#1486 = DIRECTION ( 'NONE',  ( 0.000000000000000000, 1.000000000000000000, 0.000000000000000000 ) ) ;
#1487 = CARTESIAN_POINT ( 'NONE',  ( -2.050000000000210765, 6.900000000000066080, -1.599999999999937250 ) ) ;
#1488 = EDGE_LOOP ( 'NONE', ( #679, #1286, #1966, #2511 ) ) ;
#1489 = CARTESIAN_POINT ( 'NONE',  ( 0.4499999999997891242, 6.900000000000066080, -1.599999999999937694 ) ) ;
#1490 = ADVANCED_FACE ( 'NONE', ( #1468 ), #175, .F. ) ;
#1491 = FACE_OUTER_BOUND ( 'NONE', #812, .T. ) ;
#1492 = ORIENTED_EDGE ( 'NONE', *, *, #593, .F. ) ;
#1493 = CARTESIAN_POINT ( 'NONE',  ( -1.968911145233676052E-13, 3.450000000000065015, 1.500000000000061950 ) ) ;
#1494 = VERTEX_POINT ( 'NONE', #2021 ) ;
#1495 = SECURITY_CLASSIFICATION_LEVEL ( 'unclassified' ) ;
#1496 = CARTESIAN_POINT ( 'NONE',  ( 1.599999999999795142, 6.100000000000064482, -2.599999999999936584 ) ) ;
#1497 = VECTOR ( 'NONE', #2115, 1000.000000000000000 ) ;
#1498 = VECTOR ( 'NONE', #918, 1000.000000000000000 ) ;
#1499 = VECTOR ( 'NONE', #128, 1000.000000000000000 ) ;
#1500 = FACE_OUTER_BOUND ( 'NONE', #2432, .T. ) ;
#1501 = VECTOR ( 'NONE', #1177, 1000.000000000000000 ) ;
#1502 = DIRECTION ( 'NONE',  ( 1.000000000000000000, 0.000000000000000000, -0.000000000000000000 ) ) ;
#1503 = ORIENTED_EDGE ( 'NONE', *, *, #2472, .T. ) ;
#1504 = CARTESIAN_POINT ( 'NONE',  ( -6.000000000000204281, 6.400000000000066080, -1.599999999999937028 ) ) ;
#1505 = CARTESIAN_POINT ( 'NONE',  ( -5.500000000000104805, 3.450000000000065015, 2.300000000000063327 ) ) ;
#1506 = EDGE_CURVE ( 'NONE', #2495, #277, #1834, .T. ) ;
#1507 = ORIENTED_EDGE ( 'NONE', *, *, #2423, .F. ) ;
#1508 = EDGE_LOOP ( 'NONE', ( #2207, #2180 ) ) ;
#1509 = ORIENTED_EDGE ( 'NONE', *, *, #1649, .F. ) ;
#1510 = DIRECTION ( 'NONE',  ( 0.000000000000000000, -1.000000000000000000, 0.000000000000000000 ) ) ;
#1511 = ORIENTED_EDGE ( 'NONE', *, *, #1132, .T. ) ;
#1512 = LINE ( 'NONE', #885, #500 ) ;
#1513 = PLANE ( 'NONE',  #675 ) ;
#1514 = EDGE_CURVE ( 'NONE', #1691, #817, #197, .T. ) ;
#1515 = DIRECTION ( 'NONE',  ( -1.000000000000000000, -2.115516434118057709E-16, 0.000000000000000000 ) ) ;
#1516 = LINE ( 'NONE', #686, #2460 ) ;
#1517 = CARTESIAN_POINT ( 'NONE',  ( 2.399999999999802291, 6.900000000000066969, -0.4881197846482456248 ) ) ;
#1518 = CARTESIAN_POINT ( 'NONE',  ( 1.599999999999793365, 6.900000000000066969, -2.599999999999936584 ) ) ;
#1519 = EDGE_CURVE ( 'NONE', #1886, #2016, #5, .T. ) ;
#1520 = CIRCLE ( 'NONE', #2484, 0.7999999999999990452 ) ;
#1521 = ORIENTED_EDGE ( 'NONE', *, *, #1662, .T. ) ;
#1522 = ORIENTED_EDGE ( 'NONE', *, *, #1281, .T. ) ;
#1523 = CC_DESIGN_PERSON_AND_ORGANIZATION_ASSIGNMENT ( #2078, #2539, ( #2398 ) ) ;
#1524 = CARTESIAN_POINT ( 'NONE',  ( -2.050000000000177014, 0.000000000000000000, -1.799999999999929212 ) ) ;
#1525 = ORIENTED_EDGE ( 'NONE', *, *, #1749, .T. ) ;
#1526 = PERSON_AND_ORGANIZATION ( #1099, #879 ) ;
#1527 = CARTESIAN_POINT ( 'NONE',  ( 0.9999999999997979394, 6.400000000000066080, 0.8000000000000541123 ) ) ;
#1528 = CARTESIAN_POINT ( 'NONE',  ( 0.4499999999998229305, 2.024500000000066802, -1.799999999999928324 ) ) ;
#1529 = PLANE ( 'NONE',  #1931 ) ;
#1530 = ORIENTED_EDGE ( 'NONE', *, *, #1200, .T. ) ;
#1531 = LINE ( 'NONE', #2571, #310 ) ;
#1532 = EDGE_LOOP ( 'NONE', ( #520, #42, #322, #125 ) ) ;
#1533 = DIRECTION ( 'NONE',  ( 0.000000000000000000, 0.000000000000000000, 1.000000000000000000 ) ) ;
#1534 = LINE ( 'NONE', #1085, #1535 ) ;
#1535 = VECTOR ( 'NONE', #2499, 1000.000000000000000 ) ;
#1536 = EDGE_CURVE ( 'NONE', #2345, #644, #430, .T. ) ;
#1537 = ADVANCED_FACE ( 'NONE', ( #2331 ), #45, .T. ) ;
#1538 = DIRECTION ( 'NONE',  ( 0.08662961636484017847, 0.9962405881956830633, 0.000000000000000000 ) ) ;
#1539 = VECTOR ( 'NONE', #913, 1000.000000000000000 ) ;
#1540 = CARTESIAN_POINT ( 'NONE',  ( -0.8000000000001851186, 1.000000000000033085, 1.500000000000062839 ) ) ;
#1541 = AXIS2_PLACEMENT_3D ( 'NONE', #2063, #1442, #422 ) ;
#1542 = ORIENTED_EDGE ( 'NONE', *, *, #1918, .F. ) ;
#1543 = VECTOR ( 'NONE', #2233, 1000.000000000000000 ) ;
#1544 = FACE_OUTER_BOUND ( 'NONE', #2191, .T. ) ;
#1545 = ORIENTED_EDGE ( 'NONE', *, *, #2264, .T. ) ;
#1546 = LINE ( 'NONE', #532, #844 ) ;
#1547 = FACE_OUTER_BOUND ( 'NONE', #914, .T. ) ;
#1548 = FACE_OUTER_BOUND ( 'NONE', #1818, .T. ) ;
#1549 = LINE ( 'NONE', #2500, #1989 ) ;
#1550 = ORIENTED_EDGE ( 'NONE', *, *, #1043, .T. ) ;
#1551 = EDGE_CURVE ( 'NONE', #345, #1290, #1326, .T. ) ;
#1552 = LINE ( 'NONE', #2178, #2486 ) ;
#1553 = VERTEX_POINT ( 'NONE', #2112 ) ;
#1554 = CARTESIAN_POINT ( 'NONE',  ( -7.400000000000205524, 6.100000000000064482, -2.599999999999936584 ) ) ;
#1555 = CIRCLE ( 'NONE', #598, 0.5000000000000000000 ) ;
#1556 = EDGE_LOOP ( 'NONE', ( #1729, #116, #2613, #1034, #367, #590, #442, #2066, #2123, #1503, #1509 ) ) ;
#1557 = VECTOR ( 'NONE', #1629, 1000.000000000000000 ) ;
#1558 = CARTESIAN_POINT ( 'NONE',  ( -6.000000000000204281, 6.400000000000066080, -1.599999999999937028 ) ) ;
#1559 = DIRECTION ( 'NONE',  ( -0.9659258262890686453, 0.000000000000000000, 0.2588190451025199068 ) ) ;
#1560 = VERTEX_POINT ( 'NONE', #1493 ) ;
#1561 = LINE ( 'NONE', #738, #1874 ) ;
#1562 = FACE_OUTER_BOUND ( 'NONE', #1121, .T. ) ;
#1563 = EDGE_CURVE ( 'NONE', #2000, #165, #1901, .T. ) ;
#1564 = CARTESIAN_POINT ( 'NONE',  ( -4.000000000000202505, 6.400000000000066080, -1.599999999999937028 ) ) ;
#1565 = EDGE_CURVE ( 'NONE', #1690, #1372, #95, .T. ) ;
#1566 = LINE ( 'NONE', #932, #1968 ) ;
#1567 = EDGE_LOOP ( 'NONE', ( #1214, #880, #104, #576 ) ) ;
#1568 = EDGE_CURVE ( 'NONE', #1245, #1481, #1730, .T. ) ;
#1569 = CARTESIAN_POINT ( 'NONE',  ( -2.950000000000208900, 6.900000000000066080, -1.599999999999937250 ) ) ;
#1570 = DIRECTION ( 'NONE',  ( 0.000000000000000000, 0.000000000000000000, -1.000000000000000000 ) ) ;
#1571 = ORIENTED_EDGE ( 'NONE', *, *, #172, .T. ) ;
#1572 = LINE ( 'NONE', #1997, #2118 ) ;
#1573 = CARTESIAN_POINT ( 'NONE',  ( -5.450000000000175149, 2.024500000000066802, -1.799999999999929212 ) ) ;
#1574 = ORIENTED_EDGE ( 'NONE', *, *, #1649, .T. ) ;
#1575 = LINE ( 'NONE', #2365, #539 ) ;
#1576 = AXIS2_PLACEMENT_3D ( 'NONE', #1701, #659, #1257 ) ;
#1577 = PLANE ( 'NONE',  #138 ) ;
#1578 = VECTOR ( 'NONE', #2525, 1000.000000000000000 ) ;
#1579 = VERTEX_POINT ( 'NONE', #2077 ) ;
#1580 = VECTOR ( 'NONE', #320, 1000.000000000000000 ) ;
#1581 = CARTESIAN_POINT ( 'NONE',  ( -4.550000000000211209, 6.400000000000066080, -2.099999999999937028 ) ) ;
#1582 = EDGE_CURVE ( 'NONE', #2019, #1333, #1095, .T. ) ;
#1583 = EDGE_CURVE ( 'NONE', #2524, #761, #1122, .T. ) ;
#1584 = ORIENTED_EDGE ( 'NONE', *, *, #2173, .F. ) ;
#1585 = PLANE ( 'NONE',  #1710 ) ;
#1586 = EDGE_LOOP ( 'NONE', ( #1525, #2229, #2497, #2075, #148, #1234, #143, #2283 ) ) ;
#1587 = FACE_OUTER_BOUND ( 'NONE', #1774, .T. ) ;
#1588 = DIRECTION ( 'NONE',  ( -0.2588190451025198513, 0.000000000000000000, -0.9659258262890685343 ) ) ;
#1589 = ORIENTED_EDGE ( 'NONE', *, *, #2602, .F. ) ;
#1590 = CARTESIAN_POINT ( 'NONE',  ( -5.000000000000207834, 5.400000000000066080, -0.1999999999999098887 ) ) ;
#1591 = CARTESIAN_POINT ( 'NONE',  ( -7.400000000000205524, 6.100000000000064482, -2.599999999999936584 ) ) ;
#1592 = ORIENTED_EDGE ( 'NONE', *, *, #1268, .T. ) ;
#1593 = EDGE_CURVE ( 'NONE', #1820, #1790, #2289, .T. ) ;
#1594 = CARTESIAN_POINT ( 'NONE',  ( -6.600000000000123990, 0.000000000000000000, -2.550000000000002931 ) ) ;
#1595 = ORIENTED_EDGE ( 'NONE', *, *, #867, .F. ) ;
#1596 = DIRECTION ( 'NONE',  ( -0.000000000000000000, 1.000000000000000000, -0.000000000000000000 ) ) ;
#1597 = VECTOR ( 'NONE', #1194, 1000.000000000000000 ) ;
#1598 = CARTESIAN_POINT ( 'NONE',  ( -5.000000000000126121, -1.414213562373095145, -3.469446951953614189E-15 ) ) ;
#1599 = DIRECTION ( 'NONE',  ( -1.000000000000000000, -0.000000000000000000, -0.000000000000000000 ) ) ;
#1600 = AXIS2_PLACEMENT_3D ( 'NONE', #1047, #1074, #1866 ) ;
#1601 = CARTESIAN_POINT ( 'NONE',  ( -7.400000000000205524, 6.100000000000064482, -3.399999999999936851 ) ) ;
#1602 = EDGE_CURVE ( 'NONE', #1378, #1827, #1288, .T. ) ;
#1603 = VECTOR ( 'NONE', #566, 1000.000000000000000 ) ;
#1604 = FACE_OUTER_BOUND ( 'NONE', #1556, .T. ) ;
#1605 = CARTESIAN_POINT ( 'NONE',  ( 0.4999999999998209210, 1.000000000000043299, 2.300000000000063327 ) ) ;
#1606 = VERTEX_POINT ( 'NONE', #444 ) ;
#1607 = FACE_OUTER_BOUND ( 'NONE', #2285, .T. ) ;
#1608 = ORIENTED_EDGE ( 'NONE', *, *, #2237, .T. ) ;
#1609 = CARTESIAN_POINT ( 'NONE',  ( 1.599999999999807354, 12.10000000000007248, -0.9499999999999543254 ) ) ;
#1610 = LINE ( 'NONE', #90, #779 ) ;
#1611 = DIRECTION ( 'NONE',  ( 1.000000000000000000, -0.000000000000000000, 0.000000000000000000 ) ) ;
#1612 = ORIENTED_EDGE ( 'NONE', *, *, #951, .F. ) ;
#1613 = CC_DESIGN_PERSON_AND_ORGANIZATION_ASSIGNMENT ( #6, #1041, ( #1294 ) ) ;
#1614 = EDGE_CURVE ( 'NONE', #1621, #1981, #864, .T. ) ;
#1615 = CARTESIAN_POINT ( 'NONE',  ( -6.600000000000205702, 6.900000000000065192, -1.599999999999937250 ) ) ;
#1616 = DIRECTION ( 'NONE',  ( 0.000000000000000000, 0.000000000000000000, -1.000000000000000000 ) ) ;
#1617 = ORIENTED_EDGE ( 'NONE', *, *, #351, .F. ) ;
#1618 = VECTOR ( 'NONE', #2105, 1000.000000000000000 ) ;
#1619 = VECTOR ( 'NONE', #2589, 1000.000000000000000 ) ;
#1620 = DIRECTION ( 'NONE',  ( 0.000000000000000000, 0.000000000000000000, 1.000000000000000000 ) ) ;
#1621 = VERTEX_POINT ( 'NONE', #460 ) ;
#1622 = VECTOR ( 'NONE', #2569, 1000.000000000000000 ) ;
#1623 = EDGE_CURVE ( 'NONE', #1460, #1845, #2538, .T. ) ;
#1624 = FACE_OUTER_BOUND ( 'NONE', #2426, .T. ) ;
#1625 = FACE_OUTER_BOUND ( 'NONE', #395, .T. ) ;
#1626 = CARTESIAN_POINT ( 'NONE',  ( -0.4500000000002088996, 6.400000000000066080, -2.099999999999937916 ) ) ;
#1627 = ORIENTED_EDGE ( 'NONE', *, *, #363, .T. ) ;
#1628 = DIRECTION ( 'NONE',  ( 0.000000000000000000, 1.000000000000000000, 0.000000000000000000 ) ) ;
#1629 = DIRECTION ( 'NONE',  ( -0.000000000000000000, 1.000000000000000000, -0.000000000000000000 ) ) ;
#1630 = ORIENTED_EDGE ( 'NONE', *, *, #1876, .F. ) ;
#1631 = ORIENTED_EDGE ( 'NONE', *, *, #1336, .T. ) ;
#1632 = FACE_OUTER_BOUND ( 'NONE', #1693, .T. ) ;
#1633 = EDGE_LOOP ( 'NONE', ( #2396, #1762, #1480, #1584 ) ) ;
#1634 = ORIENTED_EDGE ( 'NONE', *, *, #788, .T. ) ;
#1635 = CARTESIAN_POINT ( 'NONE',  ( 0.4499999999998229305, 2.024500000000066802, -1.799999999999929212 ) ) ;
#1636 = LINE ( 'NONE', #1877, #226 ) ;
#1637 = VECTOR ( 'NONE', #1246, 1000.000000000000000 ) ;
#1638 = CARTESIAN_POINT ( 'NONE',  ( -2.500000000000205169, 5.400000000000066080, -0.1999999999999276801 ) ) ;
#1639 = ORIENTED_EDGE ( 'NONE', *, *, #1536, .F. ) ;
#1640 = AXIS2_PLACEMENT_3D ( 'NONE', #348, #1179, #1976 ) ;
#1641 = LINE ( 'NONE', #409, #1455 ) ;
#1642 = ADVANCED_FACE ( 'NONE', ( #1922 ), #924, .F. ) ;
#1643 = VECTOR ( 'NONE', #711, 1000.000000000000000 ) ;
#1644 = CARTESIAN_POINT ( 'NONE',  ( -6.600000000000123990, 0.000000000000000000, -2.550000000000002931 ) ) ;
#1645 = ORIENTED_EDGE ( 'NONE', *, *, #186, .T. ) ;
#1646 = CARTESIAN_POINT ( 'NONE',  ( -4.550000000000177458, 2.024500000000066802, -1.799999999999928324 ) ) ;
#1647 = EDGE_LOOP ( 'NONE', ( #1256, #2360, #896, #616 ) ) ;
#1648 = CARTESIAN_POINT ( 'NONE',  ( -6.000000000000204281, 6.900000000000066080, -1.599999999999937028 ) ) ;
#1649 = EDGE_CURVE ( 'NONE', #485, #1227, #1083, .T. ) ;
#1650 = EDGE_LOOP ( 'NONE', ( #837, #2109, #947, #968 ) ) ;
#1651 = PLANE ( 'NONE',  #1830 ) ;
#1652 = CARTESIAN_POINT ( 'NONE',  ( -3.500000000000204281, 6.400000000000066080, -1.599999999999937250 ) ) ;
#1653 = LINE ( 'NONE', #2488, #205 ) ;
#1654 = FACE_OUTER_BOUND ( 'NONE', #2588, .T. ) ;
#1655 = ORIENTED_EDGE ( 'NONE', *, *, #2230, .T. ) ;
#1656 = LINE ( 'NONE', #2098, #289 ) ;
#1657 = DIRECTION ( 'NONE',  ( -0.000000000000000000, 1.000000000000000000, -0.000000000000000000 ) ) ;
#1658 = ORIENTED_EDGE ( 'NONE', *, *, #150, .T. ) ;
#1659 = VECTOR ( 'NONE', #2343, 1000.000000000000000 ) ;
#1660 = VECTOR ( 'NONE', #269, 1000.000000000000000 ) ;
#1661 = ADVANCED_FACE ( 'NONE', ( #1887 ), #2512, .F. ) ;
#1662 = EDGE_CURVE ( 'NONE', #1285, #1221, #2103, .T. ) ;
#1663 = CARTESIAN_POINT ( 'NONE',  ( -5.000000000000187406, 3.450000000000065015, 2.300000000000063327 ) ) ;
#1664 = APPLICATION_PROTOCOL_DEFINITION ( 'international standard', 'config_control_design', 1994, #833 ) ;
#1665 = AXIS2_PLACEMENT_3D ( 'NONE', #2094, #2338, #2119 ) ;
#1666 = ADVANCED_BREP_SHAPE_REPRESENTATION ( 'CONNECTOR,JST XH,F,03 PIN', ( #2412, #781 ), #1343 ) ;
#1667 = LINE ( 'NONE', #2049, #1327 ) ;
#1668 = VECTOR ( 'NONE', #1213, 1000.000000000000000 ) ;
#1669 = CARTESIAN_POINT ( 'NONE',  ( -4.000000000000202505, 6.900000000000066080, -2.599999999999936584 ) ) ;
#1670 = ORIENTED_EDGE ( 'NONE', *, *, #27, .T. ) ;
#1671 = CARTESIAN_POINT ( 'NONE',  ( 2.399999999999807621, 6.100000000000064482, -3.399999999999936851 ) ) ;
#1672 = EDGE_CURVE ( 'NONE', #817, #292, #2639, .T. ) ;
#1673 = ORIENTED_EDGE ( 'NONE', *, *, #1942, .T. ) ;
#1674 = PLANE ( 'NONE',  #117 ) ;
#1675 = CARTESIAN_POINT ( 'NONE',  ( 2.399999999999802291, 6.900000000000066969, -1.411880215351651868 ) ) ;
#1676 = ORIENTED_EDGE ( 'NONE', *, *, #666, .F. ) ;
#1677 = EDGE_CURVE ( 'NONE', #2481, #134, #1303, .T. ) ;
#1678 = DIRECTION ( 'NONE',  ( 1.000000000000000000, -0.000000000000000000, 0.000000000000000000 ) ) ;
#1679 = DATE_AND_TIME ( #46, #1052 ) ;
#1680 = EDGE_CURVE ( 'NONE', #2238, #94, #85, .T. ) ;
#1681 = CARTESIAN_POINT ( 'NONE',  ( -0.6509618943235364608, 0.000000000000000000, -2.550000000000003819 ) ) ;
#1682 = VECTOR ( 'NONE', #2243, 1000.000000000000000 ) ;
#1683 = EDGE_CURVE ( 'NONE', #203, #1437, #2585, .T. ) ;
#1684 = LINE ( 'NONE', #32, #1833 ) ;
#1685 = VECTOR ( 'NONE', #2434, 1000.000000000000000 ) ;
#1686 = CARTESIAN_POINT ( 'NONE',  ( -1.000000000000203837, 6.400000000000066080, -1.599999999999937694 ) ) ;
#1687 = ORIENTED_EDGE ( 'NONE', *, *, #1115, .F. ) ;
#1688 = LINE ( 'NONE', #232, #1151 ) ;
#1689 = CARTESIAN_POINT ( 'NONE',  ( 0.9999999999997979394, 6.900000000000066080, 0.8000000000000541123 ) ) ;
#1690 = VERTEX_POINT ( 'NONE', #2368 ) ;
#1691 = VERTEX_POINT ( 'NONE', #2550 ) ;
#1692 = ORIENTED_EDGE ( 'NONE', *, *, #64, .F. ) ;
#1693 = EDGE_LOOP ( 'NONE', ( #2041, #1448, #2043, #2461 ) ) ;
#1694 = DIRECTION ( 'NONE',  ( 1.000000000000000000, 0.000000000000000000, -1.084202172485503448E-16 ) ) ;
#1695 = CARTESIAN_POINT ( 'NONE',  ( -2.028646749453546369E-13, 6.400000000000066080, -0.9999999999999467093 ) ) ;
#1696 = FACE_BOUND ( 'NONE', #2055, .T. ) ;
#1697 = ADVANCED_FACE ( 'NONE', ( #1752 ), #2564, .F. ) ;
#1698 = EDGE_CURVE ( 'NONE', #982, #384, #760, .T. ) ;
#1699 = CARTESIAN_POINT ( 'NONE',  ( -6.600000000000205702, 6.900000000000065192, 0.8000000000000541123 ) ) ;
#1700 = CARTESIAN_POINT ( 'NONE',  ( -4.349038105676829247, 2.024500000000066802, -2.550000000000003375 ) ) ;
#1701 = CARTESIAN_POINT ( 'NONE',  ( -2.500000000000205169, 6.400000000000066080, -0.1999999999999276801 ) ) ;
#1702 = CARTESIAN_POINT ( 'NONE',  ( -4.550000000000211209, 6.400000000000066080, -1.599999999999937028 ) ) ;
#1703 = VERTEX_POINT ( 'NONE', #1181 ) ;
#1704 = ORIENTED_EDGE ( 'NONE', *, *, #1672, .T. ) ;
#1705 = ORIENTED_EDGE ( 'NONE', *, *, #2046, .F. ) ;
#1706 = DIRECTION ( 'NONE',  ( 0.8660254037844361541, 1.832090974069701392E-16, 0.5000000000000042188 ) ) ;
#1707 = VERTEX_POINT ( 'NONE', #734 ) ;
#1708 = APPROVAL_ROLE ( '' ) ;
#1709 = FACE_OUTER_BOUND ( 'NONE', #1995, .T. ) ;
#1710 = AXIS2_PLACEMENT_3D ( 'NONE', #2384, #157, #1183 ) ;
#1711 = DIRECTION ( 'NONE',  ( 0.000000000000000000, 1.000000000000000000, 0.000000000000000000 ) ) ;
#1712 = AXIS2_PLACEMENT_3D ( 'NONE', #627, #2025, #201 ) ;
#1713 = DIRECTION ( 'NONE',  ( 0.000000000000000000, 1.000000000000000000, -0.000000000000000000 ) ) ;
#1714 = CARTESIAN_POINT ( 'NONE',  ( 0.4499999999998229305, 2.024500000000066802, -1.799999999999929212 ) ) ;
#1715 = APPROVAL ( #884, 'UNSPECIFIED' ) ;
#1716 = DIRECTION ( 'NONE',  ( 0.000000000000000000, 0.000000000000000000, -1.000000000000000000 ) ) ;
#1717 = DIRECTION ( 'NONE',  ( 0.000000000000000000, 1.000000000000000000, 0.000000000000000000 ) ) ;
#1718 = ORIENTED_EDGE ( 'NONE', *, *, #2106, .T. ) ;
#1719 = CARTESIAN_POINT ( 'NONE',  ( -2.050000000000210765, 6.400000000000066080, -1.599999999999937250 ) ) ;
#1720 = ORIENTED_EDGE ( 'NONE', *, *, #106, .T. ) ;
#1721 = DIRECTION ( 'NONE',  ( 0.000000000000000000, 1.000000000000000000, 0.000000000000000000 ) ) ;
#1722 = CARTESIAN_POINT ( 'NONE',  ( -3.500000000000204281, 6.400000000000066080, 0.8000000000000550004 ) ) ;
#1723 = DIRECTION ( 'NONE',  ( 0.000000000000000000, -0.000000000000000000, -1.000000000000000000 ) ) ;
#1724 = LINE ( 'NONE', #2533, #1829 ) ;
#1725 = LINE ( 'NONE', #494, #1215 ) ;
#1726 = VECTOR ( 'NONE', #917, 1000.000000000000000 ) ;
#1727 = EDGE_LOOP ( 'NONE', ( #156, #1425, #1282, #1180 ) ) ;
#1728 = VECTOR ( 'NONE', #371, 999.9999999999998863 ) ;
#1729 = ORIENTED_EDGE ( 'NONE', *, *, #1132, .F. ) ;
#1730 = LINE ( 'NONE', #663, #1952 ) ;
#1731 = EDGE_CURVE ( 'NONE', #2143, #1793, #2161, .T. ) ;
#1732 = CARTESIAN_POINT ( 'NONE',  ( -6.600000000000205702, 3.450000000000065015, 1.500000000000062839 ) ) ;
#1733 = DIRECTION ( 'NONE',  ( 0.000000000000000000, 0.000000000000000000, 1.000000000000000000 ) ) ;
#1734 = CARTESIAN_POINT ( 'NONE',  ( -1.000000000000203837, 6.900000000000066080, -2.599999999999936584 ) ) ;
#1735 = VERTEX_POINT ( 'NONE', #1957 ) ;
#1736 = CARTESIAN_POINT ( 'NONE',  ( -2.950000000000208900, 6.400000000000066080, -2.099999999999937472 ) ) ;
#1737 = VERTEX_POINT ( 'NONE', #958 ) ;
#1738 = DIRECTION ( 'NONE',  ( 0.000000000000000000, 0.000000000000000000, -1.000000000000000000 ) ) ;
#1739 = CARTESIAN_POINT ( 'NONE',  ( -6.600000000000205702, 3.450000000000065015, 1.500000000000062839 ) ) ;
#1740 = EDGE_CURVE ( 'NONE', #1737, #1017, #2127, .T. ) ;
#1741 = VECTOR ( 'NONE', #2395, 1000.000000000000000 ) ;
#1742 = CARTESIAN_POINT ( 'NONE',  ( 2.399999999999807621, 6.100000000000064482, 1.500000000000062839 ) ) ;
#1743 = VECTOR ( 'NONE', #130, 1000.000000000000114 ) ;
#1744 = CARTESIAN_POINT ( 'NONE',  ( -4.200000000000192024, 1.000000000000029532, 2.300000000000063327 ) ) ;
#1745 = VECTOR ( 'NONE', #188, 1000.000000000000000 ) ;
#1746 = DIRECTION ( 'NONE',  ( 0.000000000000000000, 1.000000000000000000, 0.000000000000000000 ) ) ;
#1747 = VECTOR ( 'NONE', #479, 1000.000000000000000 ) ;
#1748 = DIRECTION ( 'NONE',  ( -0.000000000000000000, -1.000000000000000000, 0.000000000000000000 ) ) ;
#1749 = EDGE_CURVE ( 'NONE', #2493, #1777, #770, .T. ) ;
#1750 = DIRECTION ( 'NONE',  ( -0.000000000000000000, -1.000000000000000000, -0.000000000000000000 ) ) ;
#1751 = EDGE_LOOP ( 'NONE', ( #991, #417, #235, #264 ) ) ;
#1752 = FACE_OUTER_BOUND ( 'NONE', #1463, .T. ) ;
#1753 = ORIENTED_EDGE ( 'NONE', *, *, #1429, .T. ) ;
#1754 = EDGE_CURVE ( 'NONE', #301, #203, #1546, .T. ) ;
#1755 = DIRECTION ( 'NONE',  ( 0.000000000000000000, -1.000000000000000000, -0.000000000000000000 ) ) ;
#1756 = CARTESIAN_POINT ( 'NONE',  ( -2.950000000000208900, 6.400000000000066080, -2.099999999999937472 ) ) ;
#1757 = CARTESIAN_POINT ( 'NONE',  ( -2.950000000000208900, 6.400000000000066080, -2.099999999999937472 ) ) ;
#1758 = EDGE_CURVE ( 'NONE', #1873, #1817, #719, .T. ) ;
#1759 = DIRECTION ( 'NONE',  ( 0.08662961636484022010, 0.9962405881956830633, 0.000000000000000000 ) ) ;
#1760 = FACE_OUTER_BOUND ( 'NONE', #1813, .T. ) ;
#1761 = AXIS2_PLACEMENT_3D ( 'NONE', #1435, #796, #784 ) ;
#1762 = ORIENTED_EDGE ( 'NONE', *, *, #504, .F. ) ;
#1763 = VECTOR ( 'NONE', #529, 1000.000000000000000 ) ;
#1764 = PLANE ( 'NONE',  #2328 ) ;
#1765 = AXIS2_PLACEMENT_3D ( 'NONE', #1916, #1250, #2009 ) ;
#1766 = CARTESIAN_POINT ( 'NONE',  ( -2.500000000000123901, 4.500000000000000888, -3.035766082959412415E-15 ) ) ;
#1767 = ORIENTED_EDGE ( 'NONE', *, *, #464, .F. ) ;
#1768 = DIRECTION ( 'NONE',  ( -2.115516434118057462E-16, 0.000000000000000000, -1.000000000000000000 ) ) ;
#1769 = EDGE_CURVE ( 'NONE', #960, #761, #2358, .T. ) ;
#1770 = DIRECTION ( 'NONE',  ( 0.000000000000000000, -0.000000000000000000, 1.000000000000000000 ) ) ;
#1771 = LINE ( 'NONE', #954, #717 ) ;
#1772 = EDGE_CURVE ( 'NONE', #2301, #2393, #981, .T. ) ;
#1773 = CARTESIAN_POINT ( 'NONE',  ( -5.000000000000207834, 5.400000000000066080, -0.1999999999999098887 ) ) ;
#1774 = EDGE_LOOP ( 'NONE', ( #1049, #115, #1434, #1219 ) ) ;
#1775 = DIRECTION ( 'NONE',  ( 1.000000000000000000, 0.000000000000000000, -9.637352644315616444E-16 ) ) ;
#1776 = VERTEX_POINT ( 'NONE', #338 ) ;
#1777 = VERTEX_POINT ( 'NONE', #1569 ) ;
#1778 = LINE ( 'NONE', #2399, #1872 ) ;
#1779 = VERTEX_POINT ( 'NONE', #317 ) ;
#1780 = LINE ( 'NONE', #2151, #1322 ) ;
#1781 = ADVANCED_FACE ( 'NONE', ( #1342 ), #1764, .F. ) ;
#1782 = PLANE ( 'NONE',  #1029 ) ;
#1783 = VERTEX_POINT ( 'NONE', #522 ) ;
#1784 = DIRECTION ( 'NONE',  ( -0.000000000000000000, -0.000000000000000000, -1.000000000000000000 ) ) ;
#1785 = ADVANCED_FACE ( 'NONE', ( #1143 ), #948, .F. ) ;
#1786 = VECTOR ( 'NONE', #998, 1000.000000000000000 ) ;
#1787 = CARTESIAN_POINT ( 'NONE',  ( -0.6509618943235362387, 2.024500000000066802, -2.550000000000003819 ) ) ;
#1788 = VECTOR ( 'NONE', #163, 1000.000000000000000 ) ;
#1789 = VECTOR ( 'NONE', #814, 1000.000000000000000 ) ;
#1790 = VERTEX_POINT ( 'NONE', #142 ) ;
#1791 = VECTOR ( 'NONE', #2221, 1000.000000000000000 ) ;
#1792 = DIRECTION ( 'NONE',  ( 0.000000000000000000, 0.000000000000000000, 1.000000000000000000 ) ) ;
#1793 = VERTEX_POINT ( 'NONE', #967 ) ;
#1794 = DIRECTION ( 'NONE',  ( -1.000000000000000000, 0.000000000000000000, -0.000000000000000000 ) ) ;
#1795 = ORIENTED_EDGE ( 'NONE', *, *, #730, .T. ) ;
#1796 = CARTESIAN_POINT ( 'NONE',  ( -6.600000000000205702, -0.8499999999999332534, -2.599999999999936584 ) ) ;
#1797 = CARTESIAN_POINT ( 'NONE',  ( -1.000000000000203837, 6.400000000000066080, -1.599999999999937694 ) ) ;
#1798 = CARTESIAN_POINT ( 'NONE',  ( 2.399999999999807621, 6.100000000000064482, -3.399999999999936851 ) ) ;
#1799 = EDGE_LOOP ( 'NONE', ( #234, #2479, #1595, #2169 ) ) ;
#1800 = ORIENTED_EDGE ( 'NONE', *, *, #533, .T. ) ;
#1801 = PLANE ( 'NONE',  #2593 ) ;
#1802 = CARTESIAN_POINT ( 'NONE',  ( -0.8000000000001851186, 1.000000000000029532, 2.300000000000063327 ) ) ;
#1803 = ORIENTED_EDGE ( 'NONE', *, *, #1337, .T. ) ;
#1804 = CARTESIAN_POINT ( 'NONE',  ( -5.000000000000126121, -1.414213562373095145, -3.469446951953614189E-15 ) ) ;
#1805 = VECTOR ( 'NONE', #1424, 1000.000000000000000 ) ;
#1806 = VERTEX_POINT ( 'NONE', #1935 ) ;
#1807 = CARTESIAN_POINT ( 'NONE',  ( -1.968911145233676052E-13, 3.450000000000065015, 2.300000000000063327 ) ) ;
#1808 = ADVANCED_FACE ( 'NONE', ( #352 ), #304, .F. ) ;
#1809 = EDGE_CURVE ( 'NONE', #1481, #145, #2600, .T. ) ;
#1810 = LINE ( 'NONE', #1861, #202 ) ;
#1811 = LINE ( 'NONE', #101, #556 ) ;
#1812 = LINE ( 'NONE', #553, #628 ) ;
#1813 = EDGE_LOOP ( 'NONE', ( #1608, #2364 ) ) ;
#1814 = ORIENTED_EDGE ( 'NONE', *, *, #1593, .F. ) ;
#1815 = DIRECTION ( 'NONE',  ( 0.000000000000000000, 0.000000000000000000, -1.000000000000000000 ) ) ;
#1816 = CARTESIAN_POINT ( 'NONE',  ( -1.000000000000203837, 6.400000000000066080, 0.8000000000000541123 ) ) ;
#1817 = VERTEX_POINT ( 'NONE', #1648 ) ;
#1818 = EDGE_LOOP ( 'NONE', ( #1814, #703, #894, #2286 ) ) ;
#1819 = CARTESIAN_POINT ( 'NONE',  ( -1.253337711393243126E-13, 0.000000000000000000, 0.4999999999999964473 ) ) ;
#1820 = VERTEX_POINT ( 'NONE', #2202 ) ;
#1821 = CARTESIAN_POINT ( 'NONE',  ( 2.399999999999802291, 12.10000000000007248, -0.4881197846482512870 ) ) ;
#1822 = PLANE ( 'NONE',  #432 ) ;
#1823 = FACE_OUTER_BOUND ( 'NONE', #2405, .T. ) ;
#1824 = EDGE_LOOP ( 'NONE', ( #748, #1235, #1134, #2419 ) ) ;
#1825 = FACE_OUTER_BOUND ( 'NONE', #1488, .T. ) ;
#1826 = LINE ( 'NONE', #1405, #2394 ) ;
#1827 = VERTEX_POINT ( 'NONE', #2411 ) ;
#1828 = VECTOR ( 'NONE', #2129, 1000.000000000000000 ) ;
#1829 = VECTOR ( 'NONE', #517, 1000.000000000000000 ) ;
#1830 = AXIS2_PLACEMENT_3D ( 'NONE', #1609, #393, #1040 ) ;
#1831 = DIRECTION ( 'NONE',  ( 0.000000000000000000, 1.000000000000000000, 0.000000000000000000 ) ) ;
#1832 = ORIENTED_EDGE ( 'NONE', *, *, #807, .F. ) ;
#1833 = VECTOR ( 'NONE', #852, 1000.000000000000000 ) ;
#1834 = LINE ( 'NONE', #1663, #2031 ) ;
#1835 = EDGE_CURVE ( 'NONE', #1855, #1184, #842, .T. ) ;
#1836 = CARTESIAN_POINT ( 'NONE',  ( 0.9999999999997979394, 6.400000000000066080, 0.8000000000000541123 ) ) ;
#1837 = ORIENTED_EDGE ( 'NONE', *, *, #1967, .T. ) ;
#1838 = DIRECTION ( 'NONE',  ( 0.000000000000000000, 1.000000000000000000, 0.000000000000000000 ) ) ;
#1839 = ADVANCED_FACE ( 'NONE', ( #2453 ), #171, .F. ) ;
#1840 = PLANE ( 'NONE',  #1892 ) ;
#1841 = ORIENTED_EDGE ( 'NONE', *, *, #1568, .T. ) ;
#1842 = ORIENTED_EDGE ( 'NONE', *, *, #1672, .F. ) ;
#1843 = FACE_OUTER_BOUND ( 'NONE', #554, .T. ) ;
#1844 = ORIENTED_EDGE ( 'NONE', *, *, #1045, .F. ) ;
#1845 = VERTEX_POINT ( 'NONE', #26 ) ;
#1846 = LINE ( 'NONE', #1414, #673 ) ;
#1847 = DIRECTION ( 'NONE',  ( 1.000000000000000000, -0.000000000000000000, 0.000000000000000000 ) ) ;
#1848 = AXIS2_PLACEMENT_3D ( 'NONE', #1804, #1831, #401 ) ;
#1849 = DIRECTION ( 'NONE',  ( 0.000000000000000000, 1.000000000000000000, 0.000000000000000000 ) ) ;
#1850 = VECTOR ( 'NONE', #657, 1000.000000000000000 ) ;
#1851 = LINE ( 'NONE', #1864, #2425 ) ;
#1852 = LOCAL_TIME ( 19, 53, 40.00000000000000000, #2091 ) ;
#1853 = ORIENTED_EDGE ( 'NONE', *, *, #151, .F. ) ;
#1854 = DIRECTION ( 'NONE',  ( -1.000000000000000000, 5.337610695313612683E-15, 0.000000000000000000 ) ) ;
#1855 = VERTEX_POINT ( 'NONE', #617 ) ;
#1856 = EDGE_CURVE ( 'NONE', #2084, #292, #184, .T. ) ;
#1857 = DIRECTION ( 'NONE',  ( 0.000000000000000000, -0.000000000000000000, 1.000000000000000000 ) ) ;
#1858 = ADVANCED_FACE ( 'NONE', ( #1632 ), #2018, .F. ) ;
#1859 = DIRECTION ( 'NONE',  ( -0.000000000000000000, -0.000000000000000000, -1.000000000000000000 ) ) ;
#1860 = EDGE_LOOP ( 'NONE', ( #1687, #158 ) ) ;
#1861 = CARTESIAN_POINT ( 'NONE',  ( -2.050000000000210321, 6.900000000000066080, -2.599999999999936584 ) ) ;
#1862 = CARTESIAN_POINT ( 'NONE',  ( -2.950000000000208900, 6.400000000000066080, -1.599999999999937250 ) ) ;
#1863 = EDGE_CURVE ( 'NONE', #1790, #424, #379, .T. ) ;
#1864 = CARTESIAN_POINT ( 'NONE',  ( -3.500000000000204281, 6.400000000000066080, -1.599999999999937250 ) ) ;
#1865 = EDGE_LOOP ( 'NONE', ( #2406, #170, #1753, #341 ) ) ;
#1866 = DIRECTION ( 'NONE',  ( 0.000000000000000000, -0.000000000000000000, 1.000000000000000000 ) ) ;
#1867 = EDGE_CURVE ( 'NONE', #1806, #2255, #2005, .T. ) ;
#1868 = VERTEX_POINT ( 'NONE', #1010 ) ;
#1869 = DIRECTION ( 'NONE',  ( -0.000000000000000000, -1.000000000000000000, 0.000000000000000000 ) ) ;
#1870 = FACE_OUTER_BOUND ( 'NONE', #1799, .T. ) ;
#1871 = CC_DESIGN_PERSON_AND_ORGANIZATION_ASSIGNMENT ( #1483, #2527, ( #2261 ) ) ;
#1872 = VECTOR ( 'NONE', #772, 1000.000000000000000 ) ;
#1873 = VERTEX_POINT ( 'NONE', #416 ) ;
#1874 = VECTOR ( 'NONE', #159, 1000.000000000000000 ) ;
#1875 = DIRECTION ( 'NONE',  ( 0.000000000000000000, 0.000000000000000000, 1.000000000000000000 ) ) ;
#1876 = EDGE_CURVE ( 'NONE', #2244, #13, #2032, .T. ) ;
#1877 = CARTESIAN_POINT ( 'NONE',  ( 2.399999999999807621, 6.900000000000066969, -2.599999999999936584 ) ) ;
#1878 = VECTOR ( 'NONE', #1486, 1000.000000000000000 ) ;
#1879 = LINE ( 'NONE', #625, #1543 ) ;
#1880 = CIRCLE ( 'NONE', #41, 0.7999999999999990452 ) ;
#1881 = CARTESIAN_POINT ( 'NONE',  ( -5.000000000000207834, 6.400000000000066080, 0.6000000000000891287 ) ) ;
#1882 = LINE ( 'NONE', #1699, #1092 ) ;
#1883 = ORIENTED_EDGE ( 'NONE', *, *, #363, .F. ) ;
#1884 = DIRECTION ( 'NONE',  ( 0.08662961636484042827, -0.9962405881956830633, 0.000000000000000000 ) ) ;
#1885 = CARTESIAN_POINT ( 'NONE',  ( -0.8000000000001851186, -0.8499999999999332534, 1.500000000000062839 ) ) ;
#1886 = VERTEX_POINT ( 'NONE', #1819 ) ;
#1887 = FACE_OUTER_BOUND ( 'NONE', #51, .T. ) ;
#1888 = LINE ( 'NONE', #667, #1828 ) ;
#1889 = EDGE_CURVE ( 'NONE', #710, #1245, #2214, .T. ) ;
#1890 = VECTOR ( 'NONE', #1657, 1000.000000000000000 ) ;
#1891 = DIRECTION ( 'NONE',  ( 0.000000000000000000, 1.000000000000000000, 0.000000000000000000 ) ) ;
#1892 = AXIS2_PLACEMENT_3D ( 'NONE', #587, #2211, #1229 ) ;
#1893 = CARTESIAN_POINT ( 'NONE',  ( -2.050000000000177014, 2.024500000000066802, -1.799999999999929212 ) ) ;
#1894 = VERTEX_POINT ( 'NONE', #2227 ) ;
#1895 = DIRECTION ( 'NONE',  ( -0.9962405881956830633, -0.08662961636484065031, 0.000000000000000000 ) ) ;
#1896 = ADVANCED_FACE ( 'NONE', ( #1843 ), #2628, .F. ) ;
#1897 = LINE ( 'NONE', #1702, #1339 ) ;
#1898 = ORIENTED_EDGE ( 'NONE', *, *, #730, .F. ) ;
#1899 = VERTEX_POINT ( 'NONE', #1053 ) ;
#1900 = ORIENTED_EDGE ( 'NONE', *, *, #2196, .T. ) ;
#1901 = LINE ( 'NONE', #1909, #1539 ) ;
#1902 = FACE_OUTER_BOUND ( 'NONE', #716, .T. ) ;
#1903 = DIRECTION ( 'NONE',  ( 1.000000000000000000, -1.387778780781406075E-14, 0.000000000000000000 ) ) ;
#1904 = CARTESIAN_POINT ( 'NONE',  ( -5.500000000000104805, 1.000000000000036415, 2.300000000000063327 ) ) ;
#1905 = DIRECTION ( 'NONE',  ( 0.000000000000000000, 1.000000000000000000, -0.000000000000000000 ) ) ;
#1906 = FACE_OUTER_BOUND ( 'NONE', #1202, .T. ) ;
#1907 = DIRECTION ( 'NONE',  ( 0.000000000000000000, 1.000000000000000000, 0.000000000000000000 ) ) ;
#1908 = VERTEX_POINT ( 'NONE', #195 ) ;
#1909 = CARTESIAN_POINT ( 'NONE',  ( -1.968911145233676052E-13, 3.450000000000065015, 2.300000000000063327 ) ) ;
#1910 = DIRECTION ( 'NONE',  ( -0.000000000000000000, -0.000000000000000000, -1.000000000000000000 ) ) ;
#1911 = VECTOR ( 'NONE', #467, 1000.000000000000000 ) ;
#1912 = EDGE_CURVE ( 'NONE', #572, #2450, #220, .T. ) ;
#1913 = VECTOR ( 'NONE', #1875, 1000.000000000000000 ) ;
#1914 = DIRECTION ( 'NONE',  ( 0.000000000000000000, 0.000000000000000000, 1.000000000000000000 ) ) ;
#1915 = AXIS2_PLACEMENT_3D ( 'NONE', #567, #1973, #334 ) ;
#1916 = CARTESIAN_POINT ( 'NONE',  ( -1.253337711393243126E-13, -1.414213562373095145, -3.469446951953614189E-15 ) ) ;
#1917 = DIRECTION ( 'NONE',  ( 0.000000000000000000, 2.209838822900391082E-16, -1.000000000000000000 ) ) ;
#1918 = EDGE_CURVE ( 'NONE', #316, #365, #2615, .T. ) ;
#1919 = EDGE_CURVE ( 'NONE', #1868, #1779, #2427, .T. ) ;
#1920 = CARTESIAN_POINT ( 'NONE',  ( -5.000000000000207834, 5.400000000000066080, -0.1999999999999098887 ) ) ;
#1921 = ORIENTED_EDGE ( 'NONE', *, *, #359, .T. ) ;
#1922 = FACE_OUTER_BOUND ( 'NONE', #1355, .T. ) ;
#1923 = CALENDAR_DATE ( 2022, 28, 2 ) ;
#1924 = DIRECTION ( 'NONE',  ( 0.000000000000000000, 1.000000000000000000, -0.000000000000000000 ) ) ;
#1925 = PLANE ( 'NONE',  #291 ) ;
#1926 = DIRECTION ( 'NONE',  ( 0.000000000000000000, -1.000000000000000000, 0.000000000000000000 ) ) ;
#1927 = LINE ( 'NONE', #1128, #161 ) ;
#1928 = AXIS2_PLACEMENT_3D ( 'NONE', #39, #2268, #288 ) ;
#1929 = ORIENTED_EDGE ( 'NONE', *, *, #2306, .F. ) ;
#1930 = CARTESIAN_POINT ( 'NONE',  ( -4.000000000000202505, 6.400000000000066080, 0.8000000000000550004 ) ) ;
#1931 = AXIS2_PLACEMENT_3D ( 'NONE', #492, #1926, #1723 ) ;
#1932 = EDGE_CURVE ( 'NONE', #1703, #1437, #1450, .T. ) ;
#1933 = ADVANCED_FACE ( 'NONE', ( #1607 ), #2438, .F. ) ;
#1934 = ORIENTED_EDGE ( 'NONE', *, *, #343, .T. ) ;
#1935 = CARTESIAN_POINT ( 'NONE',  ( 0.4999999999998174238, 3.450000000000059686, 1.500000000000062839 ) ) ;
#1936 = CARTESIAN_POINT ( 'NONE',  ( -1.500000000000202061, 6.400000000000066080, -1.599999999999937472 ) ) ;
#1937 = CARTESIAN_POINT ( 'NONE',  ( -1.253337711393243126E-13, 4.500000000000000888, -3.469446951953614189E-15 ) ) ;
#1938 = ORIENTED_EDGE ( 'NONE', *, *, #921, .T. ) ;
#1939 = CARTESIAN_POINT ( 'NONE',  ( -7.400000000000205524, 6.100000000000064482, -2.599999999999936584 ) ) ;
#1940 = LINE ( 'NONE', #1714, #979 ) ;
#1941 = CARTESIAN_POINT ( 'NONE',  ( -3.150961894323536239, 0.000000000000000000, -2.550000000000003375 ) ) ;
#1942 = EDGE_CURVE ( 'NONE', #424, #2238, #2185, .T. ) ;
#1943 = ORIENTED_EDGE ( 'NONE', *, *, #593, .T. ) ;
#1944 = VERTEX_POINT ( 'NONE', #1505 ) ;
#1945 = CARTESIAN_POINT ( 'NONE',  ( -6.600000000000205702, 6.900000000000066969, 1.500000000000062839 ) ) ;
#1946 = PLANE ( 'NONE',  #2239 ) ;
#1947 = EDGE_CURVE ( 'NONE', #459, #2004, #688, .T. ) ;
#1948 = LINE ( 'NONE', #1972, #756 ) ;
#1949 = AXIS2_PLACEMENT_3D ( 'NONE', #1110, #2335, #87 ) ;
#1950 = LINE ( 'NONE', #740, #2513 ) ;
#1951 = ORIENTED_EDGE ( 'NONE', *, *, #2584, .F. ) ;
#1952 = VECTOR ( 'NONE', #1510, 1000.000000000000000 ) ;
#1953 = CIRCLE ( 'NONE', #804, 0.4999999999999998890 ) ;
#1954 = LINE ( 'NONE', #481, #2287 ) ;
#1955 = FACE_OUTER_BOUND ( 'NONE', #392, .T. ) ;
#1956 = VERTEX_POINT ( 'NONE', #1675 ) ;
#1957 = CARTESIAN_POINT ( 'NONE',  ( -0.3000000000001920575, 6.900000000000066969, 2.300000000000063327 ) ) ;
#1958 = CARTESIAN_POINT ( 'NONE',  ( 1.599999999999798694, 6.100000000000064482, 1.500000000000062839 ) ) ;
#1959 = EDGE_LOOP ( 'NONE', ( #618, #2270, #2271, #2222 ) ) ;
#1960 = CARTESIAN_POINT ( 'NONE',  ( -5.000000000000126121, 0.000000000000000000, -3.469446951953614189E-15 ) ) ;
#1961 = EDGE_CURVE ( 'NONE', #1393, #1703, #1284, .T. ) ;
#1962 = CARTESIAN_POINT ( 'NONE',  ( -2.500000000000205169, 5.400000000000066080, -0.1999999999999276801 ) ) ;
#1963 = FACE_OUTER_BOUND ( 'NONE', #1974, .T. ) ;
#1964 = DIRECTION ( 'NONE',  ( 0.000000000000000000, 0.000000000000000000, -1.000000000000000000 ) ) ;
#1965 = VECTOR ( 'NONE', #1859, 1000.000000000000000 ) ;
#1966 = ORIENTED_EDGE ( 'NONE', *, *, #666, .T. ) ;
#1967 = EDGE_CURVE ( 'NONE', #858, #1494, #634, .T. ) ;
#1968 = VECTOR ( 'NONE', #1750, 1000.000000000000000 ) ;
#1969 = DIRECTION ( 'NONE',  ( -1.000000000000000000, 0.000000000000000000, 0.000000000000000000 ) ) ;
#1970 = LINE ( 'NONE', #549, #1452 ) ;
#1971 = ORIENTED_EDGE ( 'NONE', *, *, #1740, .F. ) ;
#1972 = CARTESIAN_POINT ( 'NONE',  ( 2.399999999999802291, 12.10000000000007248, -1.411880215351657419 ) ) ;
#1973 = DIRECTION ( 'NONE',  ( -1.000000000000000000, 0.000000000000000000, 0.000000000000000000 ) ) ;
#1974 = EDGE_LOOP ( 'NONE', ( #1260, #380, #436, #1411 ) ) ;
#1975 = FACE_OUTER_BOUND ( 'NONE', #893, .T. ) ;
#1976 = DIRECTION ( 'NONE',  ( -1.360567432138662861E-15, 1.000000000000000000, 0.000000000000000000 ) ) ;
#1977 = ORIENTED_EDGE ( 'NONE', *, *, #2082, .T. ) ;
#1978 = CARTESIAN_POINT ( 'NONE',  ( -2.500000000000124789, -1.414213562373095145, -3.469446951953614189E-15 ) ) ;
#1979 = ORIENTED_EDGE ( 'NONE', *, *, #2622, .T. ) ;
#1980 = DIRECTION ( 'NONE',  ( 0.000000000000000000, 0.000000000000000000, -1.000000000000000000 ) ) ;
#1981 = VERTEX_POINT ( 'NONE', #248 ) ;
#1982 = DIRECTION ( 'NONE',  ( 0.000000000000000000, 0.000000000000000000, 1.000000000000000000 ) ) ;
#1983 = FACE_OUTER_BOUND ( 'NONE', #1066, .T. ) ;
#1984 = PLANE ( 'NONE',  #2339 ) ;
#1985 = ORIENTED_EDGE ( 'NONE', *, *, #1835, .F. ) ;
#1986 = CARTESIAN_POINT ( 'NONE',  ( -2.500000000000124789, 4.500000000000000888, -0.5000000000000034417 ) ) ;
#1987 = AXIS2_PLACEMENT_3D ( 'NONE', #2361, #525, #950 ) ;
#1988 = DIRECTION ( 'NONE',  ( 1.000000000000000000, -0.000000000000000000, 0.000000000000000000 ) ) ;
#1989 = VECTOR ( 'NONE', #491, 1000.000000000000000 ) ;
#1990 = AXIS2_PLACEMENT_3D ( 'NONE', #473, #704, #2318 ) ;
#1991 = ORIENTED_EDGE ( 'NONE', *, *, #1992, .T. ) ;
#1992 = EDGE_CURVE ( 'NONE', #428, #185, #873, .T. ) ;
#1993 = AXIS2_PLACEMENT_3D ( 'NONE', #2258, #1042, #2206 ) ;
#1994 = CARTESIAN_POINT ( 'NONE',  ( 0.4999999999998174238, -0.8499999999999332534, 1.500000000000062839 ) ) ;
#1995 = EDGE_LOOP ( 'NONE', ( #878, #1545, #911, #1142 ) ) ;
#1996 = CARTESIAN_POINT ( 'NONE',  ( 0.4499999999997891242, 6.400000000000066080, -2.099999999999937916 ) ) ;
#1997 = CARTESIAN_POINT ( 'NONE',  ( 1.599999999999795142, 6.100000000000064482, -2.599999999999936584 ) ) ;
#1998 = DIRECTION ( 'NONE',  ( 1.000000000000000000, 0.000000000000000000, 0.000000000000000000 ) ) ;
#1999 = DIRECTION ( 'NONE',  ( 0.000000000000000000, 1.000000000000000000, 0.000000000000000000 ) ) ;
#2000 = VERTEX_POINT ( 'NONE', #1078 ) ;
#2001 = VERTEX_POINT ( 'NONE', #1105 ) ;
#2002 = PLANE ( 'NONE',  #584 ) ;
#2003 = PLANE ( 'NONE',  #1383 ) ;
#2004 = VERTEX_POINT ( 'NONE', #2058 ) ;
#2005 = LINE ( 'NONE', #1994, #1682 ) ;
#2006 = EDGE_CURVE ( 'NONE', #1422, #572, #660, .T. ) ;
#2007 = ORIENTED_EDGE ( 'NONE', *, *, #2089, .T. ) ;
#2008 = DIRECTION ( 'NONE',  ( 0.000000000000000000, 0.000000000000000000, 1.000000000000000000 ) ) ;
#2009 = DIRECTION ( 'NONE',  ( 0.000000000000000000, 0.000000000000000000, 1.000000000000000000 ) ) ;
#2010 = VECTOR ( 'NONE', #1382, 1000.000000000000000 ) ;
#2011 = DIRECTION ( 'NONE',  ( 1.000000000000000000, 2.115516434118057709E-16, -0.000000000000000000 ) ) ;
#2012 = VERTEX_POINT ( 'NONE', #69 ) ;
#2013 = LINE ( 'NONE', #1359, #1501 ) ;
#2014 = EDGE_CURVE ( 'NONE', #2526, #203, #2086, .T. ) ;
#2015 = DIRECTION ( 'NONE',  ( -1.586637325588543158E-16, 0.000000000000000000, -1.000000000000000000 ) ) ;
#2016 = VERTEX_POINT ( 'NONE', #53 ) ;
#2017 = EDGE_CURVE ( 'NONE', #1352, #145, #483, .T. ) ;
#2018 = PLANE ( 'NONE',  #307 ) ;
#2019 = VERTEX_POINT ( 'NONE', #233 ) ;
#2020 = ADVANCED_FACE ( 'NONE', ( #1870 ), #1478, .F. ) ;
#2021 = CARTESIAN_POINT ( 'NONE',  ( -5.450000000000208900, 6.900000000000066080, -2.099999999999937028 ) ) ;
#2022 = LINE ( 'NONE', #1652, #1668 ) ;
#2023 = ADVANCED_FACE ( 'NONE', ( #468 ), #441, .F. ) ;
#2024 = EDGE_LOOP ( 'NONE', ( #1299, #752, #694, #956 ) ) ;
#2025 = DIRECTION ( 'NONE',  ( 1.084202172485503448E-16, -0.000000000000000000, 1.000000000000000000 ) ) ;
#2026 = EDGE_LOOP ( 'NONE', ( #2166, #305, #2100, #2480 ) ) ;
#2027 = CARTESIAN_POINT ( 'NONE',  ( 0.4999999999998226419, 1.000000000000043299, 1.500000000000062839 ) ) ;
#2028 = EDGE_LOOP ( 'NONE', ( #1413, #1898, #524, #2074 ) ) ;
#2029 = VECTOR ( 'NONE', #1477, 1000.000000000000000 ) ;
#2030 = ORIENTED_EDGE ( 'NONE', *, *, #1919, .T. ) ;
#2031 = VECTOR ( 'NONE', #2469, 1000.000000000000000 ) ;
#2032 = LINE ( 'NONE', #14, #1637 ) ;
#2033 = VERTEX_POINT ( 'NONE', #1689 ) ;
#2034 = AXIS2_PLACEMENT_3D ( 'NONE', #387, #1402, #2194 ) ;
#2035 = LINE ( 'NONE', #1821, #1409 ) ;
#2036 = CARTESIAN_POINT ( 'NONE',  ( 1.599999999999807354, 0.000000000000000000, 1.500000000000062839 ) ) ;
#2037 = ADVANCED_FACE ( 'NONE', ( #1491 ), #262, .T. ) ;
#2038 = EDGE_CURVE ( 'NONE', #1894, #67, #454, .T. ) ;
#2039 = LINE ( 'NONE', #228, #946 ) ;
#2040 = PLANE ( 'NONE',  #2170 ) ;
#2041 = ORIENTED_EDGE ( 'NONE', *, *, #546, .T. ) ;
#2042 = LINE ( 'NONE', #1807, #1786 ) ;
#2043 = ORIENTED_EDGE ( 'NONE', *, *, #282, .F. ) ;
#2044 = CARTESIAN_POINT ( 'NONE',  ( -5.450000000000175149, 2.024500000000066802, -1.799999999999929212 ) ) ;
#2045 = ORIENTED_EDGE ( 'NONE', *, *, #1593, .T. ) ;
#2046 = EDGE_CURVE ( 'NONE', #1776, #2088, #1897, .T. ) ;
#2047 = DIRECTION ( 'NONE',  ( 0.000000000000000000, -1.000000000000000000, 0.000000000000000000 ) ) ;
#2048 = AXIS2_PLACEMENT_3D ( 'NONE', #1233, #208, #1620 ) ;
#2049 = CARTESIAN_POINT ( 'NONE',  ( -4.550000000000177458, 2.024500000000066802, -1.799999999999929212 ) ) ;
#2050 = EDGE_CURVE ( 'NONE', #185, #428, #1555, .T. ) ;
#2051 = VECTOR ( 'NONE', #169, 1000.000000000000000 ) ;
#2052 = DIRECTION ( 'NONE',  ( -0.000000000000000000, 1.000000000000000000, -0.000000000000000000 ) ) ;
#2053 = LOCAL_TIME ( 19, 53, 40.00000000000000000, #897 ) ;
#2054 = CARTESIAN_POINT ( 'NONE',  ( -0.6509618943235362387, 2.024500000000066802, -2.550000000000003819 ) ) ;
#2055 = EDGE_LOOP ( 'NONE', ( #863, #1022 ) ) ;
#2056 = PLANE ( 'NONE',  #980 ) ;
#2057 = EDGE_CURVE ( 'NONE', #994, #36, #1297, .T. ) ;
#2058 = CARTESIAN_POINT ( 'NONE',  ( -4.550000000000211209, 6.900000000000066080, -2.099999999999937028 ) ) ;
#2059 = ORIENTED_EDGE ( 'NONE', *, *, #2556, .F. ) ;
#2060 = CARTESIAN_POINT ( 'NONE',  ( 0.4499999999998229305, 2.024500000000066802, -1.799999999999929212 ) ) ;
#2061 = APPROVAL_ROLE ( '' ) ;
#2062 = DIRECTION ( 'NONE',  ( 0.000000000000000000, 0.000000000000000000, -1.000000000000000000 ) ) ;
#2063 = CARTESIAN_POINT ( 'NONE',  ( -2.500000000000205169, 5.400000000000066080, -0.1999999999999276801 ) ) ;
#2064 = ORIENTED_EDGE ( 'NONE', *, *, #2535, .T. ) ;
#2065 = CARTESIAN_POINT ( 'NONE',  ( -3.150961894323536239, 2.024500000000066802, -2.550000000000003819 ) ) ;
#2066 = ORIENTED_EDGE ( 'NONE', *, *, #2610, .T. ) ;
#2067 = FACE_OUTER_BOUND ( 'NONE', #974, .T. ) ;
#2068 = DIRECTION ( 'NONE',  ( 0.000000000000000000, 1.000000000000000000, 0.000000000000000000 ) ) ;
#2069 = VECTOR ( 'NONE', #1036, 1000.000000000000000 ) ;
#2070 = AXIS2_PLACEMENT_3D ( 'NONE', #1269, #246, #2297 ) ;
#2071 = EDGE_CURVE ( 'NONE', #2241, #1, #1212, .T. ) ;
#2072 = EDGE_CURVE ( 'NONE', #178, #1908, #1312, .T. ) ;
#2073 = ORIENTED_EDGE ( 'NONE', *, *, #1565, .F. ) ;
#2074 = ORIENTED_EDGE ( 'NONE', *, *, #186, .F. ) ;
#2075 = ORIENTED_EDGE ( 'NONE', *, *, #1472, .T. ) ;
#2076 = VECTOR ( 'NONE', #895, 1000.000000000000000 ) ;
#2077 = CARTESIAN_POINT ( 'NONE',  ( -5.450000000000175149, 0.000000000000000000, -1.799999999999928324 ) ) ;
#2078 = PERSON_AND_ORGANIZATION ( #1099, #879 ) ;
#2079 = VECTOR ( 'NONE', #555, 1000.000000000000000 ) ;
#2080 = DIRECTION ( 'NONE',  ( 0.000000000000000000, 1.000000000000000000, -0.000000000000000000 ) ) ;
#2081 = DIRECTION ( 'NONE',  ( 0.000000000000000000, 1.000000000000000000, -0.000000000000000000 ) ) ;
#2082 = EDGE_CURVE ( 'NONE', #2208, #1285, #2581, .T. ) ;
#2083 = DIRECTION ( 'NONE',  ( -1.000000000000000000, 0.000000000000000000, 1.586637325588543158E-16 ) ) ;
#2084 = VERTEX_POINT ( 'NONE', #114 ) ;
#2085 = DIRECTION ( 'NONE',  ( -1.000000000000000000, 0.000000000000000000, 0.000000000000000000 ) ) ;
#2086 = LINE ( 'NONE', #1885, #97 ) ;
#2087 = ORIENTED_EDGE ( 'NONE', *, *, #2449, .T. ) ;
#2088 = VERTEX_POINT ( 'NONE', #965 ) ;
#2089 = EDGE_CURVE ( 'NONE', #485, #316, #1328, .T. ) ;
#2090 = CARTESIAN_POINT ( 'NONE',  ( -4.700000000000193801, 6.900000000000066080, -2.599999999999936584 ) ) ;
#2091 = COORDINATED_UNIVERSAL_TIME_OFFSET ( 5, 0, .BEHIND. ) ;
#2092 = DIRECTION ( 'NONE',  ( 1.000000000000000000, 0.000000000000000000, -9.637352644315616444E-16 ) ) ;
#2093 = VECTOR ( 'NONE', #2546, 1000.000000000000000 ) ;
#2094 = CARTESIAN_POINT ( 'NONE',  ( -2.500000000000124789, -1.414213562373095145, -3.469446951953614189E-15 ) ) ;
#2095 = AXIS2_PLACEMENT_3D ( 'NONE', #78, #643, #1102 ) ;
#2096 = CARTESIAN_POINT ( 'NONE',  ( -6.600000000000123990, 0.000000000000000000, 1.500000000000062839 ) ) ;
#2097 = CARTESIAN_POINT ( 'NONE',  ( -2.950000000000175149, 2.024500000000066802, -1.799999999999929212 ) ) ;
#2098 = CARTESIAN_POINT ( 'NONE',  ( -7.400000000000205524, 6.100000000000064482, -3.399999999999936851 ) ) ;
#2099 = CARTESIAN_POINT ( 'NONE',  ( -5.000000000000126121, -1.414213562373095145, -0.5000000000000033307 ) ) ;
#2100 = ORIENTED_EDGE ( 'NONE', *, *, #2380, .F. ) ;
#2101 = EDGE_CURVE ( 'NONE', #443, #1886, #1298, .T. ) ;
#2102 = ORIENTED_EDGE ( 'NONE', *, *, #89, .T. ) ;
#2103 = LINE ( 'NONE', #1067, #1278 ) ;
#2104 = DATE_TIME_ROLE ( 'creation_date' ) ;
#2105 = DIRECTION ( 'NONE',  ( -1.000000000000000000, 0.000000000000000000, 1.586637325588543158E-16 ) ) ;
#2106 = EDGE_CURVE ( 'NONE', #263, #2573, #1152, .T. ) ;
#2107 = DIRECTION ( 'NONE',  ( 0.000000000000000000, -0.000000000000000000, -1.000000000000000000 ) ) ;
#2108 = FACE_OUTER_BOUND ( 'NONE', #223, .T. ) ;
#2109 = ORIENTED_EDGE ( 'NONE', *, *, #846, .T. ) ;
#2110 = CARTESIAN_POINT ( 'NONE',  ( -5.450000000000208900, 6.900000000000066080, -2.599999999999936584 ) ) ;
#2111 = VERTEX_POINT ( 'NONE', #1350 ) ;
#2112 = CARTESIAN_POINT ( 'NONE',  ( 0.6509618943231704202, 2.024500000000066802, -2.550000000000003819 ) ) ;
#2113 = APPROVAL_DATE_TIME ( #2274, #724 ) ;
#2114 = CLOSED_SHELL ( 'NONE', ( #321, #434, #1839, #271, #239, #2213, #1253, #631, #586, #2037, #2158, #2210, #253, #486, #516, #2263, #2403, #429, #721, #2205, #1858, #2295, #505, #1222, #2563, #708, #1661, #1168, #2131, #728, #2598, #543, #1064, #773, #2326, #636, #957, #1933, #2303, #2635, #255, #2023, #136, #2621, #1697, #2148, #789, #1785, #2321, #1490, #1223, #1642, #1109, #1391, #2410, #521, #996, #2333, #827, #2121, #325, #511, #1485, #1896, #2322, #1305, #56, #1369, #1537, #1808, #2501, #2601, #1065, #1781, #1144, #597, #231, #1404, #421, #214, #2020, #1289, #1423, #973, #874 ) ) ;
#2115 = DIRECTION ( 'NONE',  ( 1.000000000000000000, 2.115516434118057709E-16, -0.000000000000000000 ) ) ;
#2116 = VECTOR ( 'NONE', #615, 1000.000000000000000 ) ;
#2117 = VECTOR ( 'NONE', #2388, 1000.000000000000000 ) ;
#2118 = VECTOR ( 'NONE', #2371, 1000.000000000000000 ) ;
#2119 = DIRECTION ( 'NONE',  ( 0.000000000000000000, 0.000000000000000000, 1.000000000000000000 ) ) ;
#2120 = AXIS2_PLACEMENT_3D ( 'NONE', #594, #2471, #1457 ) ;
#2121 = ADVANCED_FACE ( 'NONE', ( #1760 ), #2159, .T. ) ;
#2122 = CARTESIAN_POINT ( 'NONE',  ( -5.500000000000104805, 3.450000000000065015, 2.300000000000063327 ) ) ;
#2123 = ORIENTED_EDGE ( 'NONE', *, *, #1772, .F. ) ;
#2124 = LINE ( 'NONE', #1165, #650 ) ;
#2125 = EDGE_LOOP ( 'NONE', ( #582, #1943 ) ) ;
#2126 = ORIENTED_EDGE ( 'NONE', *, *, #106, .F. ) ;
#2127 = LINE ( 'NONE', #2138, #2242 ) ;
#2128 = EDGE_CURVE ( 'NONE', #1372, #2627, #508, .T. ) ;
#2129 = DIRECTION ( 'NONE',  ( -1.000000000000000000, -0.000000000000000000, -0.000000000000000000 ) ) ;
#2130 = FACE_OUTER_BOUND ( 'NONE', #2172, .T. ) ;
#2131 = ADVANCED_FACE ( 'NONE', ( #754 ), #1577, .F. ) ;
#2132 = LINE ( 'NONE', #1127, #2010 ) ;
#2133 = ORIENTED_EDGE ( 'NONE', *, *, #2521, .T. ) ;
#2134 = VECTOR ( 'NONE', #955, 1000.000000000000000 ) ;
#2135 = DIRECTION ( 'NONE',  ( 0.000000000000000000, 1.000000000000000000, 0.000000000000000000 ) ) ;
#2136 = EDGE_LOOP ( 'NONE', ( #2551, #2454, #457, #326 ) ) ;
#2137 = EDGE_CURVE ( 'NONE', #588, #785, #2124, .T. ) ;
#2138 = CARTESIAN_POINT ( 'NONE',  ( -6.600000000000205702, 6.900000000000065192, -2.099999999999937472 ) ) ;
#2139 = VERTEX_POINT ( 'NONE', #519 ) ;
#2140 = DIRECTION ( 'NONE',  ( -0.000000000000000000, -0.000000000000000000, -1.000000000000000000 ) ) ;
#2141 = DIRECTION ( 'NONE',  ( 1.000000000000000000, 0.000000000000000000, -9.637352644315616444E-16 ) ) ;
#2142 = DIRECTION ( 'NONE',  ( 0.000000000000000000, 0.000000000000000000, 1.000000000000000000 ) ) ;
#2143 = VERTEX_POINT ( 'NONE', #1941 ) ;
#2144 = ORIENTED_EDGE ( 'NONE', *, *, #315, .F. ) ;
#2145 = DIRECTION ( 'NONE',  ( -1.000000000000000000, 0.000000000000000000, 0.000000000000000000 ) ) ;
#2146 = ORIENTED_EDGE ( 'NONE', *, *, #1680, .T. ) ;
#2147 = DIRECTION ( 'NONE',  ( -1.000000000000000000, -0.000000000000000000, -0.000000000000000000 ) ) ;
#2148 = ADVANCED_FACE ( 'NONE', ( #1544 ), #702, .F. ) ;
#2149 = LINE ( 'NONE', #1344, #1277 ) ;
#2150 = ORIENTED_EDGE ( 'NONE', *, *, #300, .F. ) ;
#2151 = CARTESIAN_POINT ( 'NONE',  ( -6.600000000000205702, 6.900000000000065192, 1.500000000000062839 ) ) ;
#2152 = CIRCLE ( 'NONE', #2284, 0.7999999999999999334 ) ;
#2153 = CARTESIAN_POINT ( 'NONE',  ( -2.500000000000205169, 6.400000000000066080, -0.9999999999999276135 ) ) ;
#2154 = EDGE_LOOP ( 'NONE', ( #1093, #1377, #690, #1313 ) ) ;
#2155 = VECTOR ( 'NONE', #832, 1000.000000000000000 ) ;
#2156 = VECTOR ( 'NONE', #1461, 1000.000000000000000 ) ;
#2157 = LINE ( 'NONE', #2182, #2555 ) ;
#2158 = ADVANCED_FACE ( 'NONE', ( #1955 ), #152, .F. ) ;
#2159 = PLANE ( 'NONE',  #182 ) ;
#2160 = ORIENTED_EDGE ( 'NONE', *, *, #1769, .T. ) ;
#2161 = LINE ( 'NONE', #118, #1026 ) ;
#2162 = LINE ( 'NONE', #2587, #34 ) ;
#2163 = ORIENTED_EDGE ( 'NONE', *, *, #1536, .T. ) ;
#2164 = DIRECTION ( 'NONE',  ( 1.000000000000000000, 0.000000000000000000, -1.586637325588543158E-16 ) ) ;
#2165 = DIRECTION ( 'NONE',  ( 0.000000000000000000, 0.000000000000000000, -1.000000000000000000 ) ) ;
#2166 = ORIENTED_EDGE ( 'NONE', *, *, #2579, .F. ) ;
#2167 = DIRECTION ( 'NONE',  ( 9.637352644315616444E-16, -0.000000000000000000, 1.000000000000000000 ) ) ;
#2168 = DIRECTION ( 'NONE',  ( 0.000000000000000000, 0.000000000000000000, 1.000000000000000000 ) ) ;
#2169 = ORIENTED_EDGE ( 'NONE', *, *, #1583, .T. ) ;
#2170 = AXIS2_PLACEMENT_3D ( 'NONE', #1591, #2391, #2459 ) ;
#2171 = DIRECTION ( 'NONE',  ( 0.9659258262890729752, -0.000000000000000000, 0.2588190451025032535 ) ) ;
#2172 = EDGE_LOOP ( 'NONE', ( #261, #782, #792, #1340 ) ) ;
#2173 = EDGE_CURVE ( 'NONE', #2004, #2088, #1531, .T. ) ;
#2174 = VECTOR ( 'NONE', #1599, 1000.000000000000000 ) ;
#2175 = CARTESIAN_POINT ( 'NONE',  ( -2.500000000000124789, 0.000000000000000000, -0.5000000000000034417 ) ) ;
#2176 = ORIENTED_EDGE ( 'NONE', *, *, #1449, .T. ) ;
#2177 = CARTESIAN_POINT ( 'NONE',  ( -6.600000000000205702, 6.100000000000064482, -2.599999999999936584 ) ) ;
#2178 = CARTESIAN_POINT ( 'NONE',  ( 0.9999999999997979394, 6.400000000000066080, 0.8000000000000541123 ) ) ;
#2179 = PLANE ( 'NONE',  #250 ) ;
#2180 = ORIENTED_EDGE ( 'NONE', *, *, #2050, .F. ) ;
#2181 = EDGE_CURVE ( 'NONE', #1163, #2001, #1566, .T. ) ;
#2182 = CARTESIAN_POINT ( 'NONE',  ( -7.400000000000205524, 6.100000000000064482, -3.399999999999936851 ) ) ;
#2183 = DIRECTION ( 'NONE',  ( -0.000000000000000000, 1.000000000000000000, -0.000000000000000000 ) ) ;
#2184 = ORIENTED_EDGE ( 'NONE', *, *, #1918, .T. ) ;
#2185 = LINE ( 'NONE', #366, #1597 ) ;
#2186 = ORIENTED_EDGE ( 'NONE', *, *, #1306, .T. ) ;
#2187 = CARTESIAN_POINT ( 'NONE',  ( -5.000000000000126121, 0.000000000000000000, -0.5000000000000033307 ) ) ;
#2188 = DIRECTION ( 'NONE',  ( 1.000000000000000000, 1.067522139062642704E-14, -0.000000000000000000 ) ) ;
#2189 = DIRECTION ( 'NONE',  ( -0.000000000000000000, 1.000000000000000000, -0.000000000000000000 ) ) ;
#2190 = FACE_OUTER_BOUND ( 'NONE', #1479, .T. ) ;
#2191 = EDGE_LOOP ( 'NONE', ( #820, #451, #649, #1073 ) ) ;
#2192 = ORIENTED_EDGE ( 'NONE', *, *, #825, .F. ) ;
#2193 = VECTOR ( 'NONE', #74, 1000.000000000000000 ) ;
#2194 = DIRECTION ( 'NONE',  ( -1.000000000000000000, -2.115516434118057709E-16, 0.000000000000000000 ) ) ;
#2195 = VECTOR ( 'NONE', #1237, 1000.000000000000000 ) ;
#2196 = EDGE_CURVE ( 'NONE', #1333, #1265, #1141, .T. ) ;
#2197 = EDGE_CURVE ( 'NONE', #2409, #2033, #1725, .T. ) ;
#2198 = DIRECTION ( 'NONE',  ( 0.000000000000000000, -1.000000000000000000, 0.000000000000000000 ) ) ;
#2199 = AXIS2_PLACEMENT_3D ( 'NONE', #1590, #1188, #168 ) ;
#2200 = ORIENTED_EDGE ( 'NONE', *, *, #490, .T. ) ;
#2201 = VECTOR ( 'NONE', #1440, 1000.000000000000000 ) ;
#2202 = CARTESIAN_POINT ( 'NONE',  ( -2.050000000000177014, 0.000000000000000000, -1.799999999999929212 ) ) ;
#2203 = ORIENTED_EDGE ( 'NONE', *, *, #1114, .T. ) ;
#2204 = CARTESIAN_POINT ( 'NONE',  ( -4.200000000000192912, 6.100000000000064482, 1.500000000000062839 ) ) ;
#2205 = ADVANCED_FACE ( 'NONE', ( #1361 ), #1374, .F. ) ;
#2206 = DIRECTION ( 'NONE',  ( 0.000000000000000000, 0.000000000000000000, 1.000000000000000000 ) ) ;
#2207 = ORIENTED_EDGE ( 'NONE', *, *, #1992, .F. ) ;
#2208 = VERTEX_POINT ( 'NONE', #1736 ) ;
#2209 = PLANE ( 'NONE',  #2034 ) ;
#2210 = ADVANCED_FACE ( 'NONE', ( #1338 ), #2561, .F. ) ;
#2211 = DIRECTION ( 'NONE',  ( 1.084202172485503448E-16, -0.000000000000000000, 1.000000000000000000 ) ) ;
#2212 = ORIENTED_EDGE ( 'NONE', *, *, #2610, .F. ) ;
#2213 = ADVANCED_FACE ( 'NONE', ( #10 ), #1444, .F. ) ;
#2214 = LINE ( 'NONE', #2044, #472 ) ;
#2215 = EDGE_CURVE ( 'NONE', #40, #2450, #1826, .T. ) ;
#2216 = ORIENTED_EDGE ( 'NONE', *, *, #2579, .T. ) ;
#2217 = AXIS2_PLACEMENT_3D ( 'NONE', #181, #2183, #2626 ) ;
#2218 = FACE_OUTER_BOUND ( 'NONE', #602, .T. ) ;
#2219 = MECHANICAL_CONTEXT ( 'NONE', #833, 'mechanical' ) ;
#2220 = APPROVAL_PERSON_ORGANIZATION ( #281, #1715, #2498 ) ;
#2221 = DIRECTION ( 'NONE',  ( 0.000000000000000000, 1.000000000000000000, -0.000000000000000000 ) ) ;
#2222 = ORIENTED_EDGE ( 'NONE', *, *, #1677, .F. ) ;
#2223 = CARTESIAN_POINT ( 'NONE',  ( -1.252725387993669324E-13, -1.414213562373095145, -0.5000000000000033307 ) ) ;
#2224 = CARTESIAN_POINT ( 'NONE',  ( -5.450000000000208900, 6.400000000000066080, -1.599999999999937028 ) ) ;
#2225 = ORIENTED_EDGE ( 'NONE', *, *, #351, .T. ) ;
#2226 = ORIENTED_EDGE ( 'NONE', *, *, #1551, .T. ) ;
#2227 = CARTESIAN_POINT ( 'NONE',  ( 1.599999999999807354, 4.700000000000001066, -2.599999999999936584 ) ) ;
#2228 = ORIENTED_EDGE ( 'NONE', *, *, #2556, .T. ) ;
#2229 = ORIENTED_EDGE ( 'NONE', *, *, #805, .T. ) ;
#2230 = EDGE_CURVE ( 'NONE', #2329, #681, #1019, .T. ) ;
#2231 = CARTESIAN_POINT ( 'NONE',  ( -4.200000000000192912, 1.000000000000029532, 2.300000000000063327 ) ) ;
#2232 = CARTESIAN_POINT ( 'NONE',  ( -4.550000000000211209, 6.400000000000066080, -1.599999999999937028 ) ) ;
#2233 = DIRECTION ( 'NONE',  ( 0.000000000000000000, 1.000000000000000000, 0.000000000000000000 ) ) ;
#2234 = CARTESIAN_POINT ( 'NONE',  ( -1.253337711393243126E-13, -1.414213562373095145, -3.469446951953614189E-15 ) ) ;
#2235 = ORIENTED_EDGE ( 'NONE', *, *, #1889, .T. ) ;
#2236 = DIRECTION ( 'NONE',  ( 0.000000000000000000, 1.000000000000000000, 0.000000000000000000 ) ) ;
#2237 = EDGE_CURVE ( 'NONE', #1, #2241, #1520, .T. ) ;
#2238 = VERTEX_POINT ( 'NONE', #1389 ) ;
#2239 = AXIS2_PLACEMENT_3D ( 'NONE', #1766, #340, #969 ) ;
#2240 = LINE ( 'NONE', #260, #2029 ) ;
#2241 = VERTEX_POINT ( 'NONE', #794 ) ;
#2242 = VECTOR ( 'NONE', #1353, 1000.000000000000000 ) ;
#2243 = DIRECTION ( 'NONE',  ( 0.000000000000000000, -1.000000000000000000, -0.000000000000000000 ) ) ;
#2244 = VERTEX_POINT ( 'NONE', #1816 ) ;
#2245 = AXIS2_PLACEMENT_3D ( 'NONE', #1962, #133, #2142 ) ;
#2246 = EDGE_CURVE ( 'NONE', #301, #2522, #768, .T. ) ;
#2247 = DIRECTION ( 'NONE',  ( 1.000000000000000000, 0.000000000000000000, -0.000000000000000000 ) ) ;
#2248 = CARTESIAN_POINT ( 'NONE',  ( -4.550000000000177458, 0.000000000000000000, -1.799999999999929212 ) ) ;
#2249 = DIRECTION ( 'NONE',  ( -1.000000000000000000, 0.000000000000000000, -0.000000000000000000 ) ) ;
#2250 = LINE ( 'NONE', #396, #2156 ) ;
#2251 = LINE ( 'NONE', #273, #1850 ) ;
#2252 = ORIENTED_EDGE ( 'NONE', *, *, #1126, .T. ) ;
#2253 = DIRECTION ( 'NONE',  ( 1.000000000000000000, 0.000000000000000000, -9.637352644315616444E-16 ) ) ;
#2254 = DIRECTION ( 'NONE',  ( -0.000000000000000000, -1.000000000000000000, 0.000000000000000000 ) ) ;
#2255 = VERTEX_POINT ( 'NONE', #2027 ) ;
#2256 = ORIENTED_EDGE ( 'NONE', *, *, #211, .F. ) ;
#2257 = CARTESIAN_POINT ( 'NONE',  ( -1.253337711393243126E-13, -1.414213562373095145, 0.4999999999999964473 ) ) ;
#2258 = CARTESIAN_POINT ( 'NONE',  ( -1.253337711393243126E-13, 4.500000000000000888, -3.469446951953614189E-15 ) ) ;
#2259 = VECTOR ( 'NONE', #1293, 1000.000000000000000 ) ;
#2260 = CARTESIAN_POINT ( 'NONE',  ( -6.600000000000205702, 6.900000000000065192, 0.8000000000000541123 ) ) ;
#2261 = PRODUCT_DEFINITION_FORMATION_WITH_SPECIFIED_SOURCE ( 'ANY', '', #1294, .NOT_KNOWN. ) ;
#2262 = ORIENTED_EDGE ( 'NONE', *, *, #2038, .T. ) ;
#2263 = ADVANCED_FACE ( 'NONE', ( #1421 ), #376, .F. ) ;
#2264 = EDGE_CURVE ( 'NONE', #1793, #94, #976, .T. ) ;
#2265 = DIRECTION ( 'NONE',  ( 0.000000000000000000, -0.000000000000000000, 1.000000000000000000 ) ) ;
#2266 = ORIENTED_EDGE ( 'NONE', *, *, #2354, .F. ) ;
#2267 = LINE ( 'NONE', #12, #449 ) ;
#2268 = DIRECTION ( 'NONE',  ( 9.637352644315616444E-16, -0.000000000000000000, 1.000000000000000000 ) ) ;
#2269 = ORIENTED_EDGE ( 'NONE', *, *, #641, .F. ) ;
#2270 = ORIENTED_EDGE ( 'NONE', *, *, #1208, .F. ) ;
#2271 = ORIENTED_EDGE ( 'NONE', *, *, #2614, .T. ) ;
#2272 = CARTESIAN_POINT ( 'NONE',  ( -5.000000000000207834, 6.400000000000066080, -0.1999999999999098887 ) ) ;
#2273 = EDGE_LOOP ( 'NONE', ( #2560, #2437, #1670, #207, #15, #2599, #1329, #2228 ) ) ;
#2274 = DATE_AND_TIME ( #705, #1258 ) ;
#2275 = LINE ( 'NONE', #2307, #849 ) ;
#2276 = LINE ( 'NONE', #448, #1324 ) ;
#2277 = LINE ( 'NONE', #669, #739 ) ;
#2278 = PRODUCT_DEFINITION_SHAPE ( 'NONE', 'NONE',  #886 ) ;
#2279 = ORIENTED_EDGE ( 'NONE', *, *, #1082, .T. ) ;
#2280 = PLANE ( 'NONE',  #2462 ) ;
#2281 = EDGE_CURVE ( 'NONE', #561, #689, #993, .T. ) ;
#2282 = DIRECTION ( 'NONE',  ( 0.000000000000000000, 0.000000000000000000, 1.000000000000000000 ) ) ;
#2283 = ORIENTED_EDGE ( 'NONE', *, *, #1005, .T. ) ;
#2284 = AXIS2_PLACEMENT_3D ( 'NONE', #1136, #1721, #2485 ) ;
#2285 = EDGE_LOOP ( 'NONE', ( #2576, #1011, #595, #153 ) ) ;
#2286 = ORIENTED_EDGE ( 'NONE', *, *, #1863, .F. ) ;
#2287 = VECTOR ( 'NONE', #672, 1000.000000000000000 ) ;
#2288 = VECTOR ( 'NONE', #1706, 1000.000000000000000 ) ;
#2289 = LINE ( 'NONE', #1524, #1578 ) ;
#2290 = ORIENTED_EDGE ( 'NONE', *, *, #2614, .F. ) ;
#2291 = VECTOR ( 'NONE', #1332, 1000.000000000000000 ) ;
#2292 = CYLINDRICAL_SURFACE ( 'NONE', #2549, 0.7999999999999990452 ) ;
#2293 = DIRECTION ( 'NONE',  ( 0.000000000000000000, -0.000000000000000000, 1.000000000000000000 ) ) ;
#2294 = DIRECTION ( 'NONE',  ( -0.000000000000000000, -0.000000000000000000, -1.000000000000000000 ) ) ;
#2295 = ADVANCED_FACE ( 'NONE', ( #2424 ), #1205, .F. ) ;
#2296 = CARTESIAN_POINT ( 'NONE',  ( -2.500000000000205169, 5.400000000000066080, 0.6000000000000722533 ) ) ;
#2297 = DIRECTION ( 'NONE',  ( 0.000000000000000000, 0.000000000000000000, 1.000000000000000000 ) ) ;
#2298 = DIRECTION ( 'NONE',  ( 0.000000000000000000, 1.000000000000000000, 0.000000000000000000 ) ) ;
#2299 = VERTEX_POINT ( 'NONE', #1605 ) ;
#2300 = EDGE_LOOP ( 'NONE', ( #251, #797, #2216, #259 ) ) ;
#2301 = VERTEX_POINT ( 'NONE', #2408 ) ;
#2302 = DIRECTION ( 'NONE',  ( -0.000000000000000000, -1.000000000000000000, -0.000000000000000000 ) ) ;
#2303 = ADVANCED_FACE ( 'NONE', ( #1432 ), #2003, .F. ) ;
#2304 = ORIENTED_EDGE ( 'NONE', *, *, #2386, .T. ) ;
#2305 = DATE_TIME_ROLE ( 'classification_date' ) ;
#2306 = EDGE_CURVE ( 'NONE', #2241, #1290, #573, .T. ) ;
#2307 = CARTESIAN_POINT ( 'NONE',  ( -5.500000000000104805, 1.000000000000036415, 2.300000000000063327 ) ) ;
#2308 = AXIS2_PLACEMENT_3D ( 'NONE', #1220, #1021, #1392 ) ;
#2309 = CARTESIAN_POINT ( 'NONE',  ( -5.500000000000104805, 3.450000000000065015, 2.300000000000063327 ) ) ;
#2310 = VECTOR ( 'NONE', #2198, 1000.000000000000000 ) ;
#2311 = DIRECTION ( 'NONE',  ( -1.000000000000000000, -0.000000000000000000, 0.000000000000000000 ) ) ;
#2312 = VECTOR ( 'NONE', #225, 1000.000000000000000 ) ;
#2313 = LINE ( 'NONE', #2097, #2638 ) ;
#2314 = CARTESIAN_POINT ( 'NONE',  ( -5.650961894323536683, 2.024500000000066802, -2.550000000000002931 ) ) ;
#2315 = DIRECTION ( 'NONE',  ( -1.790682297782510536E-15, 1.000000000000000000, 0.000000000000000000 ) ) ;
#2316 = ORIENTED_EDGE ( 'NONE', *, *, #1519, .T. ) ;
#2317 = VERTEX_POINT ( 'NONE', #1242 ) ;
#2318 = DIRECTION ( 'NONE',  ( 0.000000000000000000, 0.000000000000000000, 1.000000000000000000 ) ) ;
#2319 = ORIENTED_EDGE ( 'NONE', *, *, #656, .F. ) ;
#2320 = DIRECTION ( 'NONE',  ( 0.000000000000000000, 0.000000000000000000, -1.000000000000000000 ) ) ;
#2321 = ADVANCED_FACE ( 'NONE', ( #364 ), #1840, .F. ) ;
#2322 = ADVANCED_FACE ( 'NONE', ( #204 ), #822, .T. ) ;
#2323 = CARTESIAN_POINT ( 'NONE',  ( -5.500000000000104805, -0.8499999999999332534, 1.500000000000062839 ) ) ;
#2324 = FACE_OUTER_BOUND ( 'NONE', #1508, .T. ) ;
#2325 = ORIENTED_EDGE ( 'NONE', *, *, #50, .F. ) ;
#2326 = ADVANCED_FACE ( 'NONE', ( #397 ), #2040, .T. ) ;
#2327 = CARTESIAN_POINT ( 'NONE',  ( 1.599999999999807354, 12.10000000000007248, -0.9499999999999543254 ) ) ;
#2328 = AXIS2_PLACEMENT_3D ( 'NONE', #2574, #2171, #1366 ) ;
#2329 = VERTEX_POINT ( 'NONE', #2054 ) ;
#2330 = VECTOR ( 'NONE', #328, 1000.000000000000000 ) ;
#2331 = FACE_OUTER_BOUND ( 'NONE', #1860, .T. ) ;
#2332 = APPROVAL_STATUS ( 'not_yet_approved' ) ;
#2333 = ADVANCED_FACE ( 'NONE', ( #838 ), #66, .T. ) ;
#2334 = VECTOR ( 'NONE', #1748, 1000.000000000000000 ) ;
#2335 = DIRECTION ( 'NONE',  ( -0.000000000000000000, 1.000000000000000000, -0.000000000000000000 ) ) ;
#2336 = VECTOR ( 'NONE', #2140, 1000.000000000000000 ) ;
#2337 = AXIS2_PLACEMENT_3D ( 'NONE', #224, #381, #2008 ) ;
#2338 = DIRECTION ( 'NONE',  ( 0.000000000000000000, 1.000000000000000000, 0.000000000000000000 ) ) ;
#2339 = AXIS2_PLACEMENT_3D ( 'NONE', #1798, #2607, #776 ) ;
#2340 = ORIENTED_EDGE ( 'NONE', *, *, #1731, .F. ) ;
#2341 = LINE ( 'NONE', #2122, #1603 ) ;
#2342 = EDGE_CURVE ( 'NONE', #2582, #1037, #888, .T. ) ;
#2343 = DIRECTION ( 'NONE',  ( -1.000000000000000000, -0.000000000000000000, 0.000000000000000000 ) ) ;
#2344 = DIRECTION ( 'NONE',  ( 0.000000000000000000, 0.000000000000000000, -1.000000000000000000 ) ) ;
#2345 = VERTEX_POINT ( 'NONE', #2096 ) ;
#2346 = ORIENTED_EDGE ( 'NONE', *, *, #2494, .T. ) ;
#2347 = DIRECTION ( 'NONE',  ( -1.000000000000000000, -0.000000000000000000, 0.000000000000000000 ) ) ;
#2348 = CARTESIAN_POINT ( 'NONE',  ( -5.000000000000126121, 0.000000000000000000, -3.469446951953614189E-15 ) ) ;
#2349 = FACE_BOUND ( 'NONE', #881, .T. ) ;
#2350 = CARTESIAN_POINT ( 'NONE',  ( -4.550000000000211209, 6.400000000000066080, -2.099999999999937028 ) ) ;
#2351 = AXIS2_PLACEMENT_3D ( 'NONE', #2492, #2282, #891 ) ;
#2352 = DIRECTION ( 'NONE',  ( 0.000000000000000000, 1.000000000000000000, 0.000000000000000000 ) ) ;
#2353 = LINE ( 'NONE', #1700, #1498 ) ;
#2354 = EDGE_CURVE ( 'NONE', #145, #2345, #2277, .T. ) ;
#2355 = DIRECTION ( 'NONE',  ( 0.000000000000000000, 0.000000000000000000, 1.000000000000000000 ) ) ;
#2356 = CC_DESIGN_SECURITY_CLASSIFICATION ( #2398, ( #2261 ) ) ;
#2357 = ORIENTED_EDGE ( 'NONE', *, *, #1098, .T. ) ;
#2358 = LINE ( 'NONE', #757, #939 ) ;
#2359 = FACE_OUTER_BOUND ( 'NONE', #637, .T. ) ;
#2360 = ORIENTED_EDGE ( 'NONE', *, *, #2246, .F. ) ;
#2361 = CARTESIAN_POINT ( 'NONE',  ( -2.050000000000177014, 2.024500000000066802, -1.799999999999929212 ) ) ;
#2362 = EDGE_CURVE ( 'NONE', #2084, #1691, #823, .T. ) ;
#2363 = LINE ( 'NONE', #1147, #1240 ) ;
#2364 = ORIENTED_EDGE ( 'NONE', *, *, #2071, .T. ) ;
#2365 = CARTESIAN_POINT ( 'NONE',  ( 0.4999999999998174238, 3.450000000000057909, 2.300000000000063327 ) ) ;
#2366 = CARTESIAN_POINT ( 'NONE',  ( -6.600000000000205702, 6.100000000000064482, -2.599999999999936584 ) ) ;
#2367 = ORIENTED_EDGE ( 'NONE', *, *, #1754, .F. ) ;
#2368 = CARTESIAN_POINT ( 'NONE',  ( -6.000000000000204281, 6.400000000000066080, 0.8000000000000550004 ) ) ;
#2369 = PLANE ( 'NONE',  #1023 ) ;
#2370 = ORIENTED_EDGE ( 'NONE', *, *, #2583, .T. ) ;
#2371 = DIRECTION ( 'NONE',  ( 0.000000000000000000, 0.000000000000000000, 1.000000000000000000 ) ) ;
#2372 = CIRCLE ( 'NONE', #798, 0.4999999999999998890 ) ;
#2373 = DIRECTION ( 'NONE',  ( -0.9659258262890686453, 0.000000000000000000, 0.2588190451025199068 ) ) ;
#2374 = EDGE_LOOP ( 'NONE', ( #2200, #1428, #509, #458, #1550, #733, #398, #71 ) ) ;
#2375 = AXIS2_PLACEMENT_3D ( 'NONE', #294, #1315, #252 ) ;
#2376 = VECTOR ( 'NONE', #240, 1000.000000000000000 ) ;
#2377 = LINE ( 'NONE', #1388, #1622 ) ;
#2378 = CARTESIAN_POINT ( 'NONE',  ( -2.950000000000208900, 6.400000000000066080, -2.099999999999937472 ) ) ;
#2379 = EDGE_CURVE ( 'NONE', #2033, #13, #1882, .T. ) ;
#2380 = EDGE_CURVE ( 'NONE', #67, #1265, #1280, .T. ) ;
#2381 = VERTEX_POINT ( 'NONE', #1487 ) ;
#2382 = CARTESIAN_POINT ( 'NONE',  ( -2.500000000000124789, 0.000000000000000000, -3.469446951953614189E-15 ) ) ;
#2383 = VERTEX_POINT ( 'NONE', #437 ) ;
#2384 = CARTESIAN_POINT ( 'NONE',  ( 2.399999999999807621, 6.900000000000066969, 1.500000000000062839 ) ) ;
#2385 = ORIENTED_EDGE ( 'NONE', *, *, #1514, .T. ) ;
#2386 = EDGE_CURVE ( 'NONE', #263, #141, #2251, .T. ) ;
#2387 = CARTESIAN_POINT ( 'NONE',  ( 0.4999999999998243627, 1.000000000000043299, 2.300000000000063327 ) ) ;
#2388 = DIRECTION ( 'NONE',  ( 0.000000000000000000, 1.000000000000000000, 0.000000000000000000 ) ) ;
#2389 = VERTEX_POINT ( 'NONE', #2065 ) ;
#2390 = CARTESIAN_POINT ( 'NONE',  ( -2.050000000000210765, 6.400000000000066080, -1.599999999999937250 ) ) ;
#2391 = DIRECTION ( 'NONE',  ( -1.000000000000000000, 0.000000000000000000, 0.000000000000000000 ) ) ;
#2392 = VECTOR ( 'NONE', #646, 1000.000000000000000 ) ;
#2393 = VERTEX_POINT ( 'NONE', #1475 ) ;
#2394 = VECTOR ( 'NONE', #1191, 1000.000000000000000 ) ;
#2395 = DIRECTION ( 'NONE',  ( -1.000000000000000000, 0.000000000000000000, 1.586637325588543158E-16 ) ) ;
#2396 = ORIENTED_EDGE ( 'NONE', *, *, #1947, .F. ) ;
#2397 = ORIENTED_EDGE ( 'NONE', *, *, #1809, .F. ) ;
#2398 = SECURITY_CLASSIFICATION ( '', '', #1495 ) ;
#2399 = CARTESIAN_POINT ( 'NONE',  ( -1.500000000000202061, 6.400000000000066080, -1.599999999999937250 ) ) ;
#2400 = DIRECTION ( 'NONE',  ( 0.000000000000000000, 0.000000000000000000, 1.000000000000000000 ) ) ;
#2401 = FACE_OUTER_BOUND ( 'NONE', #2028, .T. ) ;
#2402 = EDGE_CURVE ( 'NONE', #2573, #910, #49, .T. ) ;
#2403 = ADVANCED_FACE ( 'NONE', ( #1654 ), #1254, .F. ) ;
#2404 = FACE_OUTER_BOUND ( 'NONE', #548, .T. ) ;
#2405 = EDGE_LOOP ( 'NONE', ( #1592, #843, #1445, #777, #488, #33, #2133, #1938, #2523, #337, #2087, #945 ) ) ;
#2406 = ORIENTED_EDGE ( 'NONE', *, *, #1306, .F. ) ;
#2407 = FACE_BOUND ( 'NONE', #2273, .T. ) ;
#2408 = CARTESIAN_POINT ( 'NONE',  ( 2.399999999999807621, 6.900000000000066969, 1.500000000000062839 ) ) ;
#2409 = VERTEX_POINT ( 'NONE', #480 ) ;
#2410 = ADVANCED_FACE ( 'NONE', ( #2502, #1060 ), #423, .T. ) ;
#2411 = CARTESIAN_POINT ( 'NONE',  ( 2.399999999999802291, 6.100000000000075140, -0.4881197846482443481 ) ) ;
#2412 = MANIFOLD_SOLID_BREP ( 'CONNECTOR,JST XH,F,03 PIN-1-solid1', #2114 ) ;
#2413 = ORIENTED_EDGE ( 'NONE', *, *, #569, .F. ) ;
#2414 = CARTESIAN_POINT ( 'NONE',  ( -0.4500000000002088996, 6.400000000000066080, -2.099999999999937916 ) ) ;
#2415 = CARTESIAN_POINT ( 'NONE',  ( -3.500000000000204281, 6.400000000000066080, 0.8000000000000550004 ) ) ;
#2416 = EDGE_CURVE ( 'NONE', #2143, #1707, #870, .T. ) ;
#2417 = DIRECTION ( 'NONE',  ( 0.000000000000000000, 1.000000000000000000, 0.000000000000000000 ) ) ;
#2418 = ORIENTED_EDGE ( 'NONE', *, *, #1150, .T. ) ;
#2419 = ORIENTED_EDGE ( 'NONE', *, *, #1190, .T. ) ;
#2420 = VECTOR ( 'NONE', #2451, 1000.000000000000000 ) ;
#2421 = FACE_BOUND ( 'NONE', #1586, .T. ) ;
#2422 = AXIS2_PLACEMENT_3D ( 'NONE', #1719, #1678, #59 ) ;
#2423 = EDGE_CURVE ( 'NONE', #1690, #241, #229, .T. ) ;
#2424 = FACE_OUTER_BOUND ( 'NONE', #678, .T. ) ;
#2425 = VECTOR ( 'NONE', #869, 1000.000000000000000 ) ;
#2426 = EDGE_LOOP ( 'NONE', ( #731, #249, #1673, #2146 ) ) ;
#2427 = LINE ( 'NONE', #589, #1805 ) ;
#2428 = ORIENTED_EDGE ( 'NONE', *, *, #2128, .F. ) ;
#2429 = CARTESIAN_POINT ( 'NONE',  ( -4.700000000000193801, 6.900000000000066080, 1.500000000000061950 ) ) ;
#2430 = PLANE ( 'NONE',  #18 ) ;
#2431 = FACE_OUTER_BOUND ( 'NONE', #11, .T. ) ;
#2432 = EDGE_LOOP ( 'NONE', ( #1155, #111, #1243, #2586 ) ) ;
#2433 = CARTESIAN_POINT ( 'NONE',  ( 1.599999999999807354, 6.100000000000075140, -0.9499999999999474420 ) ) ;
#2434 = DIRECTION ( 'NONE',  ( 0.000000000000000000, 1.000000000000000000, 0.000000000000000000 ) ) ;
#2435 = EDGE_LOOP ( 'NONE', ( #390, #402 ) ) ;
#2436 = EDGE_CURVE ( 'NONE', #2238, #1820, #258, .T. ) ;
#2437 = ORIENTED_EDGE ( 'NONE', *, *, #1030, .T. ) ;
#2438 = PLANE ( 'NONE',  #2308 ) ;
#2439 = ORIENTED_EDGE ( 'NONE', *, *, #21, .T. ) ;
#2440 = VECTOR ( 'NONE', #2516, 1000.000000000000000 ) ;
#2441 = ORIENTED_EDGE ( 'NONE', *, *, #2521, .F. ) ;
#2442 = CARTESIAN_POINT ( 'NONE',  ( -1.500000000000202061, 6.400000000000066080, 0.8000000000000541123 ) ) ;
#2443 = PERSON_AND_ORGANIZATION ( #1099, #879 ) ;
#2444 = CIRCLE ( 'NONE', #1386, 0.4999999999999998890 ) ;
#2445 = LINE ( 'NONE', #640, #2558 ) ;
#2446 = EDGE_LOOP ( 'NONE', ( #840, #2441, #530, #350 ) ) ;
#2447 = DIRECTION ( 'NONE',  ( -1.000000000000000000, 0.000000000000000000, -0.000000000000000000 ) ) ;
#2448 = CARTESIAN_POINT ( 'NONE',  ( -5.000000000000207834, 5.400000000000066080, -0.9999999999999089617 ) ) ;
#2449 = EDGE_CURVE ( 'NONE', #1703, #301, #23, .T. ) ;
#2450 = VERTEX_POINT ( 'NONE', #35 ) ;
#2451 = DIRECTION ( 'NONE',  ( 1.000000000000000000, 2.115516434118057709E-16, -0.000000000000000000 ) ) ;
#2452 = ORIENTED_EDGE ( 'NONE', *, *, #2362, .F. ) ;
#2453 = FACE_OUTER_BOUND ( 'NONE', #1865, .T. ) ;
#2454 = ORIENTED_EDGE ( 'NONE', *, *, #1919, .F. ) ;
#2455 = FACE_BOUND ( 'NONE', #537, .T. ) ;
#2456 = CARTESIAN_POINT ( 'NONE',  ( -1.500000000000202283, 6.400000000000066080, 0.8000000000000550004 ) ) ;
#2457 = CARTESIAN_POINT ( 'NONE',  ( -5.450000000000208900, 6.400000000000066080, -1.599999999999937028 ) ) ;
#2458 = CARTESIAN_POINT ( 'NONE',  ( -4.000000000000202505, 6.400000000000066080, -1.599999999999937028 ) ) ;
#2459 = DIRECTION ( 'NONE',  ( 0.000000000000000000, 0.000000000000000000, 1.000000000000000000 ) ) ;
#2460 = VECTOR ( 'NONE', #1905, 1000.000000000000000 ) ;
#2461 = ORIENTED_EDGE ( 'NONE', *, *, #1268, .F. ) ;
#2462 = AXIS2_PLACEMENT_3D ( 'NONE', #452, #1895, #80 ) ;
#2463 = CARTESIAN_POINT ( 'NONE',  ( 1.599999999999874856, 4.700000000000000178, -2.550000000000004263 ) ) ;
#2464 = AXIS2_PLACEMENT_3D ( 'NONE', #1528, #2542, #257 ) ;
#2465 = CIRCLE ( 'NONE', #2337, 0.4999999999999998890 ) ;
#2466 = DIRECTION ( 'NONE',  ( 0.000000000000000000, 0.000000000000000000, 1.000000000000000000 ) ) ;
#2467 = EDGE_LOOP ( 'NONE', ( #758, #353, #1006, #635 ) ) ;
#2468 = AXIS2_PLACEMENT_3D ( 'NONE', #1638, #1027, #848 ) ;
#2469 = DIRECTION ( 'NONE',  ( 0.000000000000000000, -0.000000000000000000, -1.000000000000000000 ) ) ;
#2470 =( NAMED_UNIT ( * ) PLANE_ANGLE_UNIT ( ) SI_UNIT ( $, .RADIAN. ) );
#2471 = DIRECTION ( 'NONE',  ( 0.000000000000000000, 1.000000000000000000, 0.000000000000000000 ) ) ;
#2472 = EDGE_CURVE ( 'NONE', #2301, #1227, #856, .T. ) ;
#2473 = CYLINDRICAL_SURFACE ( 'NONE', #2642, 0.7999999999999999334 ) ;
#2474 = CARTESIAN_POINT ( 'NONE',  ( -1.500000000000202061, 6.900000000000066080, -1.599999999999937472 ) ) ;
#2475 = VERTEX_POINT ( 'NONE', #1671 ) ;
#2476 = CARTESIAN_POINT ( 'NONE',  ( -1.000000000000203837, 6.400000000000066080, -1.599999999999937694 ) ) ;
#2477 = CARTESIAN_POINT ( 'NONE',  ( -2.500000000000124789, 4.500000000000000888, -3.469446951953614189E-15 ) ) ;
#2478 = EDGE_LOOP ( 'NONE', ( #922, #1273, #1247, #783 ) ) ;
#2479 = ORIENTED_EDGE ( 'NONE', *, *, #800, .T. ) ;
#2480 = ORIENTED_EDGE ( 'NONE', *, *, #2038, .F. ) ;
#2481 = VERTEX_POINT ( 'NONE', #2474 ) ;
#2482 = CARTESIAN_POINT ( 'NONE',  ( -0.4500000000002088996, 6.400000000000066080, -1.599999999999937694 ) ) ;
#2483 = EDGE_LOOP ( 'NONE', ( #1407, #632, #2319, #2126 ) ) ;
#2484 = AXIS2_PLACEMENT_3D ( 'NONE', #192, #2236, #2597 ) ;
#2485 = DIRECTION ( 'NONE',  ( 0.000000000000000000, 0.000000000000000000, 1.000000000000000000 ) ) ;
#2486 = VECTOR ( 'NONE', #2352, 1000.000000000000000 ) ;
#2487 = EDGE_CURVE ( 'NONE', #438, #2409, #465, .T. ) ;
#2488 = CARTESIAN_POINT ( 'NONE',  ( -4.550000000000211209, 6.400000000000066080, -2.099999999999937028 ) ) ;
#2489 = CARTESIAN_POINT ( 'NONE',  ( -5.450000000000208900, 6.400000000000066080, -2.099999999999937028 ) ) ;
#2490 = ORIENTED_EDGE ( 'NONE', *, *, #2237, .F. ) ;
#2491 = LINE ( 'NONE', #425, #495 ) ;
#2492 = CARTESIAN_POINT ( 'NONE',  ( -6.600000000000205702, -0.8499999999999332534, 1.500000000000062839 ) ) ;
#2493 = VERTEX_POINT ( 'NONE', #552 ) ;
#2494 = EDGE_CURVE ( 'NONE', #1163, #1894, #1811, .T. ) ;
#2495 = VERTEX_POINT ( 'NONE', #358 ) ;
#2496 = CARTESIAN_POINT ( 'NONE',  ( -7.400000000000205524, 6.100000000000064482, 1.500000000000062839 ) ) ;
#2497 = ORIENTED_EDGE ( 'NONE', *, *, #1740, .T. ) ;
#2498 = APPROVAL_ROLE ( '' ) ;
#2499 = DIRECTION ( 'NONE',  ( 1.000000000000000000, 2.115516434118057709E-16, -0.000000000000000000 ) ) ;
#2500 = CARTESIAN_POINT ( 'NONE',  ( -2.050000000000210765, 6.400000000000066080, -2.099999999999937472 ) ) ;
#2501 = ADVANCED_FACE ( 'NONE', ( #2324 ), #1529, .T. ) ;
#2502 = FACE_BOUND ( 'NONE', #1106, .T. ) ;
#2503 = DIRECTION ( 'NONE',  ( -0.2588190451025032535, -0.000000000000000000, 0.9659258262890729752 ) ) ;
#2504 = DIRECTION ( 'NONE',  ( 0.000000000000000000, 0.000000000000000000, -1.000000000000000000 ) ) ;
#2505 = EDGE_CURVE ( 'NONE', #644, #1039, #1610, .T. ) ;
#2506 = CARTESIAN_POINT ( 'NONE',  ( -2.500000000000124789, 4.500000000000000888, -3.469446951953614189E-15 ) ) ;
#2507 = ORIENTED_EDGE ( 'NONE', *, *, #1472, .F. ) ;
#2508 = AXIS2_PLACEMENT_3D ( 'NONE', #1159, #1596, #2552 ) ;
#2509 = EDGE_LOOP ( 'NONE', ( #1492, #977, #1272, #1195 ) ) ;
#2510 = VERTEX_POINT ( 'NONE', #2531 ) ;
#2511 = ORIENTED_EDGE ( 'NONE', *, *, #1519, .F. ) ;
#2512 = PLANE ( 'NONE',  #1154 ) ;
#2513 = VECTOR ( 'NONE', #953, 1000.000000000000000 ) ;
#2514 = LINE ( 'NONE', #1936, #1660 ) ;
#2515 = LINE ( 'NONE', #2323, #497 ) ;
#2516 = DIRECTION ( 'NONE',  ( -0.000000000000000000, -1.000000000000000000, -0.000000000000000000 ) ) ;
#2517 = EDGE_LOOP ( 'NONE', ( #1921, #1803, #2030, #2252, #1718, #1054, #1182, #610 ) ) ;
#2518 = CARTESIAN_POINT ( 'NONE',  ( -3.150961894323536239, 2.024500000000066802, -2.550000000000003375 ) ) ;
#2519 = CARTESIAN_POINT ( 'NONE',  ( -4.000000000000202505, 6.400000000000066080, 0.8000000000000550004 ) ) ;
#2520 = EDGE_CURVE ( 'NONE', #1163, #1352, #2606, .T. ) ;
#2521 = EDGE_CURVE ( 'NONE', #2495, #1944, #2341, .T. ) ;
#2522 = VERTEX_POINT ( 'NONE', #298 ) ;
#2523 = ORIENTED_EDGE ( 'NONE', *, *, #570, .T. ) ;
#2524 = VERTEX_POINT ( 'NONE', #286 ) ;
#2525 = DIRECTION ( 'NONE',  ( 0.2588190451025032535, 0.000000000000000000, -0.9659258262890729752 ) ) ;
#2526 = VERTEX_POINT ( 'NONE', #1540 ) ;
#2527 = PERSON_AND_ORGANIZATION_ROLE ( 'creator' ) ;
#2528 = DIRECTION ( 'NONE',  ( -0.000000000000000000, -1.000000000000000000, -0.000000000000000000 ) ) ;
#2529 = FACE_OUTER_BOUND ( 'NONE', #2024, .T. ) ;
#2530 = EDGE_CURVE ( 'NONE', #1285, #1777, #940, .T. ) ;
#2531 = CARTESIAN_POINT ( 'NONE',  ( -0.4500000000001750933, 2.024500000000066802, -1.799999999999928768 ) ) ;
#2532 = LOCAL_TIME ( 19, 53, 40.00000000000000000, #267 ) ;
#2533 = CARTESIAN_POINT ( 'NONE',  ( -1.000000000000203837, 6.400000000000066080, 0.8000000000000541123 ) ) ;
#2534 = DIRECTION ( 'NONE',  ( -1.000000000000000000, -0.000000000000000000, 0.000000000000000000 ) ) ;
#2535 = EDGE_CURVE ( 'NONE', #588, #710, #989, .T. ) ;
#2536 = ORIENTED_EDGE ( 'NONE', *, *, #440, .T. ) ;
#2537 = EDGE_CURVE ( 'NONE', #241, #1817, #2132, .T. ) ;
#2538 = LINE ( 'NONE', #2090, #498 ) ;
#2539 = PERSON_AND_ORGANIZATION_ROLE ( 'classification_officer' ) ;
#2540 = CARTESIAN_POINT ( 'NONE',  ( 0.4499999999998229305, 0.000000000000000000, -1.799999999999929212 ) ) ;
#2541 = EDGE_CURVE ( 'NONE', #1886, #443, #2444, .T. ) ;
#2542 = DIRECTION ( 'NONE',  ( 0.000000000000000000, -1.000000000000000000, 0.000000000000000000 ) ) ;
#2543 = ORIENTED_EDGE ( 'NONE', *, *, #2505, .F. ) ;
#2544 = CARTESIAN_POINT ( 'NONE',  ( 0.9999999999997979394, 6.400000000000066080, -1.599999999999937472 ) ) ;
#2545 = CARTESIAN_POINT ( 'NONE',  ( 2.449999999999874944, 4.700000000000000178, 0.5499999999999967137 ) ) ;
#2546 = DIRECTION ( 'NONE',  ( 0.000000000000000000, -0.000000000000000000, 1.000000000000000000 ) ) ;
#2547 = ORIENTED_EDGE ( 'NONE', *, *, #456, .T. ) ;
#2548 = ORIENTED_EDGE ( 'NONE', *, *, #300, .T. ) ;
#2549 = AXIS2_PLACEMENT_3D ( 'NONE', #283, #306, #926 ) ;
#2550 = CARTESIAN_POINT ( 'NONE',  ( -2.028646749453546369E-13, 5.400000000000066080, -0.9999999999999467093 ) ) ;
#2551 = ORIENTED_EDGE ( 'NONE', *, *, #270, .T. ) ;
#2552 = DIRECTION ( 'NONE',  ( 0.000000000000000000, 0.000000000000000000, 1.000000000000000000 ) ) ;
#2553 = AXIS2_PLACEMENT_3D ( 'NONE', #1960, #1197, #1172 ) ;
#2554 = LINE ( 'NONE', #723, #2195 ) ;
#2555 = VECTOR ( 'NONE', #335, 1000.000000000000000 ) ;
#2556 = EDGE_CURVE ( 'NONE', #13, #910, #1186, .T. ) ;
#2557 = DIRECTION ( 'NONE',  ( 0.9962405881956831744, -0.08662961636484019234, 0.000000000000000000 ) ) ;
#2558 = VECTOR ( 'NONE', #420, 1000.000000000000000 ) ;
#2559 = CARTESIAN_POINT ( 'NONE',  ( -6.600000000000205702, 4.700000000000001066, -2.599999999999936584 ) ) ;
#2560 = ORIENTED_EDGE ( 'NONE', *, *, #743, .T. ) ;
#2561 = PLANE ( 'NONE',  #1048 ) ;
#2562 = ORIENTED_EDGE ( 'NONE', *, *, #1038, .T. ) ;
#2563 = ADVANCED_FACE ( 'NONE', ( #2401 ), #1139, .F. ) ;
#2564 = PLANE ( 'NONE',  #329 ) ;
#2565 = CARTESIAN_POINT ( 'NONE',  ( -2.050000000000210765, 6.900000000000066080, -2.099999999999937472 ) ) ;
#2566 = ORIENTED_EDGE ( 'NONE', *, *, #2089, .F. ) ;
#2567 = CARTESIAN_POINT ( 'NONE',  ( -5.000000000000207834, 6.400000000000066080, -0.9999999999999089617 ) ) ;
#2568 = DIRECTION ( 'NONE',  ( 0.000000000000000000, -1.000000000000000000, -0.000000000000000000 ) ) ;
#2569 = DIRECTION ( 'NONE',  ( 1.000000000000000000, 0.000000000000000000, -0.000000000000000000 ) ) ;
#2570 = VECTOR ( 'NONE', #1266, 1000.000000000000000 ) ;
#2571 = CARTESIAN_POINT ( 'NONE',  ( -4.550000000000211209, 6.900000000000066080, -2.599999999999936584 ) ) ;
#2572 = VECTOR ( 'NONE', #608, 1000.000000000000000 ) ;
#2573 = VERTEX_POINT ( 'NONE', #1797 ) ;
#2574 = CARTESIAN_POINT ( 'NONE',  ( -4.550000000000177458, 2.024500000000066802, -1.799999999999929212 ) ) ;
#2575 = LINE ( 'NONE', #1367, #1743 ) ;
#2576 = ORIENTED_EDGE ( 'NONE', *, *, #750, .F. ) ;
#2577 = LINE ( 'NONE', #2387, #408 ) ;
#2578 = CARTESIAN_POINT ( 'NONE',  ( 0.4499999999997891242, 6.400000000000066080, -1.599999999999937694 ) ) ;
#2579 = EDGE_CURVE ( 'NONE', #1400, #1894, #112, .T. ) ;
#2580 = CARTESIAN_POINT ( 'NONE',  ( 2.399999999999807621, 6.900000000000066969, -3.399999999999936851 ) ) ;
#2581 = LINE ( 'NONE', #139, #2093 ) ;
#2582 = VERTEX_POINT ( 'NONE', #2415 ) ;
#2583 = EDGE_CURVE ( 'NONE', #681, #960, #1397, .T. ) ;
#2584 = EDGE_CURVE ( 'NONE', #765, #2033, #1552, .T. ) ;
#2585 = LINE ( 'NONE', #327, #1499 ) ;
#2586 = ORIENTED_EDGE ( 'NONE', *, *, #788, .F. ) ;
#2587 = CARTESIAN_POINT ( 'NONE',  ( -0.4500000000002088996, 6.900000000000066080, -2.599999999999936584 ) ) ;
#2588 = EDGE_LOOP ( 'NONE', ( #2629, #614, #230, #1467 ) ) ;
#2589 = DIRECTION ( 'NONE',  ( -0.000000000000000000, -1.000000000000000000, 0.000000000000000000 ) ) ;
#2590 = VECTOR ( 'NONE', #759, 1000.000000000000000 ) ;
#2591 = CARTESIAN_POINT ( 'NONE',  ( 0.4499999999997891242, 6.400000000000066080, -2.099999999999937916 ) ) ;
#2592 = ORIENTED_EDGE ( 'NONE', *, *, #899, .T. ) ;
#2593 = AXIS2_PLACEMENT_3D ( 'NONE', #964, #753, #975 ) ;
#2594 = VECTOR ( 'NONE', #72, 1000.000000000000000 ) ;
#2595 = AXIS2_PLACEMENT_3D ( 'NONE', #1573, #2373, #540 ) ;
#2596 = CYLINDRICAL_SURFACE ( 'NONE', #2199, 0.7999999999999990452 ) ;
#2597 = DIRECTION ( 'NONE',  ( 0.000000000000000000, 0.000000000000000000, 1.000000000000000000 ) ) ;
#2598 = ADVANCED_FACE ( 'NONE', ( #1983 ), #579, .F. ) ;
#2599 = ORIENTED_EDGE ( 'NONE', *, *, #2197, .T. ) ;
#2600 = LINE ( 'NONE', #1594, #1741 ) ;
#2601 = ADVANCED_FACE ( 'NONE', ( #2108 ), #1116, .F. ) ;
#2602 = EDGE_CURVE ( 'NONE', #1691, #2084, #829, .T. ) ;
#2603 = ORIENTED_EDGE ( 'NONE', *, *, #825, .T. ) ;
#2604 = DIRECTION ( 'NONE',  ( -0.000000000000000000, -0.000000000000000000, -1.000000000000000000 ) ) ;
#2605 = CARTESIAN_POINT ( 'NONE',  ( -6.600000000000123990, 0.000000000000000000, 1.549999999999996714 ) ) ;
#2606 = LINE ( 'NONE', #1323, #1643 ) ;
#2607 = DIRECTION ( 'NONE',  ( 0.000000000000000000, 0.000000000000000000, -1.000000000000000000 ) ) ;
#2608 = ORIENTED_EDGE ( 'NONE', *, *, #978, .T. ) ;
#2609 = CARTESIAN_POINT ( 'NONE',  ( -6.000000000000204281, 6.900000000000066080, 0.8000000000000550004 ) ) ;
#2610 = EDGE_CURVE ( 'NONE', #1735, #2393, #1454, .T. ) ;
#2611 = ORIENTED_EDGE ( 'NONE', *, *, #2520, .F. ) ;
#2612 = CARTESIAN_POINT ( 'NONE',  ( 0.4999999999998243627, 1.000000000000043299, 2.300000000000063327 ) ) ;
#2613 = ORIENTED_EDGE ( 'NONE', *, *, #2072, .T. ) ;
#2614 = EDGE_CURVE ( 'NONE', #1037, #134, #1014, .T. ) ;
#2615 = LINE ( 'NONE', #811, #923 ) ;
#2616 = ORIENTED_EDGE ( 'NONE', *, *, #151, .T. ) ;
#2617 = CC_DESIGN_PERSON_AND_ORGANIZATION_ASSIGNMENT ( #1526, #1096, ( #2261 ) ) ;
#2618 = CARTESIAN_POINT ( 'NONE',  ( -2.028646749453546369E-13, 5.400000000000066080, -0.9999999999999467093 ) ) ;
#2619 = DIRECTION ( 'NONE',  ( 0.000000000000000000, 0.000000000000000000, -1.000000000000000000 ) ) ;
#2620 = LINE ( 'NONE', #1427, #2201 ) ;
#2621 = ADVANCED_FACE ( 'NONE', ( #1469 ), #1822, .F. ) ;
#2622 = EDGE_CURVE ( 'NONE', #785, #1707, #1211, .T. ) ;
#2623 = ORIENTED_EDGE ( 'NONE', *, *, #1100, .F. ) ;
#2624 = EDGE_LOOP ( 'NONE', ( #1630, #648, #8, #2059 ) ) ;
#2625 = LINE ( 'NONE', #793, #333 ) ;
#2626 = DIRECTION ( 'NONE',  ( 0.000000000000000000, 0.000000000000000000, 1.000000000000000000 ) ) ;
#2627 = VERTEX_POINT ( 'NONE', #419 ) ;
#2628 = PLANE ( 'NONE',  #1761 ) ;
#2629 = ORIENTED_EDGE ( 'NONE', *, *, #135, .T. ) ;
#2630 = PLANE ( 'NONE',  #245 ) ;
#2631 = DIRECTION ( 'NONE',  ( -1.000000000000000000, 0.000000000000000000, 0.000000000000000000 ) ) ;
#2632 = DIRECTION ( 'NONE',  ( 0.000000000000000000, 0.000000000000000000, -1.000000000000000000 ) ) ;
#2633 = ORIENTED_EDGE ( 'NONE', *, *, #1100, .T. ) ;
#2634 = VECTOR ( 'NONE', #1104, 1000.000000000000000 ) ;
#2635 = ADVANCED_FACE ( 'NONE', ( #1625 ), #2430, .F. ) ;
#2636 = EDGE_CURVE ( 'NONE', #1956, #178, #1636, .T. ) ;
#2637 = CARTESIAN_POINT ( 'NONE',  ( -2.500000000000205169, 5.400000000000066080, -0.1999999999999276801 ) ) ;
#2638 = VECTOR ( 'NONE', #1335, 1000.000000000000114 ) ;
#2639 = CIRCLE ( 'NONE', #1990, 0.7999999999999999334 ) ;
#2640 = ORIENTED_EDGE ( 'NONE', *, *, #807, .T. ) ;
#2641 = CARTESIAN_POINT ( 'NONE',  ( -5.500000000000104805, 1.000000000000036415, 2.300000000000063327 ) ) ;
#2642 = AXIS2_PLACEMENT_3D ( 'NONE', #2637, #2052, #596 ) ;
#2643 = EDGE_LOOP ( 'NONE', ( #1112, #907, #1720, #606, #1841, #290, #218, #2611, #545, #2357, #568, #821, #1655, #2603, #791, #1232 ) ) ;
ENDSEC;
END-ISO-10303-21;
