ISO-10303-21;
HEADER;
FILE_DESCRIPTION (( 'STEP AP203' ),
    '1' );
FILE_NAME ('CONNECTOR,JST XH,F,04 PIN.step',
    '2022-03-01T00:53:45',
    ( '' ),
    ( '' ),
    'SwSTEP 2.0',
    'SolidWorks 2020',
    '' );
FILE_SCHEMA (( 'CONFIG_CONTROL_DESIGN' ));
ENDSEC;

DATA;
#1 = ORIENTED_EDGE ( 'NONE', *, *, #732, .T. ) ;
#2 = CARTESIAN_POINT ( 'NONE',  ( -0.4500000000002080669, 6.900000000000063416, -1.599999999999938138 ) ) ;
#3 = VERTEX_POINT ( 'NONE', #1636 ) ;
#4 = PLANE ( 'NONE',  #664 ) ;
#5 = ADVANCED_FACE ( 'NONE', ( #2139 ), #3132, .F. ) ;
#6 = DIRECTION ( 'NONE',  ( 0.000000000000000000, 1.000000000000000000, -0.000000000000000000 ) ) ;
#7 = VERTEX_POINT ( 'NONE', #897 ) ;
#8 = EDGE_CURVE ( 'NONE', #2234, #1893, #363, .T. ) ;
#9 = EDGE_CURVE ( 'NONE', #2686, #1587, #3116, .T. ) ;
#10 = LINE ( 'NONE', #699, #2319 ) ;
#11 = DIRECTION ( 'NONE',  ( 1.000000000000000000, 1.621236893436268400E-16, -0.000000000000000000 ) ) ;
#12 = DIRECTION ( 'NONE',  ( 0.000000000000000000, -1.000000000000000000, 0.000000000000000000 ) ) ;
#13 = ORIENTED_EDGE ( 'NONE', *, *, #1866, .T. ) ;
#14 = DIRECTION ( 'NONE',  ( 0.000000000000000000, 1.000000000000000000, 0.000000000000000000 ) ) ;
#15 = AXIS2_PLACEMENT_3D ( 'NONE', #1880, #1586, #2574 ) ;
#16 = VERTEX_POINT ( 'NONE', #950 ) ;
#17 = DIRECTION ( 'NONE',  ( 1.000000000000000000, 2.014517585005324304E-15, -0.000000000000000000 ) ) ;
#18 = APPLICATION_PROTOCOL_DEFINITION ( 'international standard', 'config_control_design', 1994, #274 ) ;
#19 = ORIENTED_EDGE ( 'NONE', *, *, #2243, .T. ) ;
#20 = DIRECTION ( 'NONE',  ( 0.000000000000000000, -1.000000000000000000, 0.000000000000000000 ) ) ;
#21 = CARTESIAN_POINT ( 'NONE',  ( -6.700000000000177813, 1.000000000000046629, 2.300000000000063327 ) ) ;
#22 = AXIS2_PLACEMENT_3D ( 'NONE', #1619, #2349, #2107 ) ;
#23 = EDGE_LOOP ( 'NONE', ( #2868, #2850, #1014, #414 ) ) ;
#24 = DIRECTION ( 'NONE',  ( 1.000000000000000000, 0.000000000000000000, -1.626303258728266758E-16 ) ) ;
#25 = DIRECTION ( 'NONE',  ( 0.000000000000000000, 0.000000000000000000, 1.000000000000000000 ) ) ;
#26 = EDGE_CURVE ( 'NONE', #800, #30, #2436, .T. ) ;
#27 = FACE_OUTER_BOUND ( 'NONE', #1426, .T. ) ;
#28 = ORIENTED_EDGE ( 'NONE', *, *, #842, .T. ) ;
#29 = CARTESIAN_POINT ( 'NONE',  ( -2.500000000000125677, 0.000000000000000000, 1.387778780781445676E-14 ) ) ;
#30 = VERTEX_POINT ( 'NONE', #474 ) ;
#31 = CARTESIAN_POINT ( 'NONE',  ( -7.950000000000207123, 6.900000000000061640, -2.599999999999936584 ) ) ;
#32 =( NAMED_UNIT ( * ) PLANE_ANGLE_UNIT ( ) SI_UNIT ( $, .RADIAN. ) );
#33 = ORIENTED_EDGE ( 'NONE', *, *, #1254, .F. ) ;
#34 = CARTESIAN_POINT ( 'NONE',  ( -2.950000000000185363, 0.000000000000000000, -1.799999999999928768 ) ) ;
#35 = CARTESIAN_POINT ( 'NONE',  ( -7.950000000000207123, 6.400000000000062528, -1.599999999999937028 ) ) ;
#36 = ORIENTED_EDGE ( 'NONE', *, *, #842, .F. ) ;
#37 = LINE ( 'NONE', #2020, #2945 ) ;
#38 = LINE ( 'NONE', #824, #559 ) ;
#39 = CIRCLE ( 'NONE', #2110, 0.7999999999999990452 ) ;
#40 = ORIENTED_EDGE ( 'NONE', *, *, #2260, .F. ) ;
#41 = AXIS2_PLACEMENT_3D ( 'NONE', #1711, #770, #2233 ) ;
#42 = AXIS2_PLACEMENT_3D ( 'NONE', #86, #1019, #24 ) ;
#43 = DIRECTION ( 'NONE',  ( 0.000000000000000000, 1.000000000000000000, 0.000000000000000000 ) ) ;
#44 = ORIENTED_EDGE ( 'NONE', *, *, #1948, .T. ) ;
#45 = EDGE_CURVE ( 'NONE', #3000, #299, #2644, .T. ) ;
#46 = CARTESIAN_POINT ( 'NONE',  ( -7.050000000000208544, 6.400000000000062528, -1.599999999999937028 ) ) ;
#47 = AXIS2_PLACEMENT_3D ( 'NONE', #417, #2885, #386 ) ;
#48 = VERTEX_POINT ( 'NONE', #425 ) ;
#49 = ORIENTED_EDGE ( 'NONE', *, *, #1690, .T. ) ;
#50 = VECTOR ( 'NONE', #577, 1000.000000000000000 ) ;
#51 = EDGE_CURVE ( 'NONE', #2777, #3183, #226, .T. ) ;
#52 = EDGE_CURVE ( 'NONE', #424, #3074, #2189, .T. ) ;
#53 = DIRECTION ( 'NONE',  ( 0.000000000000000000, 0.000000000000000000, 1.000000000000000000 ) ) ;
#54 = ORIENTED_EDGE ( 'NONE', *, *, #745, .F. ) ;
#55 = LINE ( 'NONE', #1754, #812 ) ;
#56 = AXIS2_PLACEMENT_3D ( 'NONE', #1286, #1318, #2308 ) ;
#57 = DIRECTION ( 'NONE',  ( 0.000000000000000000, -1.000000000000000000, 1.084202172485504828E-15 ) ) ;
#58 = EDGE_LOOP ( 'NONE', ( #1682, #1025, #1309, #2079, #1206, #2590, #867, #879, #2225, #2304, #1396, #1529, #642, #170, #2605, #1147, #1320, #2549, #754, #2546 ) ) ;
#59 = FACE_OUTER_BOUND ( 'NONE', #1028, .T. ) ;
#60 = CARTESIAN_POINT ( 'NONE',  ( -2.500000000000206057, 6.400000000000062528, 0.6000000000000775824 ) ) ;
#61 = ORIENTED_EDGE ( 'NONE', *, *, #52, .T. ) ;
#62 = CARTESIAN_POINT ( 'NONE',  ( -2.050000000000208988, 6.400000000000062528, -2.099999999999945910 ) ) ;
#63 = ORIENTED_EDGE ( 'NONE', *, *, #537, .F. ) ;
#64 = LINE ( 'NONE', #110, #294 ) ;
#65 = ADVANCED_FACE ( 'NONE', ( #2959 ), #726, .F. ) ;
#66 = ORIENTED_EDGE ( 'NONE', *, *, #580, .T. ) ;
#67 = DIRECTION ( 'NONE',  ( 0.000000000000000000, 0.000000000000000000, -1.000000000000000000 ) ) ;
#68 = ORIENTED_EDGE ( 'NONE', *, *, #2616, .F. ) ;
#69 = DIRECTION ( 'NONE',  ( 0.000000000000000000, 0.000000000000000000, 1.000000000000000000 ) ) ;
#70 = ADVANCED_FACE ( 'NONE', ( #1947 ), #2202, .T. ) ;
#71 = DIRECTION ( 'NONE',  ( 2.380993006242670805E-15, -1.000000000000000000, 0.000000000000000000 ) ) ;
#72 = EDGE_LOOP ( 'NONE', ( #528, #343, #2669, #3039 ) ) ;
#73 = CARTESIAN_POINT ( 'NONE',  ( -7.200000000000187583, 6.900000000000062528, 1.500000000000061950 ) ) ;
#74 = FACE_OUTER_BOUND ( 'NONE', #1564, .T. ) ;
#75 = ORIENTED_EDGE ( 'NONE', *, *, #3021, .T. ) ;
#76 = LINE ( 'NONE', #2799, #50 ) ;
#77 = CARTESIAN_POINT ( 'NONE',  ( -3.500000000000201617, 6.400000000000062528, 0.8000000000000541123 ) ) ;
#78 = LINE ( 'NONE', #843, #1601 ) ;
#79 = ORIENTED_EDGE ( 'NONE', *, *, #1555, .T. ) ;
#80 = DIRECTION ( 'NONE',  ( 0.9962405881956827303, -0.08662961636484541039, 0.000000000000000000 ) ) ;
#81 = EDGE_CURVE ( 'NONE', #1373, #2777, #2938, .T. ) ;
#82 = ADVANCED_FACE ( 'NONE', ( #1707 ), #2154, .F. ) ;
#83 = DIRECTION ( 'NONE',  ( -1.000000000000000000, -2.380993006242670805E-15, 0.000000000000000000 ) ) ;
#84 = ORIENTED_EDGE ( 'NONE', *, *, #2671, .T. ) ;
#85 = EDGE_LOOP ( 'NONE', ( #707, #2520, #1101, #1370, #2030, #2755, #2695, #40, #776, #2928, #2987, #1221, #958, #767, #2114, #422, #630, #1878, #1314, #892 ) ) ;
#86 = CARTESIAN_POINT ( 'NONE',  ( -6.000000000000201617, 6.400000000000062528, 0.8000000000000541123 ) ) ;
#87 = DIRECTION ( 'NONE',  ( 0.000000000000000000, 0.000000000000000000, 1.000000000000000000 ) ) ;
#88 = ORIENTED_EDGE ( 'NONE', *, *, #2842, .T. ) ;
#89 = VECTOR ( 'NONE', #2346, 1000.000000000000000 ) ;
#90 = DIRECTION ( 'NONE',  ( -1.000000000000000000, -1.621236893436268400E-16, 0.000000000000000000 ) ) ;
#91 = LINE ( 'NONE', #2566, #92 ) ;
#92 = VECTOR ( 'NONE', #2329, 1000.000000000000000 ) ;
#93 = CIRCLE ( 'NONE', #1906, 0.8000000000000009326 ) ;
#94 = FACE_BOUND ( 'NONE', #545, .T. ) ;
#95 = AXIS2_PLACEMENT_3D ( 'NONE', #685, #1191, #230 ) ;
#96 = SECURITY_CLASSIFICATION ( '', '', #1570 ) ;
#97 = EDGE_LOOP ( 'NONE', ( #1943, #1284, #1329, #213 ) ) ;
#98 = FACE_BOUND ( 'NONE', #1010, .T. ) ;
#99 = VECTOR ( 'NONE', #1583, 1000.000000000000000 ) ;
#100 = CARTESIAN_POINT ( 'NONE',  ( -1.000000000000202505, 6.400000000000062528, 0.8000000000000532241 ) ) ;
#101 = VECTOR ( 'NONE', #1457, 1000.000000000000000 ) ;
#102 = ORIENTED_EDGE ( 'NONE', *, *, #3161, .F. ) ;
#103 = VERTEX_POINT ( 'NONE', #663 ) ;
#104 = LINE ( 'NONE', #1086, #2369 ) ;
#105 = LINE ( 'NONE', #1872, #2368 ) ;
#106 = ORIENTED_EDGE ( 'NONE', *, *, #898, .F. ) ;
#107 = ADVANCED_FACE ( 'NONE', ( #2450 ), #1725, .F. ) ;
#108 = ADVANCED_FACE ( 'NONE', ( #1463 ), #2221, .F. ) ;
#109 = DIRECTION ( 'NONE',  ( -0.000000000000000000, -1.000000000000000000, -0.000000000000000000 ) ) ;
#110 = CARTESIAN_POINT ( 'NONE',  ( -7.500000000000203393, 5.400000000000062528, -0.9999999999998873124 ) ) ;
#111 = ORIENTED_EDGE ( 'NONE', *, *, #1714, .F. ) ;
#112 = CARTESIAN_POINT ( 'NONE',  ( -7.500000000000124345, 4.500000000000000888, -0.4999999999999508726 ) ) ;
#113 = ORIENTED_EDGE ( 'NONE', *, *, #439, .F. ) ;
#114 = DIRECTION ( 'NONE',  ( 1.000000000000000000, 1.621236893436268400E-16, -0.000000000000000000 ) ) ;
#115 = CARTESIAN_POINT ( 'NONE',  ( 2.399999999999805844, 6.900000000000063416, -0.4881197846482317471 ) ) ;
#116 = ORIENTED_EDGE ( 'NONE', *, *, #1351, .T. ) ;
#117 = ORIENTED_EDGE ( 'NONE', *, *, #2558, .T. ) ;
#118 = LINE ( 'NONE', #2625, #1071 ) ;
#119 = CIRCLE ( 'NONE', #1932, 0.4999999999999998890 ) ;
#120 = LINE ( 'NONE', #133, #2787 ) ;
#121 = VERTEX_POINT ( 'NONE', #2709 ) ;
#122 = DIRECTION ( 'NONE',  ( -0.000000000000000000, -0.000000000000000000, -1.000000000000000000 ) ) ;
#123 = DIRECTION ( 'NONE',  ( -4.818676322157808222E-16, 0.000000000000000000, 1.000000000000000000 ) ) ;
#124 = EDGE_CURVE ( 'NONE', #2777, #964, #240, .T. ) ;
#125 = ADVANCED_FACE ( 'NONE', ( #2656 ), #4, .T. ) ;
#126 = LINE ( 'NONE', #1175, #2898 ) ;
#127 = ORIENTED_EDGE ( 'NONE', *, *, #2824, .F. ) ;
#128 = CARTESIAN_POINT ( 'NONE',  ( -9.100000000000205702, 6.900000000000061640, -1.599999999999937694 ) ) ;
#129 = CARTESIAN_POINT ( 'NONE',  ( -5.450000000000206235, 6.900000000000062528, -2.599999999999936584 ) ) ;
#130 = ORIENTED_EDGE ( 'NONE', *, *, #204, .F. ) ;
#131 = ORIENTED_EDGE ( 'NONE', *, *, #1886, .F. ) ;
#132 = LINE ( 'NONE', #836, #1645 ) ;
#133 = CARTESIAN_POINT ( 'NONE',  ( -9.100000000000125766, 0.000000000000000000, 1.549999999999996714 ) ) ;
#134 = ORIENTED_EDGE ( 'NONE', *, *, #2817, .T. ) ;
#135 = DIRECTION ( 'NONE',  ( 0.000000000000000000, 1.000000000000000000, 0.000000000000000000 ) ) ;
#136 = CARTESIAN_POINT ( 'NONE',  ( -1.253337711393243126E-13, 4.500000000000000888, 0.4999999999999972800 ) ) ;
#137 = DIRECTION ( 'NONE',  ( 0.2588190451025207950, 0.000000000000000000, -0.9659258262890683122 ) ) ;
#138 = VECTOR ( 'NONE', #1566, 1000.000000000000000 ) ;
#139 = EDGE_LOOP ( 'NONE', ( #117, #2005, #1639, #2513, #794, #2875 ) ) ;
#140 = DIRECTION ( 'NONE',  ( 0.000000000000000000, -0.000000000000000000, -1.000000000000000000 ) ) ;
#141 = EDGE_CURVE ( 'NONE', #2691, #179, #1427, .T. ) ;
#142 = EDGE_CURVE ( 'NONE', #1138, #428, #1931, .T. ) ;
#143 = AXIS2_PLACEMENT_3D ( 'NONE', #1765, #1067, #1283 ) ;
#144 = VECTOR ( 'NONE', #648, 1000.000000000000000 ) ;
#145 = CC_DESIGN_APPROVAL ( #384, ( #96 ) ) ;
#146 = PLANE ( 'NONE',  #15 ) ;
#147 = ORIENTED_EDGE ( 'NONE', *, *, #2882, .F. ) ;
#148 = VERTEX_POINT ( 'NONE', #455 ) ;
#149 = CIRCLE ( 'NONE', #565, 0.8000000000000025979 ) ;
#150 = VECTOR ( 'NONE', #978, 1000.000000000000000 ) ;
#151 = CARTESIAN_POINT ( 'NONE',  ( 0.4999999999998278599, 1.000000000000054845, 2.300000000000063327 ) ) ;
#152 = DIRECTION ( 'NONE',  ( 2.115516434118057462E-16, 0.000000000000000000, 1.000000000000000000 ) ) ;
#153 = ORIENTED_EDGE ( 'NONE', *, *, #1628, .F. ) ;
#154 = PLANE ( 'NONE',  #2735 ) ;
#155 = LINE ( 'NONE', #3090, #2891 ) ;
#156 = DIRECTION ( 'NONE',  ( 0.000000000000000000, -0.000000000000000000, -1.000000000000000000 ) ) ;
#157 = VERTEX_POINT ( 'NONE', #1447 ) ;
#158 = CARTESIAN_POINT ( 'NONE',  ( -7.050000000000208544, 6.400000000000062528, -1.599999999999944800 ) ) ;
#159 = CARTESIAN_POINT ( 'NONE',  ( -4.550000000000209432, 6.400000000000062528, -1.599999999999945244 ) ) ;
#160 = VERTEX_POINT ( 'NONE', #211 ) ;
#161 = EDGE_CURVE ( 'NONE', #2213, #346, #352, .T. ) ;
#162 = VERTEX_POINT ( 'NONE', #2791 ) ;
#163 = DIRECTION ( 'NONE',  ( 0.000000000000000000, 0.000000000000000000, -1.000000000000000000 ) ) ;
#164 = FACE_OUTER_BOUND ( 'NONE', #599, .T. ) ;
#165 = ORIENTED_EDGE ( 'NONE', *, *, #2635, .F. ) ;
#166 = LINE ( 'NONE', #1154, #1385 ) ;
#167 = DIRECTION ( 'NONE',  ( 0.000000000000000000, 0.000000000000000000, 1.000000000000000000 ) ) ;
#168 = ORIENTED_EDGE ( 'NONE', *, *, #1589, .T. ) ;
#169 = DIRECTION ( 'NONE',  ( -1.000000000000000000, 0.000000000000000000, 4.818676322157810194E-16 ) ) ;
#170 = ORIENTED_EDGE ( 'NONE', *, *, #2127, .T. ) ;
#171 = CARTESIAN_POINT ( 'NONE',  ( 2.399999999999811173, 6.900000000000063416, 1.500000000000062839 ) ) ;
#172 = DIRECTION ( 'NONE',  ( -0.2588190451025208505, 0.000000000000000000, -0.9659258262890683122 ) ) ;
#173 = ORIENTED_EDGE ( 'NONE', *, *, #2925, .T. ) ;
#174 = CARTESIAN_POINT ( 'NONE',  ( -1.500000000000213829, 6.400000000000062528, -1.599999999999945688 ) ) ;
#175 = ADVANCED_FACE ( 'NONE', ( #1539, #3036 ), #1263, .F. ) ;
#176 = EDGE_CURVE ( 'NONE', #376, #3045, #2481, .T. ) ;
#177 = CARTESIAN_POINT ( 'NONE',  ( -7.050000000000187228, 2.020000000000063523, -1.799999999999928324 ) ) ;
#178 = DIRECTION ( 'NONE',  ( 0.2588190451025207950, 0.000000000000000000, -0.9659258262890683122 ) ) ;
#179 = VERTEX_POINT ( 'NONE', #1773 ) ;
#180 = ADVANCED_FACE ( 'NONE', ( #1248 ), #501, .T. ) ;
#181 = EDGE_CURVE ( 'NONE', #2560, #1507, #3007, .T. ) ;
#182 = DIRECTION ( 'NONE',  ( -0.8660254037844361541, -1.404032335268369279E-16, 0.5000000000000042188 ) ) ;
#183 = LINE ( 'NONE', #1170, #2624 ) ;
#184 = EDGE_LOOP ( 'NONE', ( #1848, #268, #2860, #1778 ) ) ;
#185 = LINE ( 'NONE', #1649, #3103 ) ;
#186 = VERTEX_POINT ( 'NONE', #2044 ) ;
#187 = CARTESIAN_POINT ( 'NONE',  ( -9.100000000000205702, -0.8499999999999366951, 1.500000000000062839 ) ) ;
#188 = EDGE_LOOP ( 'NONE', ( #2597, #680, #3115, #1802 ) ) ;
#189 = VECTOR ( 'NONE', #2099, 1000.000000000000000 ) ;
#190 = CARTESIAN_POINT ( 'NONE',  ( -9.100000000000205702, 6.100000000000060929, -2.599999999999936584 ) ) ;
#191 = EDGE_LOOP ( 'NONE', ( #3121, #2507, #2090, #44 ) ) ;
#192 = DIRECTION ( 'NONE',  ( 0.2588190451025207950, 0.000000000000000000, -0.9659258262890683122 ) ) ;
#193 = VECTOR ( 'NONE', #2960, 1000.000000000000000 ) ;
#194 = LOCAL_TIME ( 19, 53, 45.00000000000000000, #2555 ) ;
#195 = DIRECTION ( 'NONE',  ( -0.000000000000000000, -0.000000000000000000, -1.000000000000000000 ) ) ;
#196 = CARTESIAN_POINT ( 'NONE',  ( -1.849038105676825472, 2.020000000000063523, -2.550000000000003375 ) ) ;
#197 = AXIS2_PLACEMENT_3D ( 'NONE', #2502, #2796, #278 ) ;
#198 = EDGE_LOOP ( 'NONE', ( #275, #1522, #2647, #3186 ) ) ;
#199 = VECTOR ( 'NONE', #3128, 1000.000000000000000 ) ;
#200 = AXIS2_PLACEMENT_3D ( 'NONE', #795, #3080, #2283 ) ;
#201 = CARTESIAN_POINT ( 'NONE',  ( 2.399999999999811173, 6.100000000000060929, 1.500000000000062839 ) ) ;
#202 = DIRECTION ( 'NONE',  ( 0.000000000000000000, 1.000000000000000000, -0.000000000000000000 ) ) ;
#203 = AXIS2_PLACEMENT_3D ( 'NONE', #62, #527, #1579 ) ;
#204 = EDGE_CURVE ( 'NONE', #2498, #7, #55, .T. ) ;
#205 = FACE_OUTER_BOUND ( 'NONE', #547, .T. ) ;
#206 = FACE_OUTER_BOUND ( 'NONE', #1668, .T. ) ;
#207 = ORIENTED_EDGE ( 'NONE', *, *, #1232, .F. ) ;
#208 = PLANE ( 'NONE',  #1913 ) ;
#209 = LINE ( 'NONE', #3182, #3023 ) ;
#210 = ORIENTED_EDGE ( 'NONE', *, *, #2655, .T. ) ;
#211 = CARTESIAN_POINT ( 'NONE',  ( -5.000000000000126121, 4.500000000000000888, -0.4999999999999684697 ) ) ;
#212 = CARTESIAN_POINT ( 'NONE',  ( -0.8000000000001955547, 1.000000000000051292, 2.300000000000063327 ) ) ;
#213 = ORIENTED_EDGE ( 'NONE', *, *, #218, .F. ) ;
#214 = CARTESIAN_POINT ( 'NONE',  ( -3.500000000000201617, 6.400000000000062528, 0.8000000000000541123 ) ) ;
#215 = CARTESIAN_POINT ( 'NONE',  ( 2.399999999999811173, 6.900000000000063416, -2.599999999999936584 ) ) ;
#216 = VECTOR ( 'NONE', #2137, 1000.000000000000000 ) ;
#217 = CARTESIAN_POINT ( 'NONE',  ( -7.500000000000203393, 5.400000000000062528, -0.1999999999998882116 ) ) ;
#218 = EDGE_CURVE ( 'NONE', #438, #244, #2988, .T. ) ;
#219 = EDGE_CURVE ( 'NONE', #1955, #376, #2973, .T. ) ;
#220 = CARTESIAN_POINT ( 'NONE',  ( -0.8000000000001903366, 6.100000000000060929, 1.500000000000062839 ) ) ;
#221 = ORIENTED_EDGE ( 'NONE', *, *, #2243, .F. ) ;
#222 = CARTESIAN_POINT ( 'NONE',  ( -0.8000000000001885603, 6.100000000000060929, 2.300000000000063327 ) ) ;
#223 = ORIENTED_EDGE ( 'NONE', *, *, #2238, .F. ) ;
#224 = CARTESIAN_POINT ( 'NONE',  ( 2.399999999999811173, 6.900000000000063416, -2.599999999999936584 ) ) ;
#225 = EDGE_LOOP ( 'NONE', ( #1347, #2273, #2196, #36 ) ) ;
#226 = LINE ( 'NONE', #2399, #1281 ) ;
#227 = EDGE_CURVE ( 'NONE', #1822, #930, #2760, .T. ) ;
#228 = LINE ( 'NONE', #2205, #3147 ) ;
#229 = ORIENTED_EDGE ( 'NONE', *, *, #2537, .T. ) ;
#230 = DIRECTION ( 'NONE',  ( 0.000000000000000000, 0.000000000000000000, 1.000000000000000000 ) ) ;
#231 = CARTESIAN_POINT ( 'NONE',  ( 2.449999999999874944, 4.700000000000001066, -2.550000000000003819 ) ) ;
#232 = PLANE ( 'NONE',  #255 ) ;
#233 = CARTESIAN_POINT ( 'NONE',  ( 0.4499999999997899569, 6.400000000000062528, -1.599999999999946132 ) ) ;
#234 = EDGE_CURVE ( 'NONE', #1244, #1873, #1995, .T. ) ;
#235 = VERTEX_POINT ( 'NONE', #2724 ) ;
#236 = DIRECTION ( 'NONE',  ( 0.000000000000000000, 0.000000000000000000, 1.000000000000000000 ) ) ;
#237 = ORIENTED_EDGE ( 'NONE', *, *, #2001, .F. ) ;
#238 = LINE ( 'NONE', #2653, #1207 ) ;
#239 = ORIENTED_EDGE ( 'NONE', *, *, #985, .F. ) ;
#240 = LINE ( 'NONE', #1670, #2115 ) ;
#241 = ADVANCED_FACE ( 'NONE', ( #768 ), #2744, .T. ) ;
#242 = EDGE_CURVE ( 'NONE', #3151, #2691, #1740, .T. ) ;
#243 = CARTESIAN_POINT ( 'NONE',  ( -0.4500000000001854739, 0.000000000000000000, -1.799999999999928768 ) ) ;
#244 = VERTEX_POINT ( 'NONE', #310 ) ;
#245 = VECTOR ( 'NONE', #3190, 1000.000000000000114 ) ;
#246 = AXIS2_PLACEMENT_3D ( 'NONE', #2751, #554, #2797 ) ;
#247 = AXIS2_PLACEMENT_3D ( 'NONE', #788, #292, #2727 ) ;
#248 = CARTESIAN_POINT ( 'NONE',  ( -5.000000000000126121, 4.500000000000000888, 3.165870343657672947E-14 ) ) ;
#249 = CC_DESIGN_SECURITY_CLASSIFICATION ( #96, ( #1701 ) ) ;
#250 = CARTESIAN_POINT ( 'NONE',  ( 1.599999999999810685, -0.8499999999999366951, 1.500000000000062839 ) ) ;
#251 = CLOSED_SHELL ( 'NONE', ( #882, #2940, #2141, #3174, #1777, #2088, #1150, #1666, #2518, #1456, #1750, #477, #1987, #2223, #341, #321, #2615, #5, #2983, #2823, #2641, #3197, #65, #1609, #2573, #2802, #841, #3113, #2781, #1253, #1927, #1428, #693, #785, #1030, #2782, #364, #395, #673, #107, #1792, #711, #1352, #2717, #1198, #125, #443, #483, #2862, #2069, #2419, #108, #1325, #1588, #1812, #2026, #947, #1672, #1210, #2401, #2920, #2340, #716, #175, #828, #436, #2121, #2357, #1530, #291, #180, #3037, #769, #2106, #3001, #1772, #2572, #1582, #1671, #2482, #1531, #241, #2380, #1485, #2461, #597, #2718, #302, #70, #806, #2006, #2143, #2676, #3119, #1216, #523, #82, #2420, #2761, #1905, #969, #2935, #1089, #1109 ) ) ;
#252 = VECTOR ( 'NONE', #14, 1000.000000000000000 ) ;
#253 = CARTESIAN_POINT ( 'NONE',  ( -5.000000000000205169, 5.400000000000062528, 0.6000000000000971223 ) ) ;
#254 = ORIENTED_EDGE ( 'NONE', *, *, #2655, .F. ) ;
#255 = AXIS2_PLACEMENT_3D ( 'NONE', #2664, #1195, #2426 ) ;
#256 = CARTESIAN_POINT ( 'NONE',  ( -7.950000000000207123, 6.400000000000062528, -2.099999999999944578 ) ) ;
#257 = ORIENTED_EDGE ( 'NONE', *, *, #1064, .T. ) ;
#258 = DIRECTION ( 'NONE',  ( 0.000000000000000000, 1.000000000000000000, 0.000000000000000000 ) ) ;
#259 = EDGE_LOOP ( 'NONE', ( #3061, #901 ) ) ;
#260 = CARTESIAN_POINT ( 'NONE',  ( 0.4499999999997899569, 6.400000000000062528, -2.099999999999946354 ) ) ;
#261 = EDGE_CURVE ( 'NONE', #603, #872, #1011, .T. ) ;
#262 = DIRECTION ( 'NONE',  ( -0.000000000000000000, -0.000000000000000000, -1.000000000000000000 ) ) ;
#263 = ORIENTED_EDGE ( 'NONE', *, *, #301, .T. ) ;
#264 = CARTESIAN_POINT ( 'NONE',  ( -6.700000000000177813, 1.000000000000046629, 2.300000000000063327 ) ) ;
#265 = DIRECTION ( 'NONE',  ( 0.000000000000000000, 1.000000000000000000, 0.000000000000000000 ) ) ;
#266 = CARTESIAN_POINT ( 'NONE',  ( -6.500000000000214051, 6.900000000000061640, 0.8000000000000541123 ) ) ;
#267 = DIRECTION ( 'NONE',  ( -1.000000000000000000, 0.000000000000000000, -0.000000000000000000 ) ) ;
#268 = ORIENTED_EDGE ( 'NONE', *, *, #2002, .T. ) ;
#269 = LINE ( 'NONE', #1917, #510 ) ;
#270 = CARTESIAN_POINT ( 'NONE',  ( -0.8000000000001955547, 1.000000000000047518, 2.300000000000063327 ) ) ;
#271 = EDGE_LOOP ( 'NONE', ( #1783, #340, #1542, #106 ) ) ;
#272 = LINE ( 'NONE', #996, #2532 ) ;
#273 = FACE_OUTER_BOUND ( 'NONE', #2460, .T. ) ;
#274 = APPLICATION_CONTEXT ( 'configuration controlled 3d designs of mechanical parts and assemblies' ) ;
#275 = ORIENTED_EDGE ( 'NONE', *, *, #1966, .F. ) ;
#276 = EDGE_CURVE ( 'NONE', #1424, #2723, #2745, .T. ) ;
#277 = EDGE_CURVE ( 'NONE', #2024, #2466, #1508, .T. ) ;
#278 = DIRECTION ( 'NONE',  ( 0.000000000000000000, 0.000000000000000000, -1.000000000000000000 ) ) ;
#279 = CARTESIAN_POINT ( 'NONE',  ( 2.449999999999874944, 4.700000000000000178, 0.5499999999999967137 ) ) ;
#280 = EDGE_CURVE ( 'NONE', #1472, #290, #272, .T. ) ;
#281 = EDGE_CURVE ( 'NONE', #2970, #2185, #536, .T. ) ;
#282 = DIRECTION ( 'NONE',  ( 0.000000000000000000, 0.000000000000000000, 1.000000000000000000 ) ) ;
#283 = ORIENTED_EDGE ( 'NONE', *, *, #2939, .F. ) ;
#284 = FACE_OUTER_BOUND ( 'NONE', #1088, .T. ) ;
#285 = CARTESIAN_POINT ( 'NONE',  ( -5.450000000000206235, 6.400000000000062528, -2.099999999999945022 ) ) ;
#286 = PERSON_AND_ORGANIZATION ( #1378, #2736 ) ;
#287 = EDGE_LOOP ( 'NONE', ( #647, #2307, #2790, #207 ) ) ;
#288 = DIRECTION ( 'NONE',  ( 0.000000000000000000, 1.000000000000000000, 0.000000000000000000 ) ) ;
#289 = DIRECTION ( 'NONE',  ( 0.000000000000000000, 0.000000000000000000, -1.000000000000000000 ) ) ;
#290 = VERTEX_POINT ( 'NONE', #550 ) ;
#291 = ADVANCED_FACE ( 'NONE', ( #1819 ), #1371, .F. ) ;
#292 = DIRECTION ( 'NONE',  ( -0.9659258262890683122, 0.000000000000000000, 0.2588190451025209060 ) ) ;
#293 = FACE_OUTER_BOUND ( 'NONE', #669, .T. ) ;
#294 = VECTOR ( 'NONE', #1092, 1000.000000000000000 ) ;
#295 = ORIENTED_EDGE ( 'NONE', *, *, #2046, .F. ) ;
#296 = VECTOR ( 'NONE', #2386, 1000.000000000000000 ) ;
#297 = AXIS2_PLACEMENT_3D ( 'NONE', #1883, #1348, #3105 ) ;
#298 = DIRECTION ( 'NONE',  ( 1.000000000000000000, 1.621236893436268400E-16, -0.000000000000000000 ) ) ;
#299 = VERTEX_POINT ( 'NONE', #1632 ) ;
#300 = PLANE ( 'NONE',  #452 ) ;
#301 = EDGE_CURVE ( 'NONE', #428, #2560, #2057, .T. ) ;
#302 = ADVANCED_FACE ( 'NONE', ( #643 ), #3095, .T. ) ;
#303 = AXIS2_PLACEMENT_3D ( 'NONE', #1233, #1203, #1219 ) ;
#304 = VECTOR ( 'NONE', #2156, 1000.000000000000000 ) ;
#305 = ORIENTED_EDGE ( 'NONE', *, *, #2693, .T. ) ;
#306 = AXIS2_PLACEMENT_3D ( 'NONE', #2511, #2232, #1035 ) ;
#307 = LINE ( 'NONE', #2028, #2323 ) ;
#308 = APPROVAL_DATE_TIME ( #2527, #3118 ) ;
#309 = ORIENTED_EDGE ( 'NONE', *, *, #142, .F. ) ;
#310 = CARTESIAN_POINT ( 'NONE',  ( -7.050000000000208544, 6.900000000000061640, -1.599999999999944800 ) ) ;
#311 = AXIS2_PLACEMENT_3D ( 'NONE', #2132, #135, #1887 ) ;
#312 = CARTESIAN_POINT ( 'NONE',  ( -9.100000000000205702, 6.900000000000061640, 0.8000000000000541123 ) ) ;
#313 = VERTEX_POINT ( 'NONE', #863 ) ;
#314 = DIRECTION ( 'NONE',  ( 1.000000000000000000, 0.000000000000000000, -0.000000000000000000 ) ) ;
#315 = LINE ( 'NONE', #2036, #1698 ) ;
#316 = VERTEX_POINT ( 'NONE', #1129 ) ;
#317 = LINE ( 'NONE', #2504, #1450 ) ;
#318 = ORIENTED_EDGE ( 'NONE', *, *, #442, .T. ) ;
#319 = PLANE ( 'NONE',  #1804 ) ;
#320 = EDGE_CURVE ( 'NONE', #530, #2780, #584, .T. ) ;
#321 = ADVANCED_FACE ( 'NONE', ( #2557 ), #1879, .F. ) ;
#322 = LINE ( 'NONE', #594, #1023 ) ;
#323 = APPLICATION_PROTOCOL_DEFINITION ( 'international standard', 'config_control_design', 1994, #2657 ) ;
#324 = ORIENTED_EDGE ( 'NONE', *, *, #745, .T. ) ;
#325 = DIRECTION ( 'NONE',  ( -1.000000000000000000, -1.621236893436268400E-16, 0.000000000000000000 ) ) ;
#326 = VECTOR ( 'NONE', #2382, 1000.000000000000000 ) ;
#327 = LINE ( 'NONE', #1312, #886 ) ;
#328 = VERTEX_POINT ( 'NONE', #2857 ) ;
#329 = AXIS2_PLACEMENT_3D ( 'NONE', #35, #2748, #2047 ) ;
#330 = DIRECTION ( 'NONE',  ( 0.000000000000000000, 1.000000000000000000, 0.000000000000000000 ) ) ;
#331 = CYLINDRICAL_SURFACE ( 'NONE', #1957, 0.5000000000000001110 ) ;
#332 = VERTEX_POINT ( 'NONE', #2619 ) ;
#333 = FACE_OUTER_BOUND ( 'NONE', #2199, .T. ) ;
#334 = CARTESIAN_POINT ( 'NONE',  ( -5.450000000000206235, 6.400000000000062528, -2.099999999999945022 ) ) ;
#335 = VERTEX_POINT ( 'NONE', #1833 ) ;
#336 = DIRECTION ( 'NONE',  ( 1.000000000000000000, -0.000000000000000000, 0.000000000000000000 ) ) ;
#337 = ORIENTED_EDGE ( 'NONE', *, *, #764, .F. ) ;
#338 = FACE_BOUND ( 'NONE', #1781, .T. ) ;
#339 = CARTESIAN_POINT ( 'NONE',  ( -9.900000000000204636, 6.100000000000060929, -2.599999999999936584 ) ) ;
#340 = ORIENTED_EDGE ( 'NONE', *, *, #2237, .F. ) ;
#341 = ADVANCED_FACE ( 'NONE', ( #2822, #338, #596, #1082, #98 ), #2806, .T. ) ;
#342 = EDGE_CURVE ( 'NONE', #932, #1963, #2124, .T. ) ;
#343 = ORIENTED_EDGE ( 'NONE', *, *, #2007, .T. ) ;
#344 = DIRECTION ( 'NONE',  ( 0.000000000000000000, 0.000000000000000000, -1.000000000000000000 ) ) ;
#345 = DIRECTION ( 'NONE',  ( 0.000000000000000000, 1.000000000000000000, 0.000000000000000000 ) ) ;
#346 = VERTEX_POINT ( 'NONE', #877 ) ;
#347 = AXIS2_PLACEMENT_3D ( 'NONE', #334, #3077, #1767 ) ;
#348 = DIRECTION ( 'NONE',  ( 0.000000000000000000, 0.000000000000000000, 1.000000000000000000 ) ) ;
#349 = PLANE ( 'NONE',  #347 ) ;
#350 = VECTOR ( 'NONE', #970, 1000.000000000000000 ) ;
#351 = ORIENTED_EDGE ( 'NONE', *, *, #234, .F. ) ;
#352 = CIRCLE ( 'NONE', #1075, 0.5000000000000007772 ) ;
#353 = PLANE ( 'NONE',  #2218 ) ;
#354 = VECTOR ( 'NONE', #1417, 1000.000000000000000 ) ;
#355 = LOCAL_TIME ( 19, 53, 45.00000000000000000, #2011 ) ;
#356 = ORIENTED_EDGE ( 'NONE', *, *, #2924, .T. ) ;
#357 = LINE ( 'NONE', #2333, #1239 ) ;
#358 = VECTOR ( 'NONE', #2378, 1000.000000000000000 ) ;
#359 = VECTOR ( 'NONE', #195, 1000.000000000000000 ) ;
#360 = LINE ( 'NONE', #129, #216 ) ;
#361 = VECTOR ( 'NONE', #3089, 1000.000000000000000 ) ;
#362 = ORIENTED_EDGE ( 'NONE', *, *, #1665, .T. ) ;
#363 = LINE ( 'NONE', #1374, #1444 ) ;
#364 = ADVANCED_FACE ( 'NONE', ( #1098 ), #1390, .F. ) ;
#365 = EDGE_CURVE ( 'NONE', #2433, #1997, #1323, .T. ) ;
#366 = CARTESIAN_POINT ( 'NONE',  ( -9.100000000000205702, 6.900000000000061640, -1.599999999999945688 ) ) ;
#367 = DIRECTION ( 'NONE',  ( -0.5000000000000042188, 9.389466242107220033E-16, 0.8660254037844362651 ) ) ;
#368 = VERTEX_POINT ( 'NONE', #2077 ) ;
#369 = DIRECTION ( 'NONE',  ( 1.000000000000000000, 0.000000000000000000, -1.626303258728266758E-16 ) ) ;
#370 = DIRECTION ( 'NONE',  ( -0.000000000000000000, 1.000000000000000000, -0.000000000000000000 ) ) ;
#371 = DIRECTION ( 'NONE',  ( -0.2588190451025207950, -0.000000000000000000, 0.9659258262890683122 ) ) ;
#372 = EDGE_LOOP ( 'NONE', ( #391, #1976, #1748, #662, #75, #2759, #2639, #1915 ) ) ;
#373 = CARTESIAN_POINT ( 'NONE',  ( -3.500000000000201617, 6.400000000000062528, -1.599999999999937694 ) ) ;
#374 = CARTESIAN_POINT ( 'NONE',  ( -6.500000000000214051, 6.400000000000062528, 0.8000000000000541123 ) ) ;
#375 = ORIENTED_EDGE ( 'NONE', *, *, #2341, .F. ) ;
#376 = VERTEX_POINT ( 'NONE', #832 ) ;
#377 = VECTOR ( 'NONE', #1036, 1000.000000000000000 ) ;
#378 = LINE ( 'NONE', #1637, #2473 ) ;
#379 = DIRECTION ( 'NONE',  ( 0.000000000000000000, 0.000000000000000000, 1.000000000000000000 ) ) ;
#380 = ORIENTED_EDGE ( 'NONE', *, *, #2962, .T. ) ;
#381 = EDGE_CURVE ( 'NONE', #186, #2409, #1585, .T. ) ;
#382 = CARTESIAN_POINT ( 'NONE',  ( 1.599999999999810685, 6.100000000000078693, -0.9499999999999335643 ) ) ;
#383 = CARTESIAN_POINT ( 'NONE',  ( -9.100000000000205702, 1.000000000000046629, 1.500000000000062839 ) ) ;
#384 = APPROVAL ( #1171, 'UNSPECIFIED' ) ;
#385 = EDGE_CURVE ( 'NONE', #990, #1359, #357, .T. ) ;
#386 = DIRECTION ( 'NONE',  ( 0.000000000000000000, 0.000000000000000000, 1.000000000000000000 ) ) ;
#387 = ORIENTED_EDGE ( 'NONE', *, *, #420, .T. ) ;
#388 = CARTESIAN_POINT ( 'NONE',  ( -2.500000000000206057, 5.400000000000062528, -0.1999999999999233224 ) ) ;
#389 = CARTESIAN_POINT ( 'NONE',  ( -8.000000000000174083, 1.000000000000046629, 2.300000000000063327 ) ) ;
#390 = VERTEX_POINT ( 'NONE', #3082 ) ;
#391 = ORIENTED_EDGE ( 'NONE', *, *, #678, .F. ) ;
#392 = DIRECTION ( 'NONE',  ( -1.000000000000000000, -0.000000000000000000, 0.000000000000000000 ) ) ;
#393 = DIRECTION ( 'NONE',  ( 0.8660254037844362651, 0.000000000000000000, 0.5000000000000042188 ) ) ;
#394 = VERTEX_POINT ( 'NONE', #845 ) ;
#395 = ADVANCED_FACE ( 'NONE', ( #2837 ), #2593, .F. ) ;
#396 = LINE ( 'NONE', #1364, #1854 ) ;
#397 = LINE ( 'NONE', #1155, #3093 ) ;
#398 = APPROVAL_DATE_TIME ( #1643, #522 ) ;
#399 = VERTEX_POINT ( 'NONE', #2104 ) ;
#400 = EDGE_CURVE ( 'NONE', #148, #2997, #676, .T. ) ;
#401 = CARTESIAN_POINT ( 'NONE',  ( -1.795438797635995343E-13, 3.450000000000062350, 2.300000000000063327 ) ) ;
#402 = ORIENTED_EDGE ( 'NONE', *, *, #124, .T. ) ;
#403 = DIRECTION ( 'NONE',  ( 0.000000000000000000, 0.000000000000000000, -1.000000000000000000 ) ) ;
#404 = EDGE_LOOP ( 'NONE', ( #618, #725, #2564, #1936 ) ) ;
#405 = AXIS2_PLACEMENT_3D ( 'NONE', #542, #1528, #2515 ) ;
#406 = VECTOR ( 'NONE', #3203, 1000.000000000000000 ) ;
#407 = DIRECTION ( 'NONE',  ( 1.000000000000000000, 0.000000000000000000, -0.000000000000000000 ) ) ;
#408 = ORIENTED_EDGE ( 'NONE', *, *, #1252, .T. ) ;
#409 = ORIENTED_EDGE ( 'NONE', *, *, #744, .T. ) ;
#410 = AXIS2_PLACEMENT_3D ( 'NONE', #1934, #17, #3004 ) ;
#411 = AXIS2_PLACEMENT_3D ( 'NONE', #187, #1942, #961 ) ;
#412 = CARTESIAN_POINT ( 'NONE',  ( -8.000000000000174083, 3.450000000000061462, 2.300000000000063327 ) ) ;
#413 = DIRECTION ( 'NONE',  ( 0.000000000000000000, 0.000000000000000000, 1.000000000000000000 ) ) ;
#414 = ORIENTED_EDGE ( 'NONE', *, *, #620, .F. ) ;
#415 = DIRECTION ( 'NONE',  ( 0.000000000000000000, 1.000000000000000000, 0.000000000000000000 ) ) ;
#416 = DIRECTION ( 'NONE',  ( -0.2588190451025208505, 0.000000000000000000, -0.9659258262890683122 ) ) ;
#417 = CARTESIAN_POINT ( 'NONE',  ( -5.000000000000205169, 5.400000000000062528, -0.1999999999999055589 ) ) ;
#418 = ORIENTED_EDGE ( 'NONE', *, *, #2237, .T. ) ;
#419 = CARTESIAN_POINT ( 'NONE',  ( -5.000000000000205169, 5.400000000000062528, -0.9999999999999082956 ) ) ;
#420 = EDGE_CURVE ( 'NONE', #1787, #1727, #434, .T. ) ;
#421 = EDGE_CURVE ( 'NONE', #290, #332, #1912, .T. ) ;
#422 = ORIENTED_EDGE ( 'NONE', *, *, #1328, .F. ) ;
#423 = DIRECTION ( 'NONE',  ( 0.000000000000000000, 1.000000000000000000, 0.000000000000000000 ) ) ;
#424 = VERTEX_POINT ( 'NONE', #2906 ) ;
#425 = CARTESIAN_POINT ( 'NONE',  ( -8.500000000000202505, 6.900000000000061640, 0.8000000000000541123 ) ) ;
#426 = CARTESIAN_POINT ( 'NONE',  ( -2.050000000000187672, 0.000000000000000000, -1.799999999999928324 ) ) ;
#427 = CARTESIAN_POINT ( 'NONE',  ( -2.050000000000208988, 6.400000000000062528, -1.599999999999937694 ) ) ;
#428 = VERTEX_POINT ( 'NONE', #1423 ) ;
#429 = CARTESIAN_POINT ( 'NONE',  ( -5.000000000000126121, -1.414213562373096922, -0.4999999999999684697 ) ) ;
#430 = CYLINDRICAL_SURFACE ( 'NONE', #1229, 0.8000000000000025979 ) ;
#431 = PERSON_AND_ORGANIZATION ( #1378, #2736 ) ;
#432 = DIRECTION ( 'NONE',  ( -0.000000000000000000, -0.000000000000000000, -1.000000000000000000 ) ) ;
#433 = ORIENTED_EDGE ( 'NONE', *, *, #277, .T. ) ;
#434 = LINE ( 'NONE', #222, #199 ) ;
#435 = ORIENTED_EDGE ( 'NONE', *, *, #2253, .T. ) ;
#436 = ADVANCED_FACE ( 'NONE', ( #2446, #2887 ), #208, .F. ) ;
#437 = LINE ( 'NONE', #1667, #939 ) ;
#438 = VERTEX_POINT ( 'NONE', #451 ) ;
#439 = EDGE_CURVE ( 'NONE', #872, #313, #910, .T. ) ;
#440 = CARTESIAN_POINT ( 'NONE',  ( 2.399999999999811173, 6.100000000000060929, -3.399999999999936851 ) ) ;
#441 = DIRECTION ( 'NONE',  ( 0.000000000000000000, 1.000000000000000000, 0.000000000000000000 ) ) ;
#442 = EDGE_CURVE ( 'NONE', #2498, #1301, #1960, .T. ) ;
#443 = ADVANCED_FACE ( 'NONE', ( #1214 ), #3192, .F. ) ;
#444 = PLANE ( 'NONE',  #41 ) ;
#445 = EDGE_LOOP ( 'NONE', ( #1930, #2037, #3043, #2612 ) ) ;
#446 = CARTESIAN_POINT ( 'NONE',  ( 0.4999999999998139821, -0.8499999999999366951, 1.500000000000062839 ) ) ;
#447 = DIRECTION ( 'NONE',  ( -0.000000000000000000, 0.000000000000000000, -1.000000000000000000 ) ) ;
#448 = CARTESIAN_POINT ( 'NONE',  ( -5.450000000000206235, 6.400000000000062528, -2.099999999999945466 ) ) ;
#449 = LINE ( 'NONE', #977, #2943 ) ;
#450 = EDGE_LOOP ( 'NONE', ( #3020, #2097 ) ) ;
#451 = CARTESIAN_POINT ( 'NONE',  ( -7.050000000000208544, 6.900000000000061640, -2.099999999999945022 ) ) ;
#452 = AXIS2_PLACEMENT_3D ( 'NONE', #2754, #578, #1290 ) ;
#453 = FACE_OUTER_BOUND ( 'NONE', #287, .T. ) ;
#454 = ORIENTED_EDGE ( 'NONE', *, *, #799, .F. ) ;
#455 = CARTESIAN_POINT ( 'NONE',  ( -8.500000000000202505, 6.400000000000062528, 0.8000000000000541123 ) ) ;
#456 = VECTOR ( 'NONE', #1524, 1000.000000000000000 ) ;
#457 = VECTOR ( 'NONE', #492, 1000.000000000000000 ) ;
#458 = CARTESIAN_POINT ( 'NONE',  ( -1.000000000000202505, 6.400000000000062528, 0.8000000000000532241 ) ) ;
#459 = VECTOR ( 'NONE', #2331, 1000.000000000000000 ) ;
#460 = EDGE_LOOP ( 'NONE', ( #2249, #583, #1386, #1625 ) ) ;
#461 = EDGE_CURVE ( 'NONE', #885, #2024, #2652, .T. ) ;
#462 = EDGE_CURVE ( 'NONE', #2917, #1159, #657, .T. ) ;
#463 = AXIS2_PLACEMENT_3D ( 'NONE', #373, #2348, #1113 ) ;
#464 = DIRECTION ( 'NONE',  ( 0.000000000000000000, 0.000000000000000000, 1.000000000000000000 ) ) ;
#465 = DIRECTION ( 'NONE',  ( -0.000000000000000000, 1.000000000000000000, -0.000000000000000000 ) ) ;
#466 = VECTOR ( 'NONE', #122, 1000.000000000000000 ) ;
#467 = CARTESIAN_POINT ( 'NONE',  ( -2.050000000000208988, 6.400000000000062528, -2.099999999999945910 ) ) ;
#468 = DIRECTION ( 'NONE',  ( 0.000000000000000000, 0.000000000000000000, 1.000000000000000000 ) ) ;
#469 = ORIENTED_EDGE ( 'NONE', *, *, #161, .F. ) ;
#470 = CARTESIAN_POINT ( 'NONE',  ( -4.000000000000214051, 6.900000000000062528, 0.8000000000000541123 ) ) ;
#471 = ORIENTED_EDGE ( 'NONE', *, *, #1826, .T. ) ;
#472 = CARTESIAN_POINT ( 'NONE',  ( -0.6643593539450839414, 2.020000000000063523, -2.599999999999929479 ) ) ;
#473 = ORIENTED_EDGE ( 'NONE', *, *, #381, .T. ) ;
#474 = CARTESIAN_POINT ( 'NONE',  ( -2.090341788552052549E-13, 6.400000000000062528, 0.6000000000000602629 ) ) ;
#475 = LINE ( 'NONE', #953, #1333 ) ;
#476 = ORIENTED_EDGE ( 'NONE', *, *, #2962, .F. ) ;
#477 = ADVANCED_FACE ( 'NONE', ( #946 ), #2638, .T. ) ;
#478 = DIRECTION ( 'NONE',  ( 0.2588190451025209060, 0.000000000000000000, 0.9659258262890683122 ) ) ;
#479 = CARTESIAN_POINT ( 'NONE',  ( 0.9999999999997849498, 6.400000000000062528, -1.599999999999946132 ) ) ;
#480 = VECTOR ( 'NONE', #2125, 1000.000000000000000 ) ;
#481 = DIRECTION ( 'NONE',  ( 0.000000000000000000, 0.000000000000000000, -1.000000000000000000 ) ) ;
#482 = DIRECTION ( 'NONE',  ( 0.000000000000000000, 0.000000000000000000, -1.000000000000000000 ) ) ;
#483 = ADVANCED_FACE ( 'NONE', ( #2955 ), #722, .F. ) ;
#484 = VERTEX_POINT ( 'NONE', #470 ) ;
#485 = DIRECTION ( 'NONE',  ( -0.000000000000000000, -1.000000000000000000, -0.000000000000000000 ) ) ;
#486 = AXIS2_PLACEMENT_3D ( 'NONE', #159, #878, #1867 ) ;
#487 = LINE ( 'NONE', #679, #2499 ) ;
#488 = ORIENTED_EDGE ( 'NONE', *, *, #242, .T. ) ;
#489 = DIRECTION ( 'NONE',  ( 0.000000000000000000, -0.000000000000000000, -1.000000000000000000 ) ) ;
#490 = LINE ( 'NONE', #2437, #1751 ) ;
#491 = ORIENTED_EDGE ( 'NONE', *, *, #2358, .T. ) ;
#492 = DIRECTION ( 'NONE',  ( 0.000000000000000000, -1.000000000000000000, 1.084202172485504828E-15 ) ) ;
#493 = DIRECTION ( 'NONE',  ( 0.000000000000000000, 0.000000000000000000, -1.000000000000000000 ) ) ;
#494 = LINE ( 'NONE', #2980, #2068 ) ;
#495 = LINE ( 'NONE', #1719, #1379 ) ;
#496 = ORIENTED_EDGE ( 'NONE', *, *, #805, .T. ) ;
#497 = EDGE_CURVE ( 'NONE', #611, #2795, #1721, .T. ) ;
#498 = CARTESIAN_POINT ( 'NONE',  ( -2.500000000000206057, 5.400000000000062528, -0.1999999999999233224 ) ) ;
#499 =( LENGTH_UNIT ( ) NAMED_UNIT ( * ) SI_UNIT ( .MILLI., .METRE. ) );
#500 = VERTEX_POINT ( 'NONE', #2151 ) ;
#501 = PLANE ( 'NONE',  #2948 ) ;
#502 = VECTOR ( 'NONE', #2295, 1000.000000000000114 ) ;
#503 = DIRECTION ( 'NONE',  ( 0.000000000000000000, -1.000000000000000000, 1.084202172485504828E-15 ) ) ;
#504 = ORIENTED_EDGE ( 'NONE', *, *, #3180, .T. ) ;
#505 = VECTOR ( 'NONE', #493, 1000.000000000000000 ) ;
#506 = VECTOR ( 'NONE', #413, 1000.000000000000000 ) ;
#507 = VECTOR ( 'NONE', #1840, 1000.000000000000000 ) ;
#508 = PLANE ( 'NONE',  #1236 ) ;
#509 = CARTESIAN_POINT ( 'NONE',  ( -8.500000000000202505, 6.400000000000062528, 0.8000000000000550004 ) ) ;
#510 = VECTOR ( 'NONE', #1260, 1000.000000000000000 ) ;
#511 = CARTESIAN_POINT ( 'NONE',  ( -0.4500000000001854739, 0.000000000000000000, -1.799999999999928768 ) ) ;
#512 = ORIENTED_EDGE ( 'NONE', *, *, #2303, .F. ) ;
#513 = AXIS2_PLACEMENT_3D ( 'NONE', #467, #1211, #2194 ) ;
#514 = CARTESIAN_POINT ( 'NONE',  ( -7.500000000000203393, 6.400000000000062528, 0.6000000000001108891 ) ) ;
#515 = ORIENTED_EDGE ( 'NONE', *, *, #3195, .F. ) ;
#516 = LINE ( 'NONE', #31, #359 ) ;
#517 = DIRECTION ( 'NONE',  ( 0.000000000000000000, 0.000000000000000000, 1.000000000000000000 ) ) ;
#518 = VERTEX_POINT ( 'NONE', #419 ) ;
#519 = EDGE_CURVE ( 'NONE', #328, #244, #1926, .T. ) ;
#520 = CARTESIAN_POINT ( 'NONE',  ( -9.100000000000205702, 6.900000000000061640, -3.399999999999936851 ) ) ;
#521 = DIRECTION ( 'NONE',  ( -0.000000000000000000, -1.000000000000000000, 0.000000000000000000 ) ) ;
#522 = APPROVAL ( #1033, 'UNSPECIFIED' ) ;
#523 = ADVANCED_FACE ( 'NONE', ( #1443 ), #1407, .F. ) ;
#524 = ORIENTED_EDGE ( 'NONE', *, *, #1555, .F. ) ;
#525 = CARTESIAN_POINT ( 'NONE',  ( -5.000000000000205169, 6.400000000000062528, -0.1999999999999055589 ) ) ;
#526 = DIRECTION ( 'NONE',  ( -1.000000000000000000, 0.000000000000000000, 4.818676322157810194E-16 ) ) ;
#527 = DIRECTION ( 'NONE',  ( 0.000000000000000000, -1.000000000000000000, 0.000000000000000000 ) ) ;
#528 = ORIENTED_EDGE ( 'NONE', *, *, #868, .F. ) ;
#529 = DIRECTION ( 'NONE',  ( -1.000000000000000000, -0.000000000000000000, -0.000000000000000000 ) ) ;
#530 = VERTEX_POINT ( 'NONE', #690 ) ;
#531 = VERTEX_POINT ( 'NONE', #1683 ) ;
#532 = CARTESIAN_POINT ( 'NONE',  ( -2.050000000000208988, 6.400000000000062528, -2.099999999999945910 ) ) ;
#533 = VECTOR ( 'NONE', #1409, 1000.000000000000000 ) ;
#534 = CALENDAR_DATE ( 2022, 28, 2 ) ;
#535 = ORIENTED_EDGE ( 'NONE', *, *, #868, .T. ) ;
#536 = LINE ( 'NONE', #3022, #1285 ) ;
#537 = EDGE_CURVE ( 'NONE', #484, #335, #2667, .T. ) ;
#538 = FACE_OUTER_BOUND ( 'NONE', #2595, .T. ) ;
#539 = ORIENTED_EDGE ( 'NONE', *, *, #8, .F. ) ;
#540 = EDGE_CURVE ( 'NONE', #2080, #1084, #1022, .T. ) ;
#541 = CARTESIAN_POINT ( 'NONE',  ( -3.150961894323547341, 0.000000000000000000, -2.550000000000003375 ) ) ;
#542 = CARTESIAN_POINT ( 'NONE',  ( -5.000000000000126121, 0.000000000000000000, 3.165870343657672947E-14 ) ) ;
#543 = EDGE_LOOP ( 'NONE', ( #2076, #113, #1525, #992 ) ) ;
#544 = DIRECTION ( 'NONE',  ( 0.000000000000000000, 1.000000000000000000, 0.000000000000000000 ) ) ;
#545 = EDGE_LOOP ( 'NONE', ( #1063, #1651 ) ) ;
#546 = CARTESIAN_POINT ( 'NONE',  ( -4.550000000000187228, 0.000000000000000000, -1.799999999999928324 ) ) ;
#547 = EDGE_LOOP ( 'NONE', ( #689, #949, #1144, #2954 ) ) ;
#548 = PLANE ( 'NONE',  #2530 ) ;
#549 = ORIENTED_EDGE ( 'NONE', *, *, #986, .F. ) ;
#550 = CARTESIAN_POINT ( 'NONE',  ( -2.050000000000208988, 6.400000000000062528, -2.099999999999945466 ) ) ;
#551 = DIRECTION ( 'NONE',  ( -0.9962405881956827303, -0.08662961636484492467, 0.000000000000000000 ) ) ;
#552 = ORIENTED_EDGE ( 'NONE', *, *, #1774, .F. ) ;
#553 = FACE_OUTER_BOUND ( 'NONE', #1832, .T. ) ;
#554 = DIRECTION ( 'NONE',  ( 0.000000000000000000, -1.000000000000000000, 0.000000000000000000 ) ) ;
#555 = VECTOR ( 'NONE', #1744, 1000.000000000000000 ) ;
#556 = ORIENTED_EDGE ( 'NONE', *, *, #141, .T. ) ;
#557 = EDGE_CURVE ( 'NONE', #2711, #964, #2968, .T. ) ;
#558 = EDGE_CURVE ( 'NONE', #3191, #2128, #1341, .T. ) ;
#559 = VECTOR ( 'NONE', #526, 1000.000000000000000 ) ;
#560 = AXIS2_PLACEMENT_3D ( 'NONE', #2305, #2514, #2254 ) ;
#561 = DIRECTION ( 'NONE',  ( -1.000000000000000000, 0.000000000000000000, -0.000000000000000000 ) ) ;
#562 = ORIENTED_EDGE ( 'NONE', *, *, #276, .F. ) ;
#563 = CARTESIAN_POINT ( 'NONE',  ( 2.399999999999811173, 6.100000000000060929, -3.399999999999936851 ) ) ;
#564 = AXIS2_PLACEMENT_3D ( 'NONE', #174, #1687, #3146 ) ;
#565 = AXIS2_PLACEMENT_3D ( 'NONE', #1458, #2471, #468 ) ;
#566 = VECTOR ( 'NONE', #2488, 1000.000000000000000 ) ;
#567 = FACE_OUTER_BOUND ( 'NONE', #2622, .T. ) ;
#568 = MECHANICAL_CONTEXT ( 'NONE', #2657, 'mechanical' ) ;
#569 = ORIENTED_EDGE ( 'NONE', *, *, #1470, .F. ) ;
#570 = CARTESIAN_POINT ( 'NONE',  ( 0.6509618943231756383, 2.020000000000063523, -2.550000000000003819 ) ) ;
#571 = DIRECTION ( 'NONE',  ( -1.000000000000000000, 0.000000000000000000, 0.000000000000000000 ) ) ;
#572 = ORIENTED_EDGE ( 'NONE', *, *, #1031, .T. ) ;
#573 = PLANE ( 'NONE',  #42 ) ;
#574 = DIRECTION ( 'NONE',  ( 0.000000000000000000, 0.000000000000000000, 1.000000000000000000 ) ) ;
#575 = VERTEX_POINT ( 'NONE', #1227 ) ;
#576 = EDGE_CURVE ( 'NONE', #1081, #2109, #1975, .T. ) ;
#577 = DIRECTION ( 'NONE',  ( -0.000000000000000000, -0.000000000000000000, -1.000000000000000000 ) ) ;
#578 = DIRECTION ( 'NONE',  ( 0.9659258262890683122, -0.000000000000000000, 0.2588190451025207950 ) ) ;
#579 = EDGE_CURVE ( 'NONE', #646, #1889, #1988, .T. ) ;
#580 = EDGE_CURVE ( 'NONE', #1157, #603, #2470, .T. ) ;
#581 = DIRECTION ( 'NONE',  ( -1.000000000000000000, -0.000000000000000000, -0.000000000000000000 ) ) ;
#582 = PERSON_AND_ORGANIZATION_ROLE ( 'design_supplier' ) ;
#583 = ORIENTED_EDGE ( 'NONE', *, *, #1269, .F. ) ;
#584 = LINE ( 'NONE', #128, #3207 ) ;
#585 = CARTESIAN_POINT ( 'NONE',  ( -7.950000000000207123, 6.900000000000061640, -1.599999999999937028 ) ) ;
#586 = VERTEX_POINT ( 'NONE', #253 ) ;
#587 = ORIENTED_EDGE ( 'NONE', *, *, #1232, .T. ) ;
#588 = DIRECTION ( 'NONE',  ( -5.664403186863007560E-15, 1.000000000000000000, -0.000000000000000000 ) ) ;
#589 = DIRECTION ( 'NONE',  ( -0.000000000000000000, 1.000000000000000000, -0.000000000000000000 ) ) ;
#590 = EDGE_LOOP ( 'NONE', ( #1561, #562, #2404, #3015 ) ) ;
#591 = PLANE ( 'NONE',  #203 ) ;
#592 = CARTESIAN_POINT ( 'NONE',  ( -7.500000000000200728, 3.450000000000061462, 2.300000000000063327 ) ) ;
#593 = VERTEX_POINT ( 'NONE', #1923 ) ;
#594 = CARTESIAN_POINT ( 'NONE',  ( 1.599999999999795142, 6.900000000000063416, -2.599999999999936584 ) ) ;
#595 = VERTEX_POINT ( 'NONE', #2915 ) ;
#596 = FACE_BOUND ( 'NONE', #3070, .T. ) ;
#597 = ADVANCED_FACE ( 'NONE', ( #1242 ), #2228, .T. ) ;
#598 = CARTESIAN_POINT ( 'NONE',  ( -5.450000000000206235, 6.400000000000062528, -2.099999999999945022 ) ) ;
#599 = EDGE_LOOP ( 'NONE', ( #2816, #2312, #1368, #147 ) ) ;
#600 = ORIENTED_EDGE ( 'NONE', *, *, #846, .F. ) ;
#601 = DIRECTION ( 'NONE',  ( -0.000000000000000000, -0.000000000000000000, -1.000000000000000000 ) ) ;
#602 = CARTESIAN_POINT ( 'NONE',  ( -9.100000000000205702, 6.900000000000061640, -1.599999999999938138 ) ) ;
#603 = VERTEX_POINT ( 'NONE', #989 ) ;
#604 = VECTOR ( 'NONE', #2680, 1000.000000000000000 ) ;
#605 = CARTESIAN_POINT ( 'NONE',  ( -1.795438797635995343E-13, 3.450000000000062350, 2.300000000000063327 ) ) ;
#606 = CARTESIAN_POINT ( 'NONE',  ( -5.450000000000206235, 6.900000000000062528, -1.599999999999937250 ) ) ;
#607 = VECTOR ( 'NONE', #589, 1000.000000000000000 ) ;
#608 = AXIS2_PLACEMENT_3D ( 'NONE', #472, #1723, #1654 ) ;
#609 = CARTESIAN_POINT ( 'NONE',  ( -7.950000000000185807, 2.020000000000063523, -1.799999999999928768 ) ) ;
#610 = VECTOR ( 'NONE', #870, 1000.000000000000000 ) ;
#611 = VERTEX_POINT ( 'NONE', #3189 ) ;
#612 = DIRECTION ( 'NONE',  ( -0.000000000000000000, 1.000000000000000000, -0.000000000000000000 ) ) ;
#613 = VECTOR ( 'NONE', #67, 1000.000000000000000 ) ;
#614 = EDGE_CURVE ( 'NONE', #2210, #1244, #719, .T. ) ;
#615 = DIRECTION ( 'NONE',  ( 0.000000000000000000, 1.000000000000000000, 0.000000000000000000 ) ) ;
#616 = AXIS2_PLACEMENT_3D ( 'NONE', #761, #544, #810 ) ;
#617 = ORIENTED_EDGE ( 'NONE', *, *, #1451, .T. ) ;
#618 = ORIENTED_EDGE ( 'NONE', *, *, #1690, .F. ) ;
#619 = LINE ( 'NONE', #2610, #2845 ) ;
#620 = EDGE_CURVE ( 'NONE', #2769, #3191, #1503, .T. ) ;
#621 = EDGE_CURVE ( 'NONE', #2723, #1424, #3002, .T. ) ;
#622 = LINE ( 'NONE', #1612, #1594 ) ;
#623 = ORIENTED_EDGE ( 'NONE', *, *, #1434, .F. ) ;
#624 = LINE ( 'NONE', #1641, #710 ) ;
#625 = DIRECTION ( 'NONE',  ( 0.000000000000000000, 0.000000000000000000, 1.000000000000000000 ) ) ;
#626 = CARTESIAN_POINT ( 'NONE',  ( -1.253337711393243126E-13, 0.000000000000000000, 0.4999999999999972800 ) ) ;
#627 = EDGE_LOOP ( 'NONE', ( #2463, #954, #684, #1021 ) ) ;
#628 = DIRECTION ( 'NONE',  ( -1.000000000000000000, -1.621236893436268400E-16, 0.000000000000000000 ) ) ;
#629 = FACE_OUTER_BOUND ( 'NONE', #1037, .T. ) ;
#630 = ORIENTED_EDGE ( 'NONE', *, *, #614, .T. ) ;
#631 = EDGE_CURVE ( 'NONE', #103, #2326, #494, .T. ) ;
#632 = EDGE_LOOP ( 'NONE', ( #2188, #1590 ) ) ;
#633 = VECTOR ( 'NONE', #521, 1000.000000000000000 ) ;
#634 = VECTOR ( 'NONE', #895, 1000.000000000000000 ) ;
#635 = LINE ( 'NONE', #151, #2113 ) ;
#636 = CARTESIAN_POINT ( 'NONE',  ( 2.399999999999805844, 12.10000000000007603, -0.4881197846482374092 ) ) ;
#637 = ORIENTED_EDGE ( 'NONE', *, *, #1568, .F. ) ;
#638 = EDGE_CURVE ( 'NONE', #2417, #737, #957, .T. ) ;
#639 = PLANE ( 'NONE',  #1442 ) ;
#640 = FACE_OUTER_BOUND ( 'NONE', #184, .T. ) ;
#641 = PLANE ( 'NONE',  #2631 ) ;
#642 = ORIENTED_EDGE ( 'NONE', *, *, #3136, .T. ) ;
#643 = FACE_OUTER_BOUND ( 'NONE', #2879, .T. ) ;
#644 = VERTEX_POINT ( 'NONE', #511 ) ;
#645 = PLANE ( 'NONE',  #486 ) ;
#646 = VERTEX_POINT ( 'NONE', #1679 ) ;
#647 = ORIENTED_EDGE ( 'NONE', *, *, #1252, .F. ) ;
#648 = DIRECTION ( 'NONE',  ( 1.000000000000000000, 0.000000000000000000, -1.215927670077201423E-16 ) ) ;
#649 = CARTESIAN_POINT ( 'NONE',  ( -4.000000000000214051, 6.400000000000062528, -1.599999999999945244 ) ) ;
#650 = ORIENTED_EDGE ( 'NONE', *, *, #1413, .F. ) ;
#651 = CARTESIAN_POINT ( 'NONE',  ( -4.335640646055288983, 2.020000000000063523, -2.599999999999929479 ) ) ;
#652 = PLANE ( 'NONE',  #1068 ) ;
#653 = EDGE_CURVE ( 'NONE', #1617, #2843, #976, .T. ) ;
#654 = EDGE_CURVE ( 'NONE', #595, #1578, #1973, .T. ) ;
#655 = DIRECTION ( 'NONE',  ( -0.000000000000000000, 1.000000000000000000, -0.000000000000000000 ) ) ;
#656 = ORIENTED_EDGE ( 'NONE', *, *, #2402, .T. ) ;
#657 = LINE ( 'NONE', #893, #2952 ) ;
#658 = CIRCLE ( 'NONE', #755, 0.8000000000000009326 ) ;
#659 = VECTOR ( 'NONE', #2082, 1000.000000000000000 ) ;
#660 = AXIS2_PLACEMENT_3D ( 'NONE', #270, #2284, #2267 ) ;
#661 = PLANE ( 'NONE',  #608 ) ;
#662 = ORIENTED_EDGE ( 'NONE', *, *, #985, .T. ) ;
#663 = CARTESIAN_POINT ( 'NONE',  ( -2.089362071112734617E-13, 5.400000000000062528, -0.9999999999999417133 ) ) ;
#664 = AXIS2_PLACEMENT_3D ( 'NONE', #440, #1656, #1916 ) ;
#665 = AXIS2_PLACEMENT_3D ( 'NONE', #2477, #258, #53 ) ;
#666 = VECTOR ( 'NONE', #2704, 1000.000000000000000 ) ;
#667 = LINE ( 'NONE', #532, #2168 ) ;
#668 = CARTESIAN_POINT ( 'NONE',  ( 0.6509618943231756383, 0.000000000000000000, -2.550000000000003819 ) ) ;
#669 = EDGE_LOOP ( 'NONE', ( #2246, #1512, #2856, #774 ) ) ;
#670 = FACE_OUTER_BOUND ( 'NONE', #1991, .T. ) ;
#671 = DIRECTION ( 'NONE',  ( 0.000000000000000000, 1.000000000000000000, 0.000000000000000000 ) ) ;
#672 = COORDINATED_UNIVERSAL_TIME_OFFSET ( 5, 0, .BEHIND. ) ;
#673 = ADVANCED_FACE ( 'NONE', ( #2165 ), #232, .F. ) ;
#674 = LINE ( 'NONE', #3092, #1449 ) ;
#675 = ORIENTED_EDGE ( 'NONE', *, *, #234, .T. ) ;
#676 = LINE ( 'NONE', #2687, #1965 ) ;
#677 = CC_DESIGN_PERSON_AND_ORGANIZATION_ASSIGNMENT ( #2971, #994, ( #2242 ) ) ;
#678 = EDGE_CURVE ( 'NONE', #1081, #1295, #1732, .T. ) ;
#679 = CARTESIAN_POINT ( 'NONE',  ( -2.500000000000125677, -1.414213562373096922, -0.4999999999999862332 ) ) ;
#680 = ORIENTED_EDGE ( 'NONE', *, *, #1735, .F. ) ;
#681 = DIRECTION ( 'NONE',  ( -0.000000000000000000, 1.000000000000000000, -0.000000000000000000 ) ) ;
#682 = DIRECTION ( 'NONE',  ( 0.000000000000000000, 0.000000000000000000, -1.000000000000000000 ) ) ;
#683 = DIRECTION ( 'NONE',  ( -1.000000000000000000, -0.000000000000000000, -4.818676322157808222E-16 ) ) ;
#684 = ORIENTED_EDGE ( 'NONE', *, *, #2924, .F. ) ;
#685 = CARTESIAN_POINT ( 'NONE',  ( -2.500000000000206057, 6.400000000000062528, -0.1999999999999233224 ) ) ;
#686 = DIRECTION ( 'NONE',  ( 0.000000000000000000, 0.000000000000000000, -1.000000000000000000 ) ) ;
#687 = DIRECTION ( 'NONE',  ( 0.000000000000000000, 1.000000000000000000, 0.000000000000000000 ) ) ;
#688 = FACE_OUTER_BOUND ( 'NONE', #139, .T. ) ;
#689 = ORIENTED_EDGE ( 'NONE', *, *, #1293, .F. ) ;
#690 = CARTESIAN_POINT ( 'NONE',  ( -3.500000000000201617, 6.900000000000062528, -1.599999999999937694 ) ) ;
#691 = LINE ( 'NONE', #1230, #1877 ) ;
#692 = ORIENTED_EDGE ( 'NONE', *, *, #1946, .F. ) ;
#693 = ADVANCED_FACE ( 'NONE', ( #205 ), #942, .F. ) ;
#694 = DIRECTION ( 'NONE',  ( 0.2588190451025207950, 0.000000000000000000, -0.9659258262890683122 ) ) ;
#695 = EDGE_CURVE ( 'NONE', #1462, #1864, #701, .T. ) ;
#696 = CARTESIAN_POINT ( 'NONE',  ( -2.050000000000208988, 6.400000000000062528, -1.599999999999945688 ) ) ;
#697 = DIRECTION ( 'NONE',  ( 0.000000000000000000, 0.000000000000000000, 1.000000000000000000 ) ) ;
#698 = ORIENTED_EDGE ( 'NONE', *, *, #2341, .T. ) ;
#699 = CARTESIAN_POINT ( 'NONE',  ( -2.050000000000208988, 6.400000000000062528, -1.599999999999945688 ) ) ;
#700 = CARTESIAN_POINT ( 'NONE',  ( -2.090341788552052549E-13, 5.400000000000062528, -0.1999999999999406697 ) ) ;
#701 = LINE ( 'NONE', #1696, #101 ) ;
#702 = DIRECTION ( 'NONE',  ( 1.626303258728266758E-16, -0.000000000000000000, 1.000000000000000000 ) ) ;
#703 = ORIENTED_EDGE ( 'NONE', *, *, #281, .T. ) ;
#704 = DIRECTION ( 'NONE',  ( 0.000000000000000000, 0.000000000000000000, 1.000000000000000000 ) ) ;
#705 = EDGE_LOOP ( 'NONE', ( #838, #2350, #822, #549 ) ) ;
#706 = LINE ( 'NONE', #963, #2579 ) ;
#707 = ORIENTED_EDGE ( 'NONE', *, *, #204, .T. ) ;
#708 = CARTESIAN_POINT ( 'NONE',  ( 0.4499999999997899569, 6.400000000000062528, -1.599999999999938138 ) ) ;
#709 = VECTOR ( 'NONE', #1137, 1000.000000000000000 ) ;
#710 = VECTOR ( 'NONE', #369, 1000.000000000000000 ) ;
#711 = ADVANCED_FACE ( 'NONE', ( #2683 ), #1717, .F. ) ;
#712 = LINE ( 'NONE', #3185, #2838 ) ;
#713 = AXIS2_PLACEMENT_3D ( 'NONE', #1488, #1752, #682 ) ;
#714 = ORIENTED_EDGE ( 'NONE', *, *, #9, .T. ) ;
#715 = VECTOR ( 'NONE', #819, 1000.000000000000000 ) ;
#716 = ADVANCED_FACE ( 'NONE', ( #1468 ), #2209, .F. ) ;
#717 = DIRECTION ( 'NONE',  ( -1.000000000000000000, 0.000000000000000000, -0.000000000000000000 ) ) ;
#718 = DIRECTION ( 'NONE',  ( 0.000000000000000000, 0.000000000000000000, 1.000000000000000000 ) ) ;
#719 = LINE ( 'NONE', #2950, #1448 ) ;
#720 = CARTESIAN_POINT ( 'NONE',  ( -4.550000000000209432, 6.400000000000062528, -2.099999999999945466 ) ) ;
#721 = ORIENTED_EDGE ( 'NONE', *, *, #898, .T. ) ;
#722 = PLANE ( 'NONE',  #2272 ) ;
#723 = ORIENTED_EDGE ( 'NONE', *, *, #3157, .F. ) ;
#724 = CARTESIAN_POINT ( 'NONE',  ( -6.500000000000214051, 6.400000000000062528, -1.599999999999944800 ) ) ;
#725 = ORIENTED_EDGE ( 'NONE', *, *, #904, .F. ) ;
#726 = PLANE ( 'NONE',  #2681 ) ;
#727 = EDGE_CURVE ( 'NONE', #235, #3074, #1270, .T. ) ;
#728 = CARTESIAN_POINT ( 'NONE',  ( -2.950000000000185363, 2.020000000000063523, -1.799999999999928768 ) ) ;
#729 = ORIENTED_EDGE ( 'NONE', *, *, #2441, .T. ) ;
#730 = CARTESIAN_POINT ( 'NONE',  ( -6.000000000000201617, 6.900000000000062528, -1.599999999999937250 ) ) ;
#731 = LINE ( 'NONE', #250, #1437 ) ;
#732 = EDGE_CURVE ( 'NONE', #2620, #121, #2768, .T. ) ;
#733 = DIRECTION ( 'NONE',  ( 1.000000000000000000, 0.000000000000000000, -0.000000000000000000 ) ) ;
#734 = CARTESIAN_POINT ( 'NONE',  ( -6.500000000000214051, 6.900000000000061640, -1.599999999999944800 ) ) ;
#735 = CARTESIAN_POINT ( 'NONE',  ( -0.4500000000002076228, 6.400000000000062528, -2.099999999999945910 ) ) ;
#736 = DIRECTION ( 'NONE',  ( 0.000000000000000000, 1.000000000000000000, 0.000000000000000000 ) ) ;
#737 = VERTEX_POINT ( 'NONE', #1565 ) ;
#738 = DIRECTION ( 'NONE',  ( 0.2588190451025209060, 0.000000000000000000, 0.9659258262890683122 ) ) ;
#739 = CARTESIAN_POINT ( 'NONE',  ( -9.900000000000204636, 6.900000000000062528, -3.399999999999936851 ) ) ;
#740 = EDGE_LOOP ( 'NONE', ( #2387, #979, #435, #2084 ) ) ;
#741 = CARTESIAN_POINT ( 'NONE',  ( -1.253337711393243126E-13, 0.000000000000000000, -3.469446951953614189E-15 ) ) ;
#742 = FACE_OUTER_BOUND ( 'NONE', #1218, .T. ) ;
#743 = DIRECTION ( 'NONE',  ( -4.451759168760304344E-31, 2.209838822900391082E-16, -1.000000000000000000 ) ) ;
#744 = EDGE_CURVE ( 'NONE', #2780, #2620, #76, .T. ) ;
#745 = EDGE_CURVE ( 'NONE', #30, #2326, #1860, .T. ) ;
#746 = LINE ( 'NONE', #1212, #245 ) ;
#747 = ORIENTED_EDGE ( 'NONE', *, *, #764, .T. ) ;
#748 = VERTEX_POINT ( 'NONE', #3044 ) ;
#749 = DIRECTION ( 'NONE',  ( 0.000000000000000000, -0.000000000000000000, -1.000000000000000000 ) ) ;
#750 = ORIENTED_EDGE ( 'NONE', *, *, #2746, .T. ) ;
#751 = DIRECTION ( 'NONE',  ( 0.000000000000000000, 1.000000000000000000, 0.000000000000000000 ) ) ;
#752 = VECTOR ( 'NONE', #2258, 1000.000000000000000 ) ;
#753 = CARTESIAN_POINT ( 'NONE',  ( -7.950000000000185807, 0.000000000000000000, -1.799999999999928768 ) ) ;
#754 = ORIENTED_EDGE ( 'NONE', *, *, #2155, .F. ) ;
#755 = AXIS2_PLACEMENT_3D ( 'NONE', #1563, #345, #25 ) ;
#756 = VECTOR ( 'NONE', #2192, 1000.000000000000000 ) ;
#757 = PLANE ( 'NONE',  #247 ) ;
#758 = AXIS2_PLACEMENT_3D ( 'NONE', #1246, #517, #3034 ) ;
#759 = DIRECTION ( 'NONE',  ( -1.000000000000000000, -0.000000000000000000, -0.000000000000000000 ) ) ;
#760 = AXIS2_PLACEMENT_3D ( 'NONE', #3206, #1815, #2256 ) ;
#761 = CARTESIAN_POINT ( 'NONE',  ( -1.253337711393243126E-13, 4.500000000000000888, -3.469446951953614189E-15 ) ) ;
#762 = VECTOR ( 'NONE', #1614, 1000.000000000000000 ) ;
#763 = DIRECTION ( 'NONE',  ( -4.818676322157808222E-16, 0.000000000000000000, 1.000000000000000000 ) ) ;
#764 = EDGE_CURVE ( 'NONE', #500, #3026, #1054, .T. ) ;
#765 = FACE_OUTER_BOUND ( 'NONE', #2178, .T. ) ;
#766 = COORDINATED_UNIVERSAL_TIME_OFFSET ( 5, 0, .BEHIND. ) ;
#767 = ORIENTED_EDGE ( 'NONE', *, *, #727, .T. ) ;
#768 = FACE_OUTER_BOUND ( 'NONE', #1134, .T. ) ;
#769 = ADVANCED_FACE ( 'NONE', ( #2052 ), #2996, .T. ) ;
#770 = DIRECTION ( 'NONE',  ( 0.000000000000000000, 0.000000000000000000, -1.000000000000000000 ) ) ;
#771 = VERTEX_POINT ( 'NONE', #2023 ) ;
#772 = DIRECTION ( 'NONE',  ( -2.380993006242670805E-15, 1.000000000000000000, -0.000000000000000000 ) ) ;
#773 = DIRECTION ( 'NONE',  ( 0.000000000000000000, 0.000000000000000000, -1.000000000000000000 ) ) ;
#774 = ORIENTED_EDGE ( 'NONE', *, *, #558, .T. ) ;
#775 = CARTESIAN_POINT ( 'NONE',  ( -7.500000000000203393, 5.400000000000062528, -0.1999999999998882116 ) ) ;
#776 = ORIENTED_EDGE ( 'NONE', *, *, #1970, .T. ) ;
#777 = LINE ( 'NONE', #46, #138 ) ;
#778 = ORIENTED_EDGE ( 'NONE', *, *, #1044, .T. ) ;
#779 = DIRECTION ( 'NONE',  ( 0.000000000000000000, 0.000000000000000000, 1.000000000000000000 ) ) ;
#780 = CARTESIAN_POINT ( 'NONE',  ( 0.4499999999997899569, 6.900000000000062528, -2.099999999999946354 ) ) ;
#781 = ORIENTED_EDGE ( 'NONE', *, *, #242, .F. ) ;
#782 = DIRECTION ( 'NONE',  ( 0.000000000000000000, 0.000000000000000000, -1.000000000000000000 ) ) ;
#783 = VECTOR ( 'NONE', #57, 1000.000000000000000 ) ;
#784 = EDGE_CURVE ( 'NONE', #346, #2213, #1026, .T. ) ;
#785 = ADVANCED_FACE ( 'NONE', ( #333 ), #1766, .F. ) ;
#786 = DIRECTION ( 'NONE',  ( -1.000000000000000000, -1.621236893436268400E-16, 0.000000000000000000 ) ) ;
#787 = ORIENTED_EDGE ( 'NONE', *, *, #3079, .T. ) ;
#788 = CARTESIAN_POINT ( 'NONE',  ( -0.4500000000001854739, 2.020000000000063523, -1.799999999999928768 ) ) ;
#789 = PLANE ( 'NONE',  #3098 ) ;
#790 = ORIENTED_EDGE ( 'NONE', *, *, #2455, .F. ) ;
#791 = DIRECTION ( 'NONE',  ( 0.000000000000000000, 0.000000000000000000, 1.000000000000000000 ) ) ;
#792 = ORIENTED_EDGE ( 'NONE', *, *, #1451, .F. ) ;
#793 = CARTESIAN_POINT ( 'NONE',  ( 0.4499999999997899569, 6.400000000000062528, -2.099999999999946354 ) ) ;
#794 = ORIENTED_EDGE ( 'NONE', *, *, #219, .T. ) ;
#795 = CARTESIAN_POINT ( 'NONE',  ( -9.100000000000125766, 0.000000000000000000, -2.550000000000002487 ) ) ;
#796 = ORIENTED_EDGE ( 'NONE', *, *, #1526, .F. ) ;
#797 = CARTESIAN_POINT ( 'NONE',  ( -2.500000000000206057, 5.400000000000062528, -0.1999999999999233224 ) ) ;
#798 = CARTESIAN_POINT ( 'NONE',  ( -9.100000000000205702, 6.900000000000061640, -2.599999999999936584 ) ) ;
#799 = EDGE_CURVE ( 'NONE', #1997, #2707, #1024, .T. ) ;
#800 = VERTEX_POINT ( 'NONE', #3014 ) ;
#801 = FACE_OUTER_BOUND ( 'NONE', #1356, .T. ) ;
#802 = DIRECTION ( 'NONE',  ( 0.000000000000000000, 1.000000000000000000, -0.000000000000000000 ) ) ;
#803 = AXIS2_PLACEMENT_3D ( 'NONE', #1828, #811, #2086 ) ;
#804 = ORIENTED_EDGE ( 'NONE', *, *, #1411, .T. ) ;
#805 = EDGE_CURVE ( 'NONE', #103, #800, #1602, .T. ) ;
#806 = ADVANCED_FACE ( 'NONE', ( #2244 ), #1532, .F. ) ;
#807 = VECTOR ( 'NONE', #2130, 1000.000000000000000 ) ;
#808 = AXIS2_PLACEMENT_3D ( 'NONE', #987, #2978, #1984 ) ;
#809 = CIRCLE ( 'NONE', #2266, 0.4999999999999998890 ) ;
#810 = DIRECTION ( 'NONE',  ( 0.000000000000000000, 0.000000000000000000, 1.000000000000000000 ) ) ;
#811 = DIRECTION ( 'NONE',  ( -1.000000000000000000, 0.000000000000000000, 0.000000000000000000 ) ) ;
#812 = VECTOR ( 'NONE', #20, 1000.000000000000000 ) ;
#813 = ORIENTED_EDGE ( 'NONE', *, *, #2182, .F. ) ;
#814 = ORIENTED_EDGE ( 'NONE', *, *, #1791, .F. ) ;
#815 = AXIS2_PLACEMENT_3D ( 'NONE', #1310, #751, #2299 ) ;
#816 = FACE_OUTER_BOUND ( 'NONE', #1629, .T. ) ;
#817 = PERSON_AND_ORGANIZATION_ROLE ( 'creator' ) ;
#818 = ORIENTED_EDGE ( 'NONE', *, *, #2883, .F. ) ;
#819 = DIRECTION ( 'NONE',  ( 0.000000000000000000, 1.000000000000000000, 0.000000000000000000 ) ) ;
#820 = PLANE ( 'NONE',  #1853 ) ;
#821 = ORIENTED_EDGE ( 'NONE', *, *, #1776, .T. ) ;
#822 = ORIENTED_EDGE ( 'NONE', *, *, #3162, .T. ) ;
#823 = DIRECTION ( 'NONE',  ( 1.000000000000000000, 1.621236893436268400E-16, -0.000000000000000000 ) ) ;
#824 = CARTESIAN_POINT ( 'NONE',  ( -7.950000000000207123, 6.400000000000062528, -2.099999999999944578 ) ) ;
#825 = EDGE_LOOP ( 'NONE', ( #1291, #2749, #960, #1410, #504, #471, #1262, #2689 ) ) ;
#826 = DIRECTION ( 'NONE',  ( 0.000000000000000000, -0.000000000000000000, 1.000000000000000000 ) ) ;
#827 = CARTESIAN_POINT ( 'NONE',  ( -0.6643593539450839414, 2.020000000000063523, -1.799999999999928324 ) ) ;
#828 = ADVANCED_FACE ( 'NONE', ( #2278, #3064 ), #591, .F. ) ;
#829 = CARTESIAN_POINT ( 'NONE',  ( -2.500000000000206057, 6.400000000000062528, -0.9999999999999243938 ) ) ;
#830 = APPROVAL_ROLE ( '' ) ;
#831 = VERTEX_POINT ( 'NONE', #266 ) ;
#832 = CARTESIAN_POINT ( 'NONE',  ( -9.100000000000125766, 4.700000000000000178, -2.550000000000002931 ) ) ;
#833 = DIRECTION ( 'NONE',  ( 0.000000000000000000, 0.000000000000000000, 1.000000000000000000 ) ) ;
#834 = ORIENTED_EDGE ( 'NONE', *, *, #3157, .T. ) ;
#835 = ORIENTED_EDGE ( 'NONE', *, *, #1509, .T. ) ;
#836 = CARTESIAN_POINT ( 'NONE',  ( -0.6643593539450839414, 2.020000000000063523, -2.550000000000003375 ) ) ;
#837 = DIRECTION ( 'NONE',  ( 0.000000000000000000, 0.000000000000000000, -1.000000000000000000 ) ) ;
#838 = ORIENTED_EDGE ( 'NONE', *, *, #1845, .F. ) ;
#839 = FACE_OUTER_BOUND ( 'NONE', #1825, .T. ) ;
#840 = CARTESIAN_POINT ( 'NONE',  ( 2.399999999999805844, 6.100000000000078693, -1.411880215351636547 ) ) ;
#841 = ADVANCED_FACE ( 'NONE', ( #27 ), #2038, .F. ) ;
#842 = EDGE_CURVE ( 'NONE', #2185, #981, #317, .T. ) ;
#843 = CARTESIAN_POINT ( 'NONE',  ( -3.164359353945084052, 2.020000000000063523, -1.799999999999928324 ) ) ;
#844 = ORIENTED_EDGE ( 'NONE', *, *, #952, .F. ) ;
#845 = CARTESIAN_POINT ( 'NONE',  ( 2.399999999999805844, 6.900000000000063416, -1.411880215351637879 ) ) ;
#846 = EDGE_CURVE ( 'NONE', #2533, #3111, #1797, .T. ) ;
#847 = EDGE_CURVE ( 'NONE', #1787, #3145, #1552, .T. ) ;
#848 = LINE ( 'NONE', #339, #480 ) ;
#849 = ORIENTED_EDGE ( 'NONE', *, *, #181, .F. ) ;
#850 = ORIENTED_EDGE ( 'NONE', *, *, #2345, .F. ) ;
#851 = DIRECTION ( 'NONE',  ( 1.000000000000000000, 0.000000000000000000, 4.818676322157808222E-16 ) ) ;
#852 = FACE_OUTER_BOUND ( 'NONE', #404, .T. ) ;
#853 = ORIENTED_EDGE ( 'NONE', *, *, #986, .T. ) ;
#854 = LINE ( 'NONE', #3137, #2274 ) ;
#855 = CARTESIAN_POINT ( 'NONE',  ( 0.9999999999997849498, 6.900000000000063416, -1.599999999999946132 ) ) ;
#856 = AXIS2_PLACEMENT_3D ( 'NONE', #1726, #1166, #697 ) ;
#857 = CIRCLE ( 'NONE', #2839, 0.5000000000000007772 ) ;
#858 = ORIENTED_EDGE ( 'NONE', *, *, #2070, .F. ) ;
#859 = VECTOR ( 'NONE', #2464, 1000.000000000000000 ) ;
#860 = LINE ( 'NONE', #1924, #89 ) ;
#861 = VECTOR ( 'NONE', #2144, 1000.000000000000000 ) ;
#862 = ORIENTED_EDGE ( 'NONE', *, *, #732, .F. ) ;
#863 = CARTESIAN_POINT ( 'NONE',  ( -8.000000000000174083, 3.450000000000061462, 1.500000000000062839 ) ) ;
#864 = VECTOR ( 'NONE', #3159, 1000.000000000000000 ) ;
#865 = CARTESIAN_POINT ( 'NONE',  ( -7.950000000000207123, 6.400000000000062528, -1.599999999999937028 ) ) ;
#866 = VECTOR ( 'NONE', #415, 1000.000000000000000 ) ;
#867 = ORIENTED_EDGE ( 'NONE', *, *, #1469, .T. ) ;
#868 = EDGE_CURVE ( 'NONE', #2859, #1753, #854, .T. ) ;
#869 = ORIENTED_EDGE ( 'NONE', *, *, #1509, .F. ) ;
#870 = DIRECTION ( 'NONE',  ( 0.000000000000000000, 0.000000000000000000, 1.000000000000000000 ) ) ;
#871 = LINE ( 'NONE', #3106, #2421 ) ;
#872 = VERTEX_POINT ( 'NONE', #1874 ) ;
#873 = LINE ( 'NONE', #382, #2171 ) ;
#874 = DIRECTION ( 'NONE',  ( 1.000000000000000000, 0.000000000000000000, 4.818676322157808222E-16 ) ) ;
#875 = CYLINDRICAL_SURFACE ( 'NONE', #1498, 0.8000000000000025979 ) ;
#876 = ORIENTED_EDGE ( 'NONE', *, *, #2939, .T. ) ;
#877 = CARTESIAN_POINT ( 'NONE',  ( -1.252725387993669324E-13, 4.500000000000000888, -0.5000000000000042188 ) ) ;
#878 = DIRECTION ( 'NONE',  ( 0.000000000000000000, 0.000000000000000000, -1.000000000000000000 ) ) ;
#879 = ORIENTED_EDGE ( 'NONE', *, *, #653, .T. ) ;
#880 = EDGE_LOOP ( 'NONE', ( #3127, #2108, #1278, #324 ) ) ;
#881 = EDGE_CURVE ( 'NONE', #3074, #2686, #2388, .T. ) ;
#882 = ADVANCED_FACE ( 'NONE', ( #2372 ), #1106, .F. ) ;
#883 = CARTESIAN_POINT ( 'NONE',  ( -2.050000000000208988, 6.900000000000062528, -2.599999999999936584 ) ) ;
#884 = PLANE ( 'NONE',  #2314 ) ;
#885 = VERTEX_POINT ( 'NONE', #2342 ) ;
#886 = VECTOR ( 'NONE', #503, 1000.000000000000000 ) ;
#887 = VECTOR ( 'NONE', #2873, 1000.000000000000000 ) ;
#888 = CARTESIAN_POINT ( 'NONE',  ( 0.4999999999998139821, 3.450000000000070344, 2.300000000000063327 ) ) ;
#889 = CARTESIAN_POINT ( 'NONE',  ( -7.500000000000203393, 5.400000000000062528, -0.1999999999998882116 ) ) ;
#890 = ORIENTED_EDGE ( 'NONE', *, *, #2640, .F. ) ;
#891 = DIRECTION ( 'NONE',  ( -0.5000000000000042188, -9.389466242107220033E-16, -0.8660254037844362651 ) ) ;
#892 = ORIENTED_EDGE ( 'NONE', *, *, #442, .F. ) ;
#893 = CARTESIAN_POINT ( 'NONE',  ( -7.500000000000200728, 3.450000000000061462, 1.500000000000062839 ) ) ;
#894 = ORIENTED_EDGE ( 'NONE', *, *, #2501, .F. ) ;
#895 = DIRECTION ( 'NONE',  ( -1.000000000000000000, -0.000000000000000000, 0.000000000000000000 ) ) ;
#896 = ORIENTED_EDGE ( 'NONE', *, *, #51, .T. ) ;
#897 = CARTESIAN_POINT ( 'NONE',  ( -5.650961894323547341, 0.000000000000000000, -2.550000000000002931 ) ) ;
#898 = EDGE_CURVE ( 'NONE', #162, #1997, #1336, .T. ) ;
#899 = PLANE ( 'NONE',  #410 ) ;
#900 = FACE_OUTER_BOUND ( 'NONE', #2364, .T. ) ;
#901 = ORIENTED_EDGE ( 'NONE', *, *, #1151, .F. ) ;
#902 = CARTESIAN_POINT ( 'NONE',  ( 0.4499999999997899569, 6.900000000000063416, -2.599999999999936584 ) ) ;
#903 = CARTESIAN_POINT ( 'NONE',  ( -4.550000000000209432, 6.400000000000062528, -2.099999999999945466 ) ) ;
#904 = EDGE_CURVE ( 'NONE', #1108, #995, #2098, .T. ) ;
#905 = EDGE_CURVE ( 'NONE', #2795, #2158, #873, .T. ) ;
#906 = VECTOR ( 'NONE', #1985, 1000.000000000000000 ) ;
#907 = CARTESIAN_POINT ( 'NONE',  ( 1.599999999999810685, 12.10000000000007603, -0.9499999999999404476 ) ) ;
#908 = CIRCLE ( 'NONE', #2730, 0.7999999999999990452 ) ;
#909 = ORIENTED_EDGE ( 'NONE', *, *, #1193, .F. ) ;
#910 = LINE ( 'NONE', #1143, #666 ) ;
#911 = VECTOR ( 'NONE', #2992, 1000.000000000000000 ) ;
#912 = VECTOR ( 'NONE', #1466, 1000.000000000000000 ) ;
#913 = VECTOR ( 'NONE', #2542, 1000.000000000000000 ) ;
#914 = DIRECTION ( 'NONE',  ( 0.000000000000000000, 1.000000000000000000, 0.000000000000000000 ) ) ;
#915 = ORIENTED_EDGE ( 'NONE', *, *, #1665, .F. ) ;
#916 = DIRECTION ( 'NONE',  ( 1.000000000000000000, -0.000000000000000000, 0.000000000000000000 ) ) ;
#917 = VECTOR ( 'NONE', #432, 1000.000000000000000 ) ;
#918 = VECTOR ( 'NONE', #2410, 1000.000000000000000 ) ;
#919 = DIRECTION ( 'NONE',  ( 0.000000000000000000, 1.000000000000000000, 0.000000000000000000 ) ) ;
#920 = CARTESIAN_POINT ( 'NONE',  ( -5.450000000000185807, 2.020000000000063523, -1.799999999999928768 ) ) ;
#921 = EDGE_LOOP ( 'NONE', ( #909, #1441, #2206, #2623 ) ) ;
#922 = CARTESIAN_POINT ( 'NONE',  ( -0.6509618943235477850, 2.020000000000063523, -2.550000000000003819 ) ) ;
#923 = LINE ( 'NONE', #941, #505 ) ;
#924 = DATE_AND_TIME ( #1419, #1908 ) ;
#925 = CARTESIAN_POINT ( 'NONE',  ( -2.500000000000125677, -1.414213562373096922, 0.5000000000000139888 ) ) ;
#926 = ORIENTED_EDGE ( 'NONE', *, *, #1492, .F. ) ;
#927 = EDGE_CURVE ( 'NONE', #2859, #148, #2866, .T. ) ;
#928 = EDGE_CURVE ( 'NONE', #3199, #2970, #2880, .T. ) ;
#929 = CARTESIAN_POINT ( 'NONE',  ( -6.000000000000201617, 6.400000000000062528, -1.599999999999937250 ) ) ;
#930 = VERTEX_POINT ( 'NONE', #3076 ) ;
#931 = CARTESIAN_POINT ( 'NONE',  ( -7.050000000000208544, 6.400000000000062528, -2.099999999999945022 ) ) ;
#932 = VERTEX_POINT ( 'NONE', #1598 ) ;
#933 = DIRECTION ( 'NONE',  ( 0.000000000000000000, -0.000000000000000000, -1.000000000000000000 ) ) ;
#934 = ORIENTED_EDGE ( 'NONE', *, *, #1526, .T. ) ;
#935 = DIRECTION ( 'NONE',  ( 0.000000000000000000, 0.000000000000000000, -1.000000000000000000 ) ) ;
#936 = FACE_OUTER_BOUND ( 'NONE', #225, .T. ) ;
#937 = DIRECTION ( 'NONE',  ( 0.000000000000000000, 0.000000000000000000, -1.000000000000000000 ) ) ;
#938 = EDGE_LOOP ( 'NONE', ( #2905, #2438, #876, #2301 ) ) ;
#939 = VECTOR ( 'NONE', #933, 1000.000000000000000 ) ;
#940 = CARTESIAN_POINT ( 'NONE',  ( -7.200000000000187583, 6.900000000000061640, -2.599999999999936584 ) ) ;
#941 = CARTESIAN_POINT ( 'NONE',  ( -1.500000000000213829, 6.400000000000062528, -1.599999999999945688 ) ) ;
#942 = PLANE ( 'NONE',  #1500 ) ;
#943 = DIRECTION ( 'NONE',  ( -0.000000000000000000, -1.000000000000000000, -0.000000000000000000 ) ) ;
#944 = ORIENTED_EDGE ( 'NONE', *, *, #3075, .T. ) ;
#945 = VERTEX_POINT ( 'NONE', #2899 ) ;
#946 = FACE_OUTER_BOUND ( 'NONE', #58, .T. ) ;
#947 = ADVANCED_FACE ( 'NONE', ( #839 ), #639, .F. ) ;
#948 = CARTESIAN_POINT ( 'NONE',  ( -6.700000000000189360, -0.8499999999999366951, 1.500000000000062839 ) ) ;
#949 = ORIENTED_EDGE ( 'NONE', *, *, #1826, .F. ) ;
#950 = CARTESIAN_POINT ( 'NONE',  ( 1.599999999999800471, 6.100000000000060929, 1.500000000000062839 ) ) ;
#951 = EDGE_CURVE ( 'NONE', #1244, #2466, #396, .T. ) ;
#952 = EDGE_CURVE ( 'NONE', #3183, #2711, #1380, .T. ) ;
#953 = CARTESIAN_POINT ( 'NONE',  ( -0.4500000000001854739, 2.020000000000063523, -1.799999999999928768 ) ) ;
#954 = ORIENTED_EDGE ( 'NONE', *, *, #678, .T. ) ;
#955 = CARTESIAN_POINT ( 'NONE',  ( 0.4499999999998125499, 2.020000000000063523, -1.799999999999928324 ) ) ;
#956 = CARTESIAN_POINT ( 'NONE',  ( -9.900000000000204636, 6.100000000000060929, -2.599999999999936584 ) ) ;
#957 = LINE ( 'NONE', #1482, #2846 ) ;
#958 = ORIENTED_EDGE ( 'NONE', *, *, #1131, .T. ) ;
#959 = CARTESIAN_POINT ( 'NONE',  ( -6.849038105676824806, 2.020000000000063523, -2.550000000000002931 ) ) ;
#960 = ORIENTED_EDGE ( 'NONE', *, *, #2204, .T. ) ;
#961 = DIRECTION ( 'NONE',  ( 1.000000000000000000, 0.000000000000000000, -0.000000000000000000 ) ) ;
#962 = AXIS2_PLACEMENT_3D ( 'NONE', #2309, #2539, #2072 ) ;
#963 = CARTESIAN_POINT ( 'NONE',  ( -2.950000000000185363, 2.020000000000063523, -1.799999999999928768 ) ) ;
#964 = VERTEX_POINT ( 'NONE', #2117 ) ;
#965 = CARTESIAN_POINT ( 'NONE',  ( -1.835640646055288983, 2.020000000000063523, -2.599999999999929479 ) ) ;
#966 = AXIS2_PLACEMENT_3D ( 'NONE', #2338, #379, #1362 ) ;
#967 = AXIS2_PLACEMENT_3D ( 'NONE', #2679, #2696, #478 ) ;
#968 =( GEOMETRIC_REPRESENTATION_CONTEXT ( 3 ) GLOBAL_UNCERTAINTY_ASSIGNED_CONTEXT ( ( #1669 ) ) GLOBAL_UNIT_ASSIGNED_CONTEXT ( ( #499, #32, #2742 ) ) REPRESENTATION_CONTEXT ( 'NONE', 'WORKASPACE' ) );
#969 = ADVANCED_FACE ( 'NONE', ( #670 ), #154, .F. ) ;
#970 = DIRECTION ( 'NONE',  ( -1.000000000000000000, 0.000000000000000000, 1.215927670077201423E-16 ) ) ;
#971 = VECTOR ( 'NONE', #267, 1000.000000000000000 ) ;
#972 = EDGE_LOOP ( 'NONE', ( #1806, #402, #1718, #844 ) ) ;
#973 = AXIS2_PLACEMENT_3D ( 'NONE', #1473, #1736, #2720 ) ;
#974 = LINE ( 'NONE', #1971, #457 ) ;
#975 = DIRECTION ( 'NONE',  ( 0.000000000000000000, 1.000000000000000000, 0.000000000000000000 ) ) ;
#976 = LINE ( 'NONE', #2966, #2222 ) ;
#977 = CARTESIAN_POINT ( 'NONE',  ( -9.100000000000205702, 6.900000000000061640, -1.599999999999945244 ) ) ;
#978 = DIRECTION ( 'NONE',  ( -0.000000000000000000, -1.000000000000000000, 0.000000000000000000 ) ) ;
#979 = ORIENTED_EDGE ( 'NONE', *, *, #2396, .F. ) ;
#980 = APPROVAL_STATUS ( 'not_yet_approved' ) ;
#981 = VERTEX_POINT ( 'NONE', #2328 ) ;
#982 = DIRECTION ( 'NONE',  ( 0.000000000000000000, -0.000000000000000000, -1.000000000000000000 ) ) ;
#983 = CARTESIAN_POINT ( 'NONE',  ( -0.8000000000001885603, 6.100000000000060929, 2.300000000000063327 ) ) ;
#984 = ORIENTED_EDGE ( 'NONE', *, *, #1234, .T. ) ;
#985 = EDGE_CURVE ( 'NONE', #2841, #1742, #624, .T. ) ;
#986 = EDGE_CURVE ( 'NONE', #1663, #484, #2632, .T. ) ;
#987 = CARTESIAN_POINT ( 'NONE',  ( -7.500000000000124345, 4.500000000000000888, 4.900593819634480042E-14 ) ) ;
#988 = CARTESIAN_POINT ( 'NONE',  ( -0.8000000000001955547, 1.000000000000049516, 1.500000000000062839 ) ) ;
#989 = CARTESIAN_POINT ( 'NONE',  ( -8.000000000000174083, 1.000000000000046629, 2.300000000000063327 ) ) ;
#990 = VERTEX_POINT ( 'NONE', #1121 ) ;
#991 = LINE ( 'NONE', #1990, #1330 ) ;
#992 = ORIENTED_EDGE ( 'NONE', *, *, #580, .F. ) ;
#993 = CARTESIAN_POINT ( 'NONE',  ( -6.835640646055288983, 2.020000000000063523, -2.599999999999929479 ) ) ;
#994 = PERSON_AND_ORGANIZATION_ROLE ( 'creator' ) ;
#995 = VERTEX_POINT ( 'NONE', #605 ) ;
#996 = CARTESIAN_POINT ( 'NONE',  ( -2.050000000000208988, 6.400000000000062528, -2.099999999999945910 ) ) ;
#997 = LINE ( 'NONE', #1297, #377 ) ;
#998 = EDGE_LOOP ( 'NONE', ( #2836, #318, #2354, #1994 ) ) ;
#999 = EDGE_CURVE ( 'NONE', #1587, #424, #3108, .T. ) ;
#1000 = CARTESIAN_POINT ( 'NONE',  ( -7.950000000000207123, 6.400000000000062528, -2.099999999999944578 ) ) ;
#1001 = DIRECTION ( 'NONE',  ( 0.000000000000000000, 1.000000000000000000, 0.000000000000000000 ) ) ;
#1002 = DIRECTION ( 'NONE',  ( 0.8660254037844361541, 1.404032335268369279E-16, 0.5000000000000042188 ) ) ;
#1003 = PLANE ( 'NONE',  #1704 ) ;
#1004 = CC_DESIGN_PERSON_AND_ORGANIZATION_ASSIGNMENT ( #1678, #582, ( #1701 ) ) ;
#1005 = EDGE_CURVE ( 'NONE', #1084, #1699, #166, .T. ) ;
#1006 = EDGE_CURVE ( 'NONE', #1159, #1489, #2661, .T. ) ;
#1007 = ORIENTED_EDGE ( 'NONE', *, *, #1970, .F. ) ;
#1008 = LINE ( 'NONE', #177, #2270 ) ;
#1009 = PERSON_AND_ORGANIZATION_ROLE ( 'design_owner' ) ;
#1010 = EDGE_LOOP ( 'NONE', ( #2884, #1613, #2753, #257, #13, #853, #1228, #2958 ) ) ;
#1011 = LINE ( 'NONE', #2013, #1814 ) ;
#1012 = CIRCLE ( 'NONE', #962, 0.4999999999999998890 ) ;
#1013 = LINE ( 'NONE', #2033, #2239 ) ;
#1014 = ORIENTED_EDGE ( 'NONE', *, *, #2601, .T. ) ;
#1015 = AXIS2_PLACEMENT_3D ( 'NONE', #728, #1237, #2224 ) ;
#1016 = VECTOR ( 'NONE', #2565, 1000.000000000000000 ) ;
#1017 = CIRCLE ( 'NONE', #2995, 0.8000000000000009326 ) ;
#1018 = AXIS2_PLACEMENT_3D ( 'NONE', #2582, #344, #2385 ) ;
#1019 = DIRECTION ( 'NONE',  ( 1.626303258728266758E-16, -0.000000000000000000, 1.000000000000000000 ) ) ;
#1020 = DIRECTION ( 'NONE',  ( 0.000000000000000000, -1.000000000000000000, -2.209838822900391082E-16 ) ) ;
#1021 = ORIENTED_EDGE ( 'NONE', *, *, #2982, .F. ) ;
#1022 = CIRCLE ( 'NONE', #973, 0.5000000000000001110 ) ;
#1023 = VECTOR ( 'NONE', #1307, 1000.000000000000000 ) ;
#1024 = LINE ( 'NONE', #1827, #1862 ) ;
#1025 = ORIENTED_EDGE ( 'NONE', *, *, #1168, .T. ) ;
#1026 = CIRCLE ( 'NONE', #616, 0.5000000000000007772 ) ;
#1027 = CARTESIAN_POINT ( 'NONE',  ( -2.500000000000125677, 0.000000000000000000, 1.387778780781445676E-14 ) ) ;
#1028 = EDGE_LOOP ( 'NONE', ( #1340, #1516, #3194, #295 ) ) ;
#1029 = VERTEX_POINT ( 'NONE', #214 ) ;
#1030 = ADVANCED_FACE ( 'NONE', ( #1240 ), #2453, .F. ) ;
#1031 = EDGE_CURVE ( 'NONE', #2381, #1571, #2895, .T. ) ;
#1032 = CARTESIAN_POINT ( 'NONE',  ( -1.795438797635995343E-13, 3.450000000000062350, 1.500000000000062839 ) ) ;
#1033 = APPROVAL_STATUS ( 'not_yet_approved' ) ;
#1034 = ORIENTED_EDGE ( 'NONE', *, *, #2733, .T. ) ;
#1035 = DIRECTION ( 'NONE',  ( 0.000000000000000000, -0.000000000000000000, -1.000000000000000000 ) ) ;
#1036 = DIRECTION ( 'NONE',  ( -0.000000000000000000, -0.000000000000000000, -1.000000000000000000 ) ) ;
#1037 = EDGE_LOOP ( 'NONE', ( #153, #600, #2738, #3101 ) ) ;
#1038 = DIRECTION ( 'NONE',  ( 0.000000000000000000, 0.000000000000000000, 1.000000000000000000 ) ) ;
#1039 = CARTESIAN_POINT ( 'NONE',  ( -7.500000000000124345, 0.000000000000000000, 0.5000000000000489608 ) ) ;
#1040 = ORIENTED_EDGE ( 'NONE', *, *, #904, .T. ) ;
#1041 = DIRECTION ( 'NONE',  ( 0.000000000000000000, 1.000000000000000000, 0.000000000000000000 ) ) ;
#1042 = VERTEX_POINT ( 'NONE', #1715 ) ;
#1043 = DIRECTION ( 'NONE',  ( -0.000000000000000000, 1.000000000000000000, -0.000000000000000000 ) ) ;
#1044 = EDGE_CURVE ( 'NONE', #2080, #160, #1222, .T. ) ;
#1045 = LINE ( 'NONE', #1786, #99 ) ;
#1046 = ORIENTED_EDGE ( 'NONE', *, *, #1367, .T. ) ;
#1047 = DIRECTION ( 'NONE',  ( 0.000000000000000000, -1.000000000000000000, 0.000000000000000000 ) ) ;
#1048 = FACE_OUTER_BOUND ( 'NONE', #72, .T. ) ;
#1049 = EDGE_CURVE ( 'NONE', #3026, #1596, #974, .T. ) ;
#1050 = ORIENTED_EDGE ( 'NONE', *, *, #1288, .T. ) ;
#1051 = CARTESIAN_POINT ( 'NONE',  ( -7.050000000000208544, 6.400000000000062528, -2.099999999999944578 ) ) ;
#1052 = CARTESIAN_POINT ( 'NONE',  ( -5.000000000000205169, 5.400000000000062528, -0.9999999999999080735 ) ) ;
#1053 = VERTEX_POINT ( 'NONE', #201 ) ;
#1054 = LINE ( 'NONE', #1302, #3008 ) ;
#1055 = EDGE_LOOP ( 'NONE', ( #2268, #1046, #1749, #1796 ) ) ;
#1056 = CARTESIAN_POINT ( 'NONE',  ( -8.500000000000202505, 6.400000000000062528, -1.599999999999937028 ) ) ;
#1057 = ORIENTED_EDGE ( 'NONE', *, *, #1049, .F. ) ;
#1058 = PLANE ( 'NONE',  #200 ) ;
#1059 = VERTEX_POINT ( 'NONE', #730 ) ;
#1060 = DIRECTION ( 'NONE',  ( -1.000000000000000000, 0.000000000000000000, -0.000000000000000000 ) ) ;
#1061 = LINE ( 'NONE', #2793, #1983 ) ;
#1062 = ORIENTED_EDGE ( 'NONE', *, *, #2883, .T. ) ;
#1063 = ORIENTED_EDGE ( 'NONE', *, *, #1969, .T. ) ;
#1064 = EDGE_CURVE ( 'NONE', #1359, #368, #2179, .T. ) ;
#1065 = EDGE_CURVE ( 'NONE', #2395, #1472, #1730, .T. ) ;
#1066 = DIRECTION ( 'NONE',  ( -0.000000000000000000, 1.000000000000000000, -0.000000000000000000 ) ) ;
#1067 = DIRECTION ( 'NONE',  ( 0.000000000000000000, 1.000000000000000000, 0.000000000000000000 ) ) ;
#1068 = AXIS2_PLACEMENT_3D ( 'NONE', #903, #1642, #1599 ) ;
#1069 = ORIENTED_EDGE ( 'NONE', *, *, #1005, .F. ) ;
#1070 = AXIS2_PLACEMENT_3D ( 'NONE', #2487, #2697, #686 ) ;
#1071 = VECTOR ( 'NONE', #1149, 1000.000000000000000 ) ;
#1072 = CC_DESIGN_APPROVAL ( #522, ( #1701 ) ) ;
#1073 = DIRECTION ( 'NONE',  ( 0.000000000000000000, 1.000000000000000000, 0.000000000000000000 ) ) ;
#1074 = CARTESIAN_POINT ( 'NONE',  ( -8.150961894323547341, 0.000000000000000000, -2.550000000000002487 ) ) ;
#1075 = AXIS2_PLACEMENT_3D ( 'NONE', #2286, #1296, #1523 ) ;
#1076 = VECTOR ( 'NONE', #1603, 1000.000000000000000 ) ;
#1077 = EDGE_LOOP ( 'NONE', ( #127, #1104, #2637, #2505 ) ) ;
#1078 = VECTOR ( 'NONE', #485, 1000.000000000000000 ) ;
#1079 = LINE ( 'NONE', #609, #1076 ) ;
#1080 = PERSON_AND_ORGANIZATION ( #1378, #2736 ) ;
#1081 = VERTEX_POINT ( 'NONE', #1937 ) ;
#1082 = FACE_BOUND ( 'NONE', #2479, .T. ) ;
#1083 = CARTESIAN_POINT ( 'NONE',  ( 0.4499999999997899569, 6.900000000000063416, -1.599999999999946132 ) ) ;
#1084 = VERTEX_POINT ( 'NONE', #2713 ) ;
#1085 = ORIENTED_EDGE ( 'NONE', *, *, #3097, .T. ) ;
#1086 = CARTESIAN_POINT ( 'NONE',  ( 0.4999999999998278599, 1.000000000000054845, 2.300000000000063327 ) ) ;
#1087 = CARTESIAN_POINT ( 'NONE',  ( -8.000000000000174083, 3.450000000000061462, 2.300000000000063327 ) ) ;
#1088 = EDGE_LOOP ( 'NONE', ( #2252, #792, #2726, #1459 ) ) ;
#1089 = ADVANCED_FACE ( 'NONE', ( #1480 ), #2467, .F. ) ;
#1090 = EDGE_CURVE ( 'NONE', #160, #1699, #1124, .T. ) ;
#1091 = DIRECTION ( 'NONE',  ( 0.9659258262890683122, -0.000000000000000000, 0.2588190451025207950 ) ) ;
#1092 = DIRECTION ( 'NONE',  ( -0.000000000000000000, 1.000000000000000000, -0.000000000000000000 ) ) ;
#1093 = EDGE_CURVE ( 'NONE', #1472, #2126, #10, .T. ) ;
#1094 = EDGE_CURVE ( 'NONE', #1620, #2317, #3202, .T. ) ;
#1095 = EDGE_LOOP ( 'NONE', ( #1116, #3047, #2942, #1476 ) ) ;
#1096 = CARTESIAN_POINT ( 'NONE',  ( 2.399999999999805844, 6.100000000000078693, -0.4881197846482304703 ) ) ;
#1097 = ORIENTED_EDGE ( 'NONE', *, *, #1215, .T. ) ;
#1098 = FACE_OUTER_BOUND ( 'NONE', #2370, .T. ) ;
#1099 = CARTESIAN_POINT ( 'NONE',  ( -2.500000000000125677, 0.000000000000000000, -0.4999999999999862332 ) ) ;
#1100 = VERTEX_POINT ( 'NONE', #1693 ) ;
#1101 = ORIENTED_EDGE ( 'NONE', *, *, #579, .T. ) ;
#1102 = CARTESIAN_POINT ( 'NONE',  ( -5.450000000000185807, 0.000000000000000000, -1.799999999999928768 ) ) ;
#1103 = LINE ( 'NONE', #1658, #3201 ) ;
#1104 = ORIENTED_EDGE ( 'NONE', *, *, #1193, .T. ) ;
#1105 = EDGE_CURVE ( 'NONE', #2843, #1483, #1951, .T. ) ;
#1106 = CYLINDRICAL_SURFACE ( 'NONE', #311, 0.4999999999999998890 ) ;
#1107 = LINE ( 'NONE', #1381, #1540 ) ;
#1108 = VERTEX_POINT ( 'NONE', #2160 ) ;
#1109 = ADVANCED_FACE ( 'NONE', ( #1660 ), #2913, .F. ) ;
#1110 = EDGE_CURVE ( 'NONE', #1424, #1839, #1435, .T. ) ;
#1111 = DIRECTION ( 'NONE',  ( 0.000000000000000000, 0.000000000000000000, 1.000000000000000000 ) ) ;
#1112 = ORIENTED_EDGE ( 'NONE', *, *, #277, .F. ) ;
#1113 = DIRECTION ( 'NONE',  ( 0.000000000000000000, 0.000000000000000000, 1.000000000000000000 ) ) ;
#1114 = DIRECTION ( 'NONE',  ( 0.000000000000000000, -0.000000000000000000, 1.000000000000000000 ) ) ;
#1115 = ORIENTED_EDGE ( 'NONE', *, *, #2007, .F. ) ;
#1116 = ORIENTED_EDGE ( 'NONE', *, *, #52, .F. ) ;
#1117 = PLANE ( 'NONE',  #297 ) ;
#1118 = PLANE ( 'NONE',  #2212 ) ;
#1119 = ORIENTED_EDGE ( 'NONE', *, *, #3096, .F. ) ;
#1120 = AXIS2_PLACEMENT_3D ( 'NONE', #2118, #123, #874 ) ;
#1121 = CARTESIAN_POINT ( 'NONE',  ( -5.450000000000206235, 6.900000000000062528, -2.099999999999945022 ) ) ;
#1122 = FACE_OUTER_BOUND ( 'NONE', #2435, .T. ) ;
#1123 = AXIS2_PLACEMENT_3D ( 'NONE', #279, #1020, #3012 ) ;
#1124 = CIRCLE ( 'NONE', #1756, 0.5000000000000001110 ) ;
#1125 = VECTOR ( 'NONE', #2269, 1000.000000000000000 ) ;
#1126 = LINE ( 'NONE', #401, #1127 ) ;
#1127 = VECTOR ( 'NONE', #1863, 1000.000000000000000 ) ;
#1128 = ORIENTED_EDGE ( 'NONE', *, *, #1776, .F. ) ;
#1129 = CARTESIAN_POINT ( 'NONE',  ( -2.500000000000206057, 5.400000000000062528, 0.6000000000000775824 ) ) ;
#1130 = EDGE_CURVE ( 'NONE', #394, #500, #3172, .T. ) ;
#1131 = EDGE_CURVE ( 'NONE', #2279, #235, #3154, .T. ) ;
#1132 = VECTOR ( 'NONE', #1344, 1000.000000000000000 ) ;
#1133 = CARTESIAN_POINT ( 'NONE',  ( -8.000000000000174083, 1.000000000000046629, 2.300000000000063327 ) ) ;
#1134 = EDGE_LOOP ( 'NONE', ( #469, #1432 ) ) ;
#1135 = ORIENTED_EDGE ( 'NONE', *, *, #1234, .F. ) ;
#1136 = CARTESIAN_POINT ( 'NONE',  ( -7.950000000000207123, 6.400000000000062528, -1.599999999999937028 ) ) ;
#1137 = DIRECTION ( 'NONE',  ( 0.000000000000000000, 1.000000000000000000, 0.000000000000000000 ) ) ;
#1138 = VERTEX_POINT ( 'NONE', #955 ) ;
#1139 = CARTESIAN_POINT ( 'NONE',  ( -5.450000000000206235, 6.400000000000062528, -1.599999999999937250 ) ) ;
#1140 = CARTESIAN_POINT ( 'NONE',  ( -0.8000000000001955547, 1.000000000000047518, 2.300000000000063327 ) ) ;
#1141 = DIRECTION ( 'NONE',  ( 0.000000000000000000, 0.000000000000000000, 1.000000000000000000 ) ) ;
#1142 = ORIENTED_EDGE ( 'NONE', *, *, #2818, .T. ) ;
#1143 = CARTESIAN_POINT ( 'NONE',  ( -8.000000000000174083, -0.8499999999999366951, 1.500000000000062839 ) ) ;
#1144 = ORIENTED_EDGE ( 'NONE', *, *, #2583, .T. ) ;
#1145 = EDGE_CURVE ( 'NONE', #16, #1053, #2750, .T. ) ;
#1146 = CARTESIAN_POINT ( 'NONE',  ( -1.252725387993669324E-13, 0.000000000000000000, -0.5000000000000042188 ) ) ;
#1147 = ORIENTED_EDGE ( 'NONE', *, *, #2540, .T. ) ;
#1148 = ORIENTED_EDGE ( 'NONE', *, *, #928, .T. ) ;
#1149 = DIRECTION ( 'NONE',  ( 1.000000000000000000, 5.671211363770228819E-15, -0.000000000000000000 ) ) ;
#1150 = ADVANCED_FACE ( 'NONE', ( #59 ), #1299, .F. ) ;
#1151 = EDGE_CURVE ( 'NONE', #3057, #2191, #2265, .T. ) ;
#1152 = DIRECTION ( 'NONE',  ( 1.000000000000000000, 1.561251128379146264E-14, 0.000000000000000000 ) ) ;
#1153 = EDGE_LOOP ( 'NONE', ( #2743, #309, #814, #849 ) ) ;
#1154 = CARTESIAN_POINT ( 'NONE',  ( -5.000000000000126121, -1.414213562373096922, 0.5000000000000317524 ) ) ;
#1155 = CARTESIAN_POINT ( 'NONE',  ( -8.000000000000174083, 3.450000000000061462, 2.300000000000063327 ) ) ;
#1156 = DATE_AND_TIME ( #1403, #1855 ) ;
#1157 = VERTEX_POINT ( 'NONE', #2275 ) ;
#1158 = CARTESIAN_POINT ( 'NONE',  ( -6.835640646055288983, 0.000000000000000000, -2.599999999999929479 ) ) ;
#1159 = VERTEX_POINT ( 'NONE', #73 ) ;
#1160 = CARTESIAN_POINT ( 'NONE',  ( -2.950000000000206679, 6.400000000000062528, -2.099999999999945466 ) ) ;
#1161 = ORIENTED_EDGE ( 'NONE', *, *, #2070, .T. ) ;
#1162 = CARTESIAN_POINT ( 'NONE',  ( -9.100000000000205702, 1.000000000000054845, 1.500000000000062839 ) ) ;
#1163 = VERTEX_POINT ( 'NONE', #1051 ) ;
#1164 = CARTESIAN_POINT ( 'NONE',  ( 0.4999999999998278599, 1.000000000000054845, 2.300000000000063327 ) ) ;
#1165 = CARTESIAN_POINT ( 'NONE',  ( -3.750000000000125233, 4.500000000000000888, -3.035766082959412415E-15 ) ) ;
#1166 = DIRECTION ( 'NONE',  ( 0.000000000000000000, 1.000000000000000000, 0.000000000000000000 ) ) ;
#1167 = ORIENTED_EDGE ( 'NONE', *, *, #1568, .T. ) ;
#1168 = EDGE_CURVE ( 'NONE', #1446, #2150, #1809, .T. ) ;
#1169 = DIRECTION ( 'NONE',  ( 0.000000000000000000, 1.000000000000000000, 0.000000000000000000 ) ) ;
#1170 = CARTESIAN_POINT ( 'NONE',  ( -9.900000000000204636, 6.100000000000060929, 1.500000000000062839 ) ) ;
#1171 = APPROVAL_STATUS ( 'not_yet_approved' ) ;
#1172 = VECTOR ( 'NONE', #416, 1000.000000000000114 ) ;
#1173 = CARTESIAN_POINT ( 'NONE',  ( -6.700000000000177813, 1.000000000000046629, 2.300000000000063327 ) ) ;
#1174 = EDGE_LOOP ( 'NONE', ( #1519, #1057, #2216, #165 ) ) ;
#1175 = CARTESIAN_POINT ( 'NONE',  ( -1.000000000000202505, 6.400000000000062528, -1.599999999999938138 ) ) ;
#1176 = AXIS2_PLACEMENT_3D ( 'NONE', #1577, #1549, #574 ) ;
#1177 = EDGE_LOOP ( 'NONE', ( #1941, #19, #488, #84, #2093, #1317, #1097, #473, #1655, #787, #337 ) ) ;
#1178 = LOCAL_TIME ( 19, 53, 45.00000000000000000, #766 ) ;
#1179 = DIRECTION ( 'NONE',  ( 0.000000000000000000, -0.000000000000000000, -1.000000000000000000 ) ) ;
#1180 = CIRCLE ( 'NONE', #197, 0.5000000000000007772 ) ;
#1181 = VECTOR ( 'NONE', #1557, 1000.000000000000000 ) ;
#1182 = DIRECTION ( 'NONE',  ( -1.000000000000000000, -0.000000000000000000, 0.000000000000000000 ) ) ;
#1183 = EDGE_LOOP ( 'NONE', ( #223, #750, #1821, #2131 ) ) ;
#1184 = DIRECTION ( 'NONE',  ( -1.000000000000000000, -5.671211363770228819E-15, 0.000000000000000000 ) ) ;
#1185 = VECTOR ( 'NONE', #2091, 1000.000000000000000 ) ;
#1186 = VECTOR ( 'NONE', #2910, 1000.000000000000000 ) ;
#1187 = AXIS2_PLACEMENT_3D ( 'NONE', #2538, #2550, #282 ) ;
#1188 = PLANE ( 'NONE',  #2064 ) ;
#1189 = LINE ( 'NONE', #2927, #350 ) ;
#1190 = ORIENTED_EDGE ( 'NONE', *, *, #1311, .T. ) ;
#1191 = DIRECTION ( 'NONE',  ( 0.000000000000000000, 1.000000000000000000, 0.000000000000000000 ) ) ;
#1192 = DIRECTION ( 'NONE',  ( 0.000000000000000000, -0.000000000000000000, -1.000000000000000000 ) ) ;
#1193 = EDGE_CURVE ( 'NONE', #2721, #1620, #2991, .T. ) ;
#1194 = EDGE_CURVE ( 'NONE', #1739, #2977, #1180, .T. ) ;
#1195 = DIRECTION ( 'NONE',  ( 1.626303258728266758E-16, -0.000000000000000000, 1.000000000000000000 ) ) ;
#1196 = FACE_OUTER_BOUND ( 'NONE', #2458, .T. ) ;
#1197 = CC_DESIGN_PERSON_AND_ORGANIZATION_ASSIGNMENT ( #1080, #2820, ( #96 ) ) ;
#1198 = ADVANCED_FACE ( 'NONE', ( #1793 ), #2065, .T. ) ;
#1199 = VERTEX_POINT ( 'NONE', #2534 ) ;
#1200 = DIRECTION ( 'NONE',  ( -1.000000000000000000, -1.621236893436268400E-16, 0.000000000000000000 ) ) ;
#1201 = LINE ( 'NONE', #948, #1595 ) ;
#1202 = ORIENTED_EDGE ( 'NONE', *, *, #3136, .F. ) ;
#1203 = DIRECTION ( 'NONE',  ( 0.000000000000000000, -1.000000000000000000, 0.000000000000000000 ) ) ;
#1204 = EDGE_LOOP ( 'NONE', ( #356, #926, #1167, #2430 ) ) ;
#1205 = PLANE ( 'NONE',  #1015 ) ;
#1206 = ORIENTED_EDGE ( 'NONE', *, *, #2635, .T. ) ;
#1207 = VECTOR ( 'NONE', #172, 1000.000000000000114 ) ;
#1208 = CARTESIAN_POINT ( 'NONE',  ( -7.500000000000203393, 5.400000000000062528, 0.6000000000001108891 ) ) ;
#1209 = DIRECTION ( 'NONE',  ( -0.000000000000000000, 1.000000000000000000, -0.000000000000000000 ) ) ;
#1210 = ADVANCED_FACE ( 'NONE', ( #801 ), #573, .F. ) ;
#1211 = DIRECTION ( 'NONE',  ( 1.000000000000000000, -0.000000000000000000, 0.000000000000000000 ) ) ;
#1212 = CARTESIAN_POINT ( 'NONE',  ( -4.335640646055288983, 2.020000000000063523, -2.599999999999929479 ) ) ;
#1213 = ORIENTED_EDGE ( 'NONE', *, *, #1646, .T. ) ;
#1214 = FACE_OUTER_BOUND ( 'NONE', #1174, .T. ) ;
#1215 = EDGE_CURVE ( 'NONE', #1489, #186, #37, .T. ) ;
#1216 = ADVANCED_FACE ( 'NONE', ( #553 ), #757, .F. ) ;
#1217 = CARTESIAN_POINT ( 'NONE',  ( -5.000000000000205169, 6.400000000000062528, -0.9999999999999082956 ) ) ;
#1218 = EDGE_LOOP ( 'NONE', ( #637, #3052, #1981, #1709 ) ) ;
#1219 = DIRECTION ( 'NONE',  ( 0.000000000000000000, -0.000000000000000000, -1.000000000000000000 ) ) ;
#1220 = LINE ( 'NONE', #427, #1543 ) ;
#1221 = ORIENTED_EDGE ( 'NONE', *, *, #1306, .F. ) ;
#1222 = LINE ( 'NONE', #429, #406 ) ;
#1223 = CARTESIAN_POINT ( 'NONE',  ( -7.500000000000203393, 6.400000000000062528, -0.1999999999998882116 ) ) ;
#1224 = DIRECTION ( 'NONE',  ( 0.000000000000000000, -0.000000000000000000, -1.000000000000000000 ) ) ;
#1225 = DIRECTION ( 'NONE',  ( 0.000000000000000000, 1.000000000000000000, 0.000000000000000000 ) ) ;
#1226 = ORIENTED_EDGE ( 'NONE', *, *, #1734, .T. ) ;
#1227 = CARTESIAN_POINT ( 'NONE',  ( -7.050000000000187228, 2.020000000000063523, -1.799999999999928324 ) ) ;
#1228 = ORIENTED_EDGE ( 'NONE', *, *, #537, .T. ) ;
#1229 = AXIS2_PLACEMENT_3D ( 'NONE', #1354, #3109, #2633 ) ;
#1230 = CARTESIAN_POINT ( 'NONE',  ( -7.500000000000124345, -1.414213562373096922, 0.5000000000000489608 ) ) ;
#1231 = EDGE_LOOP ( 'NONE', ( #1811, #2169, #2575, #2937 ) ) ;
#1232 = EDGE_CURVE ( 'NONE', #1739, #2213, #1562, .T. ) ;
#1233 = CARTESIAN_POINT ( 'NONE',  ( -8.164359353945084052, 2.020000000000063523, -2.599999999999929479 ) ) ;
#1234 = EDGE_CURVE ( 'NONE', #595, #1787, #2035, .T. ) ;
#1235 = VECTOR ( 'NONE', #202, 1000.000000000000000 ) ;
#1236 = AXIS2_PLACEMENT_3D ( 'NONE', #2486, #1255, #1527 ) ;
#1237 = DIRECTION ( 'NONE',  ( -0.9659258262890683122, 0.000000000000000000, 0.2588190451025209060 ) ) ;
#1238 = ORIENTED_EDGE ( 'NONE', *, *, #540, .T. ) ;
#1239 = VECTOR ( 'NONE', #114, 1000.000000000000000 ) ;
#1240 = FACE_OUTER_BOUND ( 'NONE', #188, .T. ) ;
#1241 = DIRECTION ( 'NONE',  ( -0.000000000000000000, 1.000000000000000000, 0.000000000000000000 ) ) ;
#1242 = FACE_OUTER_BOUND ( 'NONE', #632, .T. ) ;
#1243 = CARTESIAN_POINT ( 'NONE',  ( -7.950000000000185807, 0.000000000000000000, -1.799999999999928768 ) ) ;
#1244 = VERTEX_POINT ( 'NONE', #541 ) ;
#1245 = LINE ( 'NONE', #993, #1857 ) ;
#1246 = CARTESIAN_POINT ( 'NONE',  ( 0.000000000000000000, 0.000000000000000000, 0.000000000000000000 ) ) ;
#1247 = ORIENTED_EDGE ( 'NONE', *, *, #540, .F. ) ;
#1248 = FACE_OUTER_BOUND ( 'NONE', #2335, .T. ) ;
#1249 = EDGE_CURVE ( 'NONE', #2051, #3199, #2240, .T. ) ;
#1250 = LINE ( 'NONE', #865, #887 ) ;
#1251 = EDGE_LOOP ( 'NONE', ( #221, #2553, #698, #131 ) ) ;
#1252 = EDGE_CURVE ( 'NONE', #2977, #1739, #857, .T. ) ;
#1253 = ADVANCED_FACE ( 'NONE', ( #1743 ), #508, .F. ) ;
#1254 = EDGE_CURVE ( 'NONE', #399, #1199, #2778, .T. ) ;
#1255 = DIRECTION ( 'NONE',  ( -1.000000000000000000, 0.000000000000000000, 0.000000000000000000 ) ) ;
#1256 = CARTESIAN_POINT ( 'NONE',  ( -4.550000000000187228, 0.000000000000000000, -1.799999999999928324 ) ) ;
#1257 = CARTESIAN_POINT ( 'NONE',  ( -2.090341788552052549E-13, 5.400000000000062528, -0.1999999999999406697 ) ) ;
#1258 = CARTESIAN_POINT ( 'NONE',  ( -1.000000000000202949, 6.900000000000063416, 0.8000000000000532241 ) ) ;
#1259 = EDGE_LOOP ( 'NONE', ( #1856, #1505, #1843, #1771 ) ) ;
#1260 = DIRECTION ( 'NONE',  ( 0.000000000000000000, 1.000000000000000000, -0.000000000000000000 ) ) ;
#1261 = LINE ( 'NONE', #1537, #913 ) ;
#1262 = ORIENTED_EDGE ( 'NONE', *, *, #2517, .T. ) ;
#1263 = PLANE ( 'NONE',  #2164 ) ;
#1264 = PLANE ( 'NONE',  #2235 ) ;
#1265 = ORIENTED_EDGE ( 'NONE', *, *, #1689, .T. ) ;
#1266 = DIRECTION ( 'NONE',  ( -0.000000000000000000, 1.000000000000000000, -0.000000000000000000 ) ) ;
#1267 = DIRECTION ( 'NONE',  ( 1.626303258728266758E-16, -0.000000000000000000, 1.000000000000000000 ) ) ;
#1268 = EDGE_CURVE ( 'NONE', #7, #748, #1764, .T. ) ;
#1269 = EDGE_CURVE ( 'NONE', #2288, #1157, #2095, .T. ) ;
#1270 = LINE ( 'NONE', #2519, #2327 ) ;
#1271 = ORIENTED_EDGE ( 'NONE', *, *, #2584, .T. ) ;
#1272 = FACE_OUTER_BOUND ( 'NONE', #627, .T. ) ;
#1273 = CARTESIAN_POINT ( 'NONE',  ( -4.000000000000214051, 6.900000000000062528, -1.599999999999945244 ) ) ;
#1274 = VERTEX_POINT ( 'NONE', #3072 ) ;
#1275 = CARTESIAN_POINT ( 'NONE',  ( -7.050000000000208544, 6.900000000000061640, -2.599999999999936584 ) ) ;
#1276 = VECTOR ( 'NONE', #625, 1000.000000000000000 ) ;
#1277 = PLANE ( 'NONE',  #1982 ) ;
#1278 = ORIENTED_EDGE ( 'NONE', *, *, #26, .T. ) ;
#1279 = CIRCLE ( 'NONE', #2627, 0.5000000000000001110 ) ;
#1280 = VECTOR ( 'NONE', #392, 1000.000000000000000 ) ;
#1281 = VECTOR ( 'NONE', #3196, 1000.000000000000000 ) ;
#1282 = DIRECTION ( 'NONE',  ( 0.000000000000000000, 0.000000000000000000, -1.000000000000000000 ) ) ;
#1283 = DIRECTION ( 'NONE',  ( 0.000000000000000000, 0.000000000000000000, 1.000000000000000000 ) ) ;
#1284 = ORIENTED_EDGE ( 'NONE', *, *, #1383, .F. ) ;
#1285 = VECTOR ( 'NONE', #2775, 1000.000000000000000 ) ;
#1286 = CARTESIAN_POINT ( 'NONE',  ( 0.4499999999997899569, 6.400000000000062528, -2.099999999999946354 ) ) ;
#1287 = ORIENTED_EDGE ( 'NONE', *, *, #654, .F. ) ;
#1288 = EDGE_CURVE ( 'NONE', #1864, #831, #1611, .T. ) ;
#1289 = AXIS2_PLACEMENT_3D ( 'NONE', #775, #43, #826 ) ;
#1290 = DIRECTION ( 'NONE',  ( 0.2588190451025207950, 0.000000000000000000, -0.9659258262890683122 ) ) ;
#1291 = ORIENTED_EDGE ( 'NONE', *, *, #124, .F. ) ;
#1292 = PRODUCT_RELATED_PRODUCT_CATEGORY ( 'detail', '', ( #2807 ) ) ;
#1293 = EDGE_CURVE ( 'NONE', #2821, #2970, #619, .T. ) ;
#1294 = CARTESIAN_POINT ( 'NONE',  ( -4.550000000000209432, 6.400000000000062528, -1.599999999999937250 ) ) ;
#1295 = VERTEX_POINT ( 'NONE', #1375 ) ;
#1296 = DIRECTION ( 'NONE',  ( 0.000000000000000000, 1.000000000000000000, 0.000000000000000000 ) ) ;
#1297 = CARTESIAN_POINT ( 'NONE',  ( -0.8000000000001885603, 6.100000000000060929, 2.300000000000063327 ) ) ;
#1298 = ORIENTED_EDGE ( 'NONE', *, *, #2596, .T. ) ;
#1299 = CYLINDRICAL_SURFACE ( 'NONE', #2678, 0.8000000000000009326 ) ;
#1300 = FACE_OUTER_BOUND ( 'NONE', #705, .T. ) ;
#1301 = VERTEX_POINT ( 'NONE', #1592 ) ;
#1302 = CARTESIAN_POINT ( 'NONE',  ( -7.139470958122322131, 6.900000000000061640, -5.995735910246722256 ) ) ;
#1303 = ORIENTED_EDGE ( 'NONE', *, *, #3163, .T. ) ;
#1304 = VECTOR ( 'NONE', #1326, 1000.000000000000000 ) ;
#1305 = LINE ( 'NONE', #77, #2568 ) ;
#1306 = EDGE_CURVE ( 'NONE', #2279, #1507, #132, .T. ) ;
#1307 = DIRECTION ( 'NONE',  ( -2.014517585005324304E-15, 1.000000000000000000, 0.000000000000000000 ) ) ;
#1308 = DIRECTION ( 'NONE',  ( -0.000000000000000000, 1.000000000000000000, -0.000000000000000000 ) ) ;
#1309 = ORIENTED_EDGE ( 'NONE', *, *, #2302, .T. ) ;
#1310 = CARTESIAN_POINT ( 'NONE',  ( -7.500000000000203393, 5.400000000000062528, -0.1999999999998882116 ) ) ;
#1311 = EDGE_CURVE ( 'NONE', #1798, #531, #2337, .T. ) ;
#1312 = CARTESIAN_POINT ( 'NONE',  ( 1.599999999999810685, 12.10000000000007603, -0.9499999999999404476 ) ) ;
#1313 = VERTEX_POINT ( 'NONE', #1136 ) ;
#1314 = ORIENTED_EDGE ( 'NONE', *, *, #1714, .T. ) ;
#1315 = CARTESIAN_POINT ( 'NONE',  ( -9.900000000000204636, 6.100000000000060929, 1.500000000000062839 ) ) ;
#1316 = CARTESIAN_POINT ( 'NONE',  ( -5.000000000000126121, -1.414213562373096922, 3.165870343657672947E-14 ) ) ;
#1317 = ORIENTED_EDGE ( 'NONE', *, *, #1006, .T. ) ;
#1318 = DIRECTION ( 'NONE',  ( 1.000000000000000000, -0.000000000000000000, 0.000000000000000000 ) ) ;
#1319 = LINE ( 'NONE', #2815, #1487 ) ;
#1320 = ORIENTED_EDGE ( 'NONE', *, *, #462, .T. ) ;
#1321 = DIRECTION ( 'NONE',  ( 1.000000000000000000, 0.000000000000000000, 0.000000000000000000 ) ) ;
#1322 = ORIENTED_EDGE ( 'NONE', *, *, #81, .T. ) ;
#1323 = LINE ( 'NONE', #3053, #715 ) ;
#1324 = EDGE_CURVE ( 'NONE', #390, #2409, #1851, .T. ) ;
#1325 = ADVANCED_FACE ( 'NONE', ( #2111 ), #1823, .F. ) ;
#1326 = DIRECTION ( 'NONE',  ( 1.000000000000000000, 0.000000000000000000, -0.000000000000000000 ) ) ;
#1327 = ORIENTED_EDGE ( 'NONE', *, *, #905, .T. ) ;
#1328 = EDGE_CURVE ( 'NONE', #2210, #2686, #2848, .T. ) ;
#1329 = ORIENTED_EDGE ( 'NONE', *, *, #519, .T. ) ;
#1330 = VECTOR ( 'NONE', #1504, 1000.000000000000000 ) ;
#1331 = FACE_OUTER_BOUND ( 'NONE', #2027, .T. ) ;
#1332 = PLANE ( 'NONE',  #966 ) ;
#1333 = VECTOR ( 'NONE', #6, 1000.000000000000000 ) ;
#1334 = ORIENTED_EDGE ( 'NONE', *, *, #1433, .F. ) ;
#1335 = AXIS2_PLACEMENT_3D ( 'NONE', #2226, #2207, #2946 ) ;
#1336 = LINE ( 'NONE', #1901, #1710 ) ;
#1337 = DIRECTION ( 'NONE',  ( 0.000000000000000000, -0.000000000000000000, -1.000000000000000000 ) ) ;
#1338 = VECTOR ( 'NONE', #681, 1000.000000000000000 ) ;
#1339 = VECTOR ( 'NONE', #137, 1000.000000000000114 ) ;
#1340 = ORIENTED_EDGE ( 'NONE', *, *, #2537, .F. ) ;
#1341 = CIRCLE ( 'NONE', #1653, 0.5000000000000001110 ) ;
#1342 = DIRECTION ( 'NONE',  ( -1.000000000000000000, -5.664403186863007560E-15, 0.000000000000000000 ) ) ;
#1343 = ORIENTED_EDGE ( 'NONE', *, *, #1610, .T. ) ;
#1344 = DIRECTION ( 'NONE',  ( -0.000000000000000000, -0.000000000000000000, -1.000000000000000000 ) ) ;
#1345 = CARTESIAN_POINT ( 'NONE',  ( -1.795438797635995343E-13, 3.450000000000062350, 2.300000000000063327 ) ) ;
#1346 = EDGE_LOOP ( 'NONE', ( #1553, #130, #2618, #2384 ) ) ;
#1347 = ORIENTED_EDGE ( 'NONE', *, *, #2583, .F. ) ;
#1348 = DIRECTION ( 'NONE',  ( -4.818676322157810194E-16, 0.000000000000000000, -1.000000000000000000 ) ) ;
#1349 = CARTESIAN_POINT ( 'NONE',  ( 0.9999999999997849498, 6.400000000000062528, -1.599999999999946132 ) ) ;
#1350 = EDGE_LOOP ( 'NONE', ( #1911, #2100, #1287, #476 ) ) ;
#1351 = EDGE_CURVE ( 'NONE', #121, #2126, #2366, .T. ) ;
#1352 = ADVANCED_FACE ( 'NONE', ( #1331 ), #1117, .F. ) ;
#1353 = CARTESIAN_POINT ( 'NONE',  ( -2.050000000000187672, 2.020000000000063523, -1.799999999999928324 ) ) ;
#1354 = CARTESIAN_POINT ( 'NONE',  ( -5.000000000000205169, 5.400000000000062528, -0.1999999999999055589 ) ) ;
#1355 = CARTESIAN_POINT ( 'NONE',  ( -8.500000000000202505, 6.900000000000061640, -1.599999999999937028 ) ) ;
#1356 = EDGE_LOOP ( 'NONE', ( #2630, #239, #1925, #63 ) ) ;
#1357 = CARTESIAN_POINT ( 'NONE',  ( -8.150961894323547341, 2.020000000000063523, -2.550000000000002487 ) ) ;
#1358 = FACE_OUTER_BOUND ( 'NONE', #2990, .T. ) ;
#1359 = VERTEX_POINT ( 'NONE', #1870 ) ;
#1360 = ORIENTED_EDGE ( 'NONE', *, *, #1351, .F. ) ;
#1361 = LINE ( 'NONE', #366, #1910 ) ;
#1362 = DIRECTION ( 'NONE',  ( 1.000000000000000000, 0.000000000000000000, -0.000000000000000000 ) ) ;
#1363 = ORIENTED_EDGE ( 'NONE', *, *, #381, .F. ) ;
#1364 = CARTESIAN_POINT ( 'NONE',  ( -9.100000000000125766, 0.000000000000000000, -2.550000000000002487 ) ) ;
#1365 = DIRECTION ( 'NONE',  ( 0.000000000000000000, 0.000000000000000000, 1.000000000000000000 ) ) ;
#1366 = EDGE_CURVE ( 'NONE', #1785, #1108, #635, .T. ) ;
#1367 = EDGE_CURVE ( 'NONE', #932, #1889, #2129, .T. ) ;
#1368 = ORIENTED_EDGE ( 'NONE', *, *, #847, .T. ) ;
#1369 = FACE_OUTER_BOUND ( 'NONE', #1581, .T. ) ;
#1370 = ORIENTED_EDGE ( 'NONE', *, *, #1367, .F. ) ;
#1371 = CYLINDRICAL_SURFACE ( 'NONE', #2684, 0.8000000000000009326 ) ;
#1372 = LINE ( 'NONE', #1834, #2976 ) ;
#1373 = VERTEX_POINT ( 'NONE', #2811 ) ;
#1374 = CARTESIAN_POINT ( 'NONE',  ( -0.8000000000001955547, -0.8499999999999366951, 1.500000000000062839 ) ) ;
#1375 = CARTESIAN_POINT ( 'NONE',  ( -5.450000000000206235, 6.400000000000062528, -2.099999999999945022 ) ) ;
#1376 = LINE ( 'NONE', #2599, #807 ) ;
#1377 = ORIENTED_EDGE ( 'NONE', *, *, #2204, .F. ) ;
#1378 = PERSON ( 'UNSPECIFIED', 'UNSPECIFIED', 'UNSPECIFIED', ('UNSPECIFIED'), ('UNSPECIFIED'), ('UNSPECIFIED') ) ;
#1379 = VECTOR ( 'NONE', #943, 1000.000000000000000 ) ;
#1380 = LINE ( 'NONE', #2355, #507 ) ;
#1381 = CARTESIAN_POINT ( 'NONE',  ( 0.4999999999998139821, 3.450000000000070344, 2.300000000000063327 ) ) ;
#1382 = COORDINATED_UNIVERSAL_TIME_OFFSET ( 5, 0, .BEHIND. ) ;
#1383 = EDGE_CURVE ( 'NONE', #328, #1163, #378, .T. ) ;
#1384 = CIRCLE ( 'NONE', #405, 0.5000000000000001110 ) ;
#1385 = VECTOR ( 'NONE', #2964, 1000.000000000000000 ) ;
#1386 = ORIENTED_EDGE ( 'NONE', *, *, #1966, .T. ) ;
#1387 = DIRECTION ( 'NONE',  ( -1.000000000000000000, 0.000000000000000000, -0.000000000000000000 ) ) ;
#1388 = VECTOR ( 'NONE', #1387, 1000.000000000000000 ) ;
#1389 = VERTEX_POINT ( 'NONE', #2324 ) ;
#1390 = PLANE ( 'NONE',  #3056 ) ;
#1391 = AXIS2_PLACEMENT_3D ( 'NONE', #1844, #2871, #140 ) ;
#1392 = ORIENTED_EDGE ( 'NONE', *, *, #280, .T. ) ;
#1393 = EDGE_CURVE ( 'NONE', #2703, #1785, #118, .T. ) ;
#1394 = EDGE_CURVE ( 'NONE', #2711, #3199, #3059, .T. ) ;
#1395 = CARTESIAN_POINT ( 'NONE',  ( -9.900000000000204636, 6.100000000000060929, 1.500000000000062839 ) ) ;
#1396 = ORIENTED_EDGE ( 'NONE', *, *, #8, .T. ) ;
#1397 = ORIENTED_EDGE ( 'NONE', *, *, #805, .F. ) ;
#1398 = CARTESIAN_POINT ( 'NONE',  ( -9.100000000000205702, 6.900000000000063416, 1.500000000000062839 ) ) ;
#1399 = CARTESIAN_POINT ( 'NONE',  ( 0.9999999999997849498, 6.400000000000062528, 0.8000000000000532241 ) ) ;
#1400 = ORIENTED_EDGE ( 'NONE', *, *, #2260, .T. ) ;
#1401 = DIRECTION ( 'NONE',  ( 0.000000000000000000, 0.000000000000000000, 1.000000000000000000 ) ) ;
#1402 = CARTESIAN_POINT ( 'NONE',  ( -2.050000000000208988, 6.900000000000062528, -1.599999999999945688 ) ) ;
#1403 = CALENDAR_DATE ( 2022, 28, 2 ) ;
#1404 = EDGE_LOOP ( 'NONE', ( #692, #2375, #587, #3048 ) ) ;
#1405 = CARTESIAN_POINT ( 'NONE',  ( -4.000000000000214051, 6.400000000000062528, 0.8000000000000541123 ) ) ;
#1406 = ORIENTED_EDGE ( 'NONE', *, *, #3156, .F. ) ;
#1407 = PLANE ( 'NONE',  #2580 ) ;
#1408 = EDGE_LOOP ( 'NONE', ( #850, #2961, #1761, #1161, #418, #1499, #1392, #2516 ) ) ;
#1409 = DIRECTION ( 'NONE',  ( 0.000000000000000000, 0.000000000000000000, -1.000000000000000000 ) ) ;
#1410 = ORIENTED_EDGE ( 'NONE', *, *, #45, .T. ) ;
#1411 = EDGE_CURVE ( 'NONE', #1785, #1483, #104, .T. ) ;
#1412 = CARTESIAN_POINT ( 'NONE',  ( -1.835640646055288983, 0.000000000000000000, -2.599999999999929479 ) ) ;
#1413 = EDGE_CURVE ( 'NONE', #2126, #162, #1361, .T. ) ;
#1414 = DIRECTION ( 'NONE',  ( 1.000000000000000000, 0.000000000000000000, 4.818676322157808222E-16 ) ) ;
#1415 = FACE_OUTER_BOUND ( 'NONE', #921, .T. ) ;
#1416 = ORIENTED_EDGE ( 'NONE', *, *, #45, .F. ) ;
#1417 = DIRECTION ( 'NONE',  ( -0.000000000000000000, 1.000000000000000000, -0.000000000000000000 ) ) ;
#1418 = CARTESIAN_POINT ( 'NONE',  ( 1.599999999999810685, 0.000000000000000000, 1.500000000000062839 ) ) ;
#1419 = CALENDAR_DATE ( 2022, 28, 2 ) ;
#1420 = ORIENTED_EDGE ( 'NONE', *, *, #1254, .T. ) ;
#1421 = CARTESIAN_POINT ( 'NONE',  ( -0.8000000000001920020, 6.100000000000060929, 2.300000000000063327 ) ) ;
#1422 = ORIENTED_EDGE ( 'NONE', *, *, #2402, .F. ) ;
#1423 = CARTESIAN_POINT ( 'NONE',  ( 0.4499999999998133826, 0.000000000000000000, -1.799999999999928324 ) ) ;
#1424 = VERTEX_POINT ( 'NONE', #1506 ) ;
#1425 = CARTESIAN_POINT ( 'NONE',  ( -4.000000000000214051, 6.400000000000062528, 0.8000000000000541123 ) ) ;
#1426 = EDGE_LOOP ( 'NONE', ( #3035, #3141, #237, #2489 ) ) ;
#1427 = LINE ( 'NONE', #2414, #2217 ) ;
#1428 = ADVANCED_FACE ( 'NONE', ( #936 ), #3169, .F. ) ;
#1429 = EDGE_CURVE ( 'NONE', #1889, #575, #1245, .T. ) ;
#1430 = DIRECTION ( 'NONE',  ( 0.000000000000000000, -0.000000000000000000, 1.000000000000000000 ) ) ;
#1431 = PLANE ( 'NONE',  #2677 ) ;
#1432 = ORIENTED_EDGE ( 'NONE', *, *, #784, .F. ) ;
#1433 = EDGE_CURVE ( 'NONE', #290, #121, #667, .T. ) ;
#1434 = EDGE_CURVE ( 'NONE', #3017, #399, #516, .T. ) ;
#1435 = LINE ( 'NONE', #1208, #354 ) ;
#1436 = LINE ( 'NONE', #2180, #2472 ) ;
#1437 = VECTOR ( 'NONE', #1241, 1000.000000000000000 ) ;
#1438 = DIRECTION ( 'NONE',  ( 0.000000000000000000, -0.000000000000000000, -1.000000000000000000 ) ) ;
#1439 = DIRECTION ( 'NONE',  ( -0.000000000000000000, 1.000000000000000000, -0.000000000000000000 ) ) ;
#1440 = AXIS2_PLACEMENT_3D ( 'NONE', #1852, #1624, #1152 ) ;
#1441 = ORIENTED_EDGE ( 'NONE', *, *, #1969, .F. ) ;
#1442 = AXIS2_PLACEMENT_3D ( 'NONE', #1139, #1858, #2602 ) ;
#1443 = FACE_OUTER_BOUND ( 'NONE', #2445, .T. ) ;
#1444 = VECTOR ( 'NONE', #2810, 1000.000000000000000 ) ;
#1445 = CYLINDRICAL_SURFACE ( 'NONE', #2629, 0.5000000000000007772 ) ;
#1446 = VERTEX_POINT ( 'NONE', #2230 ) ;
#1447 = CARTESIAN_POINT ( 'NONE',  ( -0.4500000000001854739, 2.020000000000063523, -1.799999999999928768 ) ) ;
#1448 = VECTOR ( 'NONE', #1745, 1000.000000000000000 ) ;
#1449 = VECTOR ( 'NONE', #3110, 1000.000000000000000 ) ;
#1450 = VECTOR ( 'NONE', #791, 1000.000000000000000 ) ;
#1451 = EDGE_CURVE ( 'NONE', #575, #531, #1008, .T. ) ;
#1452 = DIRECTION ( 'NONE',  ( -1.000000000000000000, -1.470104640658311001E-16, 0.000000000000000000 ) ) ;
#1453 = ORIENTED_EDGE ( 'NONE', *, *, #1093, .F. ) ;
#1454 = DIRECTION ( 'NONE',  ( -4.818676322157808222E-16, 0.000000000000000000, 1.000000000000000000 ) ) ;
#1455 = DIRECTION ( 'NONE',  ( 0.000000000000000000, 0.000000000000000000, 1.000000000000000000 ) ) ;
#1456 = ADVANCED_FACE ( 'NONE', ( #2645 ), #899, .T. ) ;
#1457 = DIRECTION ( 'NONE',  ( 0.000000000000000000, 1.000000000000000000, 0.000000000000000000 ) ) ;
#1458 = CARTESIAN_POINT ( 'NONE',  ( -5.000000000000205169, 6.400000000000062528, -0.1999999999999055589 ) ) ;
#1459 = ORIENTED_EDGE ( 'NONE', *, *, #579, .F. ) ;
#1460 = DIRECTION ( 'NONE',  ( 0.000000000000000000, 1.000000000000000000, 0.000000000000000000 ) ) ;
#1461 = CARTESIAN_POINT ( 'NONE',  ( -7.500000000000203393, 5.400000000000062528, -0.1999999999998882116 ) ) ;
#1462 = VERTEX_POINT ( 'NONE', #2926 ) ;
#1463 = FACE_OUTER_BOUND ( 'NONE', #938, .T. ) ;
#1464 = CARTESIAN_POINT ( 'NONE',  ( -0.4500000000002080669, 6.900000000000062528, -2.099999999999945910 ) ) ;
#1465 = ORIENTED_EDGE ( 'NONE', *, *, #1168, .F. ) ;
#1466 = DIRECTION ( 'NONE',  ( 0.000000000000000000, 0.000000000000000000, 1.000000000000000000 ) ) ;
#1467 = LINE ( 'NONE', #2979, #2311 ) ;
#1468 = FACE_OUTER_BOUND ( 'NONE', #1204, .T. ) ;
#1469 = EDGE_CURVE ( 'NONE', #2409, #1617, #2985, .T. ) ;
#1470 = EDGE_CURVE ( 'NONE', #1389, #2780, #269, .T. ) ;
#1471 = LINE ( 'NONE', #2457, #1953 ) ;
#1472 = VERTEX_POINT ( 'NONE', #696 ) ;
#1473 = CARTESIAN_POINT ( 'NONE',  ( -5.000000000000126121, 0.000000000000000000, 3.165870343657672947E-14 ) ) ;
#1474 = ORIENTED_EDGE ( 'NONE', *, *, #2601, .F. ) ;
#1475 = LINE ( 'NONE', #724, #533 ) ;
#1476 = ORIENTED_EDGE ( 'NONE', *, *, #881, .F. ) ;
#1477 = CARTESIAN_POINT ( 'NONE',  ( -6.500000000000214051, 6.400000000000062528, -1.599999999999944800 ) ) ;
#1478 = CARTESIAN_POINT ( 'NONE',  ( -3.500000000000201617, 6.900000000000062528, 0.8000000000000541123 ) ) ;
#1479 = ORIENTED_EDGE ( 'NONE', *, *, #1393, .T. ) ;
#1480 = FACE_OUTER_BOUND ( 'NONE', #1346, .T. ) ;
#1481 = CARTESIAN_POINT ( 'NONE',  ( -0.6509618943235477850, 2.020000000000063523, -2.550000000000003375 ) ) ;
#1482 = CARTESIAN_POINT ( 'NONE',  ( 1.599999999999799583, 4.700000000000001066, -2.599999999999937028 ) ) ;
#1483 = VERTEX_POINT ( 'NONE', #1992 ) ;
#1484 = LINE ( 'NONE', #1974, #1760 ) ;
#1485 = ADVANCED_FACE ( 'NONE', ( #765 ), #1188, .T. ) ;
#1486 = ORIENTED_EDGE ( 'NONE', *, *, #2671, .F. ) ;
#1487 = VECTOR ( 'NONE', #1337, 1000.000000000000000 ) ;
#1488 = CARTESIAN_POINT ( 'NONE',  ( 0.9999999999997849498, 6.400000000000062528, -1.599999999999946132 ) ) ;
#1489 = VERTEX_POINT ( 'NONE', #2741 ) ;
#1490 = DIRECTION ( 'NONE',  ( 0.000000000000000000, -2.209838822900391082E-16, 1.000000000000000000 ) ) ;
#1491 = EDGE_CURVE ( 'NONE', #1159, #945, #2757, .T. ) ;
#1492 = EDGE_CURVE ( 'NONE', #1945, #1295, #2508, .T. ) ;
#1493 = AXIS2_PLACEMENT_3D ( 'NONE', #700, #465, #1455 ) ;
#1494 = VECTOR ( 'NONE', #109, 1000.000000000000000 ) ;
#1495 = APPROVAL_PERSON_ORGANIZATION ( #286, #522, #2029 ) ;
#1496 = CARTESIAN_POINT ( 'NONE',  ( 1.599999999999810685, 6.100000000000078693, -0.9499999999999335643 ) ) ;
#1497 = AXIS2_PLACEMENT_3D ( 'NONE', #965, #3168, #694 ) ;
#1498 = AXIS2_PLACEMENT_3D ( 'NONE', #2392, #655, #1111 ) ;
#1499 = ORIENTED_EDGE ( 'NONE', *, *, #1065, .T. ) ;
#1500 = AXIS2_PLACEMENT_3D ( 'NONE', #1939, #481, #2931 ) ;
#1501 = DIRECTION ( 'NONE',  ( 0.000000000000000000, 1.000000000000000000, 0.000000000000000000 ) ) ;
#1502 = CARTESIAN_POINT ( 'NONE',  ( -5.450000000000185807, 2.020000000000063523, -1.799999999999928768 ) ) ;
#1503 = LINE ( 'NONE', #925, #3104 ) ;
#1504 = DIRECTION ( 'NONE',  ( 0.000000000000000000, 1.000000000000000000, 0.000000000000000000 ) ) ;
#1505 = ORIENTED_EDGE ( 'NONE', *, *, #1684, .F. ) ;
#1506 = CARTESIAN_POINT ( 'NONE',  ( -7.500000000000203393, 5.400000000000062528, 0.6000000000001108891 ) ) ;
#1507 = VERTEX_POINT ( 'NONE', #3133 ) ;
#1508 = LINE ( 'NONE', #2495, #2427 ) ;
#1509 = EDGE_CURVE ( 'NONE', #316, #771, #2581, .T. ) ;
#1510 = EDGE_CURVE ( 'NONE', #1873, #424, #2892, .T. ) ;
#1511 = LINE ( 'NONE', #798, #633 ) ;
#1512 = ORIENTED_EDGE ( 'NONE', *, *, #2045, .F. ) ;
#1513 = CARTESIAN_POINT ( 'NONE',  ( -9.100000000000205702, 0.000000000000000000, 1.500000000000062839 ) ) ;
#1514 = FACE_OUTER_BOUND ( 'NONE', #2528, .T. ) ;
#1515 = CARTESIAN_POINT ( 'NONE',  ( -9.900000000000204636, 6.100000000000060929, -2.599999999999936584 ) ) ;
#1516 = ORIENTED_EDGE ( 'NONE', *, *, #3181, .T. ) ;
#1517 = LINE ( 'NONE', #592, #502 ) ;
#1518 = ORIENTED_EDGE ( 'NONE', *, *, #400, .T. ) ;
#1519 = ORIENTED_EDGE ( 'NONE', *, *, #2001, .T. ) ;
#1520 = CARTESIAN_POINT ( 'NONE',  ( -9.100000000000205702, 6.900000000000061640, 1.500000000000062839 ) ) ;
#1521 = DATE_AND_TIME ( #534, #1178 ) ;
#1522 = ORIENTED_EDGE ( 'NONE', *, *, #1986, .F. ) ;
#1523 = DIRECTION ( 'NONE',  ( 0.000000000000000000, 0.000000000000000000, 1.000000000000000000 ) ) ;
#1524 = DIRECTION ( 'NONE',  ( 1.000000000000000000, 1.621236893436268400E-16, -0.000000000000000000 ) ) ;
#1525 = ORIENTED_EDGE ( 'NONE', *, *, #261, .F. ) ;
#1526 = EDGE_CURVE ( 'NONE', #2707, #530, #2400, .T. ) ;
#1527 = DIRECTION ( 'NONE',  ( 0.000000000000000000, 0.000000000000000000, 1.000000000000000000 ) ) ;
#1528 = DIRECTION ( 'NONE',  ( -0.000000000000000000, 1.000000000000000000, -0.000000000000000000 ) ) ;
#1529 = ORIENTED_EDGE ( 'NONE', *, *, #2882, .T. ) ;
#1530 = ADVANCED_FACE ( 'NONE', ( #2658 ), #1688, .T. ) ;
#1531 = ADVANCED_FACE ( 'NONE', ( #2415 ), #2722, .F. ) ;
#1532 = PLANE ( 'NONE',  #2432 ) ;
#1533 = EDGE_LOOP ( 'NONE', ( #552, #729, #3071, #2146 ) ) ;
#1534 = CARTESIAN_POINT ( 'NONE',  ( 1.599999999999873301, 0.000000000000000000, -2.550000000000003819 ) ) ;
#1535 = ORIENTED_EDGE ( 'NONE', *, *, #2517, .F. ) ;
#1536 = FACE_BOUND ( 'NONE', #2407, .T. ) ;
#1537 = CARTESIAN_POINT ( 'NONE',  ( -2.950000000000185363, 2.020000000000063523, -1.799999999999928768 ) ) ;
#1538 = EDGE_LOOP ( 'NONE', ( #2854, #1238 ) ) ;
#1539 = FACE_BOUND ( 'NONE', #2896, .T. ) ;
#1540 = VECTOR ( 'NONE', #2373, 1000.000000000000000 ) ;
#1541 = PLANE ( 'NONE',  #329 ) ;
#1542 = ORIENTED_EDGE ( 'NONE', *, *, #365, .T. ) ;
#1543 = VECTOR ( 'NONE', #1980, 1000.000000000000000 ) ;
#1544 = VECTOR ( 'NONE', #3011, 1000.000000000000000 ) ;
#1545 = CC_DESIGN_APPROVAL ( #3118, ( #2242 ) ) ;
#1546 = VECTOR ( 'NONE', #69, 1000.000000000000000 ) ;
#1547 = VECTOR ( 'NONE', #1657, 999.9999999999998863 ) ;
#1548 = DIRECTION ( 'NONE',  ( 0.000000000000000000, 0.000000000000000000, 1.000000000000000000 ) ) ;
#1549 = DIRECTION ( 'NONE',  ( 0.000000000000000000, 1.000000000000000000, 0.000000000000000000 ) ) ;
#1550 = ORIENTED_EDGE ( 'NONE', *, *, #2396, .T. ) ;
#1551 = AXIS2_PLACEMENT_3D ( 'NONE', #171, #1664, #2186 ) ;
#1552 = LINE ( 'NONE', #3123, #466 ) ;
#1553 = ORIENTED_EDGE ( 'NONE', *, *, #1268, .F. ) ;
#1554 = FACE_OUTER_BOUND ( 'NONE', #2411, .T. ) ;
#1555 = EDGE_CURVE ( 'NONE', #1587, #1274, #78, .T. ) ;
#1556 = CARTESIAN_POINT ( 'NONE',  ( -2.090341788552052549E-13, 5.400000000000062528, -0.1999999999999406697 ) ) ;
#1557 = DIRECTION ( 'NONE',  ( 0.000000000000000000, 0.000000000000000000, -1.000000000000000000 ) ) ;
#1558 = EDGE_LOOP ( 'NONE', ( #3167, #1115, #2922, #1518, #1675, #1265, #2360, #1680 ) ) ;
#1559 = CARTESIAN_POINT ( 'NONE',  ( -9.100000000000125766, 0.000000000000000000, -2.550000000000002931 ) ) ;
#1560 = LINE ( 'NONE', #2271, #3125 ) ;
#1561 = ORIENTED_EDGE ( 'NONE', *, *, #2002, .F. ) ;
#1562 = LINE ( 'NONE', #1779, #1544 ) ;
#1563 = CARTESIAN_POINT ( 'NONE',  ( -2.500000000000206057, 6.400000000000062528, -0.1999999999999233224 ) ) ;
#1564 = EDGE_LOOP ( 'NONE', ( #834, #1978, #714, #79 ) ) ;
#1565 = CARTESIAN_POINT ( 'NONE',  ( 1.599999999999810685, 4.700000000000001066, -2.599999999999936584 ) ) ;
#1566 = DIRECTION ( 'NONE',  ( 1.000000000000000000, 0.000000000000000000, 0.000000000000000000 ) ) ;
#1567 = EDGE_CURVE ( 'NONE', #3111, #1945, #1817, .T. ) ;
#1568 = EDGE_CURVE ( 'NONE', #1945, #1359, #307, .T. ) ;
#1569 = CARTESIAN_POINT ( 'NONE',  ( -7.050000000000208544, 6.400000000000062528, -2.099999999999945022 ) ) ;
#1570 = SECURITY_CLASSIFICATION_LEVEL ( 'unclassified' ) ;
#1571 = VERTEX_POINT ( 'NONE', #829 ) ;
#1572 = CARTESIAN_POINT ( 'NONE',  ( -7.500000000000200728, 3.450000000000061462, 2.300000000000063327 ) ) ;
#1573 = DIRECTION ( 'NONE',  ( 0.000000000000000000, 0.000000000000000000, -1.000000000000000000 ) ) ;
#1574 = ORIENTED_EDGE ( 'NONE', *, *, #1130, .T. ) ;
#1575 = EDGE_LOOP ( 'NONE', ( #283, #2813, #2475, #2231 ) ) ;
#1576 = CARTESIAN_POINT ( 'NONE',  ( -7.050000000000187228, 0.000000000000000000, -1.799999999999928324 ) ) ;
#1577 = CARTESIAN_POINT ( 'NONE',  ( -5.000000000000205169, 5.400000000000062528, -0.1999999999999055589 ) ) ;
#1578 = VERTEX_POINT ( 'NONE', #2567 ) ;
#1579 = DIRECTION ( 'NONE',  ( 0.000000000000000000, -0.000000000000000000, -1.000000000000000000 ) ) ;
#1580 = LINE ( 'NONE', #827, #3143 ) ;
#1581 = EDGE_LOOP ( 'NONE', ( #1574, #1062, #1327, #2054 ) ) ;
#1582 = ADVANCED_FACE ( 'NONE', ( #2089 ), #1058, .T. ) ;
#1583 = DIRECTION ( 'NONE',  ( -1.000000000000000000, 0.000000000000000000, 1.215927670077201423E-16 ) ) ;
#1584 = ORIENTED_EDGE ( 'NONE', *, *, #2496, .F. ) ;
#1585 = LINE ( 'NONE', #2570, #1132 ) ;
#1586 = DIRECTION ( 'NONE',  ( 0.000000000000000000, -1.000000000000000000, 0.000000000000000000 ) ) ;
#1587 = VERTEX_POINT ( 'NONE', #2297 ) ;
#1588 = ADVANCED_FACE ( 'NONE', ( #3033 ), #353, .F. ) ;
#1589 = EDGE_CURVE ( 'NONE', #1100, #1081, #2803, .T. ) ;
#1590 = ORIENTED_EDGE ( 'NONE', *, *, #1090, .F. ) ;
#1591 = CIRCLE ( 'NONE', #2004, 0.8000000000000009326 ) ;
#1592 = CARTESIAN_POINT ( 'NONE',  ( -4.349038105676825694, 2.020000000000063523, -2.550000000000002931 ) ) ;
#1593 = CARTESIAN_POINT ( 'NONE',  ( -5.650961894323547341, 2.020000000000063523, -2.550000000000002931 ) ) ;
#1594 = VECTOR ( 'NONE', #2626, 1000.000000000000000 ) ;
#1595 = VECTOR ( 'NONE', #2957, 1000.000000000000000 ) ;
#1596 = VERTEX_POINT ( 'NONE', #1096 ) ;
#1597 = VECTOR ( 'NONE', #330, 1000.000000000000000 ) ;
#1598 = CARTESIAN_POINT ( 'NONE',  ( -8.150961894323547341, 2.020000000000063523, -2.550000000000002487 ) ) ;
#1599 = DIRECTION ( 'NONE',  ( 0.000000000000000000, -0.000000000000000000, -1.000000000000000000 ) ) ;
#1600 = VECTOR ( 'NONE', #1460, 1000.000000000000000 ) ;
#1601 = VECTOR ( 'NONE', #581, 1000.000000000000000 ) ;
#1602 = CIRCLE ( 'NONE', #2019, 0.8000000000000009326 ) ;
#1603 = DIRECTION ( 'NONE',  ( 0.000000000000000000, 1.000000000000000000, -0.000000000000000000 ) ) ;
#1604 = ORIENTED_EDGE ( 'NONE', *, *, #2480, .F. ) ;
#1605 = DIRECTION ( 'NONE',  ( 0.08662961636484539651, 0.9962405881956825082, 0.000000000000000000 ) ) ;
#1606 = LINE ( 'NONE', #1133, #2969 ) ;
#1607 = ORIENTED_EDGE ( 'NONE', *, *, #142, .T. ) ;
#1608 = ORIENTED_EDGE ( 'NONE', *, *, #847, .F. ) ;
#1609 = ADVANCED_FACE ( 'NONE', ( #2541 ), #2591, .F. ) ;
#1610 = EDGE_CURVE ( 'NONE', #737, #611, #322, .T. ) ;
#1611 = LINE ( 'NONE', #3086, #610 ) ;
#1612 = CARTESIAN_POINT ( 'NONE',  ( 2.399999999999811173, 6.900000000000063416, 1.500000000000062839 ) ) ;
#1613 = ORIENTED_EDGE ( 'NONE', *, *, #2982, .T. ) ;
#1614 = DIRECTION ( 'NONE',  ( 0.000000000000000000, 0.000000000000000000, 1.000000000000000000 ) ) ;
#1615 = LINE ( 'NONE', #2603, #1695 ) ;
#1616 = DIRECTION ( 'NONE',  ( 0.000000000000000000, 1.000000000000000000, 0.000000000000000000 ) ) ;
#1617 = VERTEX_POINT ( 'NONE', #1032 ) ;
#1618 = DIRECTION ( 'NONE',  ( -1.621236893436268400E-16, 1.000000000000000000, 0.000000000000000000 ) ) ;
#1619 = CARTESIAN_POINT ( 'NONE',  ( -5.000000000000205169, 5.400000000000062528, -0.1999999999999055589 ) ) ;
#1620 = VERTEX_POINT ( 'NONE', #112 ) ;
#1621 = ORIENTED_EDGE ( 'NONE', *, *, #2733, .F. ) ;
#1622 = EDGE_CURVE ( 'NONE', #1963, #3045, #1045, .T. ) ;
#1623 = DIRECTION ( 'NONE',  ( 0.2588190451025209060, 0.000000000000000000, 0.9659258262890683122 ) ) ;
#1624 = DIRECTION ( 'NONE',  ( 1.561251128379146264E-14, -1.000000000000000000, 0.000000000000000000 ) ) ;
#1625 = ORIENTED_EDGE ( 'NONE', *, *, #2540, .F. ) ;
#1626 = CARTESIAN_POINT ( 'NONE',  ( -1.849038105676825472, 2.020000000000063523, -2.550000000000003375 ) ) ;
#1627 = CARTESIAN_POINT ( 'NONE',  ( -5.450000000000185807, 2.020000000000063523, -1.799999999999928768 ) ) ;
#1628 = EDGE_CURVE ( 'NONE', #3111, #368, #2055, .T. ) ;
#1629 = EDGE_LOOP ( 'NONE', ( #3029, #2351, #433, #1763, #675, #1790, #61, #2262, #2153, #305, #263, #2654, #2393, #1465, #3058, #2600, #2103, #1190, #1226, #813 ) ) ;
#1630 = FACE_OUTER_BOUND ( 'NONE', #2377, .T. ) ;
#1631 = ORIENTED_EDGE ( 'NONE', *, *, #461, .F. ) ;
#1632 = CARTESIAN_POINT ( 'NONE',  ( 0.9999999999997849498, 6.400000000000062528, 0.8000000000000532241 ) ) ;
#1633 = ORIENTED_EDGE ( 'NONE', *, *, #1647, .T. ) ;
#1634 = LINE ( 'NONE', #598, #2140 ) ;
#1635 = ORIENTED_EDGE ( 'NONE', *, *, #2321, .F. ) ;
#1636 = CARTESIAN_POINT ( 'NONE',  ( 1.599999999999873301, 0.000000000000000000, -2.550000000000003375 ) ) ;
#1637 = CARTESIAN_POINT ( 'NONE',  ( -7.050000000000208544, 6.400000000000062528, -2.099999999999945022 ) ) ;
#1638 = DIRECTION ( 'NONE',  ( 0.000000000000000000, 0.000000000000000000, 1.000000000000000000 ) ) ;
#1639 = ORIENTED_EDGE ( 'NONE', *, *, #1713, .T. ) ;
#1640 = AXIS2_PLACEMENT_3D ( 'NONE', #956, #265, #2424 ) ;
#1641 = CARTESIAN_POINT ( 'NONE',  ( -6.000000000000201617, 6.400000000000062528, 0.8000000000000541123 ) ) ;
#1642 = DIRECTION ( 'NONE',  ( 0.000000000000000000, -1.000000000000000000, 0.000000000000000000 ) ) ;
#1643 = DATE_AND_TIME ( #1903, #194 ) ;
#1644 = CIRCLE ( 'NONE', #1176, 0.8000000000000025979 ) ;
#1645 = VECTOR ( 'NONE', #1837, 1000.000000000000000 ) ;
#1646 = EDGE_CURVE ( 'NONE', #2620, #332, #2834, .T. ) ;
#1647 = EDGE_CURVE ( 'NONE', #1798, #1042, #1079, .T. ) ;
#1648 = VECTOR ( 'NONE', #2529, 1000.000000000000000 ) ;
#1649 = CARTESIAN_POINT ( 'NONE',  ( -9.100000000000205702, 4.700000000000001066, -2.599999999999936584 ) ) ;
#1650 = AXIS2_PLACEMENT_3D ( 'NONE', #29, #1439, #482 ) ;
#1651 = ORIENTED_EDGE ( 'NONE', *, *, #2824, .T. ) ;
#1652 = DIRECTION ( 'NONE',  ( 0.08662961636484556305, 0.9962405881956825082, 0.000000000000000000 ) ) ;
#1653 = AXIS2_PLACEMENT_3D ( 'NONE', #2459, #3209, #236 ) ;
#1654 = DIRECTION ( 'NONE',  ( 0.000000000000000000, -0.000000000000000000, -1.000000000000000000 ) ) ;
#1655 = ORIENTED_EDGE ( 'NONE', *, *, #1324, .F. ) ;
#1656 = DIRECTION ( 'NONE',  ( 0.000000000000000000, 0.000000000000000000, -1.000000000000000000 ) ) ;
#1657 = DIRECTION ( 'NONE',  ( 0.08662961636484445282, -0.9962405881956828413, 0.000000000000000000 ) ) ;
#1658 = CARTESIAN_POINT ( 'NONE',  ( -0.4500000000001854739, 2.020000000000063523, -1.799999999999928768 ) ) ;
#1659 = ORIENTED_EDGE ( 'NONE', *, *, #2693, .F. ) ;
#1660 = FACE_OUTER_BOUND ( 'NONE', #1183, .T. ) ;
#1661 = DIRECTION ( 'NONE',  ( 0.000000000000000000, -0.000000000000000000, -1.000000000000000000 ) ) ;
#1662 = CARTESIAN_POINT ( 'NONE',  ( -9.100000000000125766, 0.000000000000000000, -2.550000000000002487 ) ) ;
#1663 = VERTEX_POINT ( 'NONE', #1273 ) ;
#1664 = DIRECTION ( 'NONE',  ( -1.000000000000000000, 0.000000000000000000, 0.000000000000000000 ) ) ;
#1665 = EDGE_CURVE ( 'NONE', #48, #1753, #1801, .T. ) ;
#1666 = ADVANCED_FACE ( 'NONE', ( #567 ), #3050, .F. ) ;
#1667 = CARTESIAN_POINT ( 'NONE',  ( -0.8000000000001955547, 1.000000000000047518, 2.300000000000063327 ) ) ;
#1668 = EDGE_LOOP ( 'NONE', ( #1420, #1604, #491, #2705 ) ) ;
#1669 = UNCERTAINTY_MEASURE_WITH_UNIT (LENGTH_MEASURE( 1.000000000000000082E-05 ), #499, 'distance_accuracy_value', 'NONE');
#1670 = CARTESIAN_POINT ( 'NONE',  ( -0.4500000000002076228, 6.400000000000062528, -2.099999999999946354 ) ) ;
#1671 = ADVANCED_FACE ( 'NONE', ( #94, #2525, #2772, #1536, #816 ), #548, .T. ) ;
#1672 = ADVANCED_FACE ( 'NONE', ( #2122 ), #3160, .F. ) ;
#1673 = DIRECTION ( 'NONE',  ( 0.000000000000000000, 0.000000000000000000, 1.000000000000000000 ) ) ;
#1674 = CARTESIAN_POINT ( 'NONE',  ( -0.4500000000002076228, 6.400000000000062528, -1.599999999999938138 ) ) ;
#1675 = ORIENTED_EDGE ( 'NONE', *, *, #3078, .T. ) ;
#1676 = DIRECTION ( 'NONE',  ( 0.000000000000000000, -1.000000000000000000, -0.000000000000000000 ) ) ;
#1677 = CARTESIAN_POINT ( 'NONE',  ( 2.399999999999811173, 6.100000000000060929, -2.599999999999936584 ) ) ;
#1678 = PERSON_AND_ORGANIZATION ( #1378, #2736 ) ;
#1679 = CARTESIAN_POINT ( 'NONE',  ( -6.849038105676824806, 0.000000000000000000, -2.550000000000002931 ) ) ;
#1680 = ORIENTED_EDGE ( 'NONE', *, *, #2480, .T. ) ;
#1681 = DIRECTION ( 'NONE',  ( -0.8660254037844362651, 0.000000000000000000, 0.5000000000000042188 ) ) ;
#1682 = ORIENTED_EDGE ( 'NONE', *, *, #1928, .T. ) ;
#1683 = CARTESIAN_POINT ( 'NONE',  ( -7.050000000000187228, 0.000000000000000000, -1.799999999999928324 ) ) ;
#1684 = EDGE_CURVE ( 'NONE', #1100, #2841, #674, .T. ) ;
#1685 = DIRECTION ( 'NONE',  ( 0.000000000000000000, 1.000000000000000000, 0.000000000000000000 ) ) ;
#1686 = ORIENTED_EDGE ( 'NONE', *, *, #2046, .T. ) ;
#1687 = DIRECTION ( 'NONE',  ( 1.000000000000000000, -0.000000000000000000, 0.000000000000000000 ) ) ;
#1688 = PLANE ( 'NONE',  #3003 ) ;
#1689 = EDGE_CURVE ( 'NONE', #1462, #328, #2617, .T. ) ;
#1690 = EDGE_CURVE ( 'NONE', #995, #1617, #1126, .T. ) ;
#1691 = DIRECTION ( 'NONE',  ( 1.000000000000000000, 0.000000000000000000, 4.818676322157808222E-16 ) ) ;
#1692 = ORIENTED_EDGE ( 'NONE', *, *, #280, .F. ) ;
#1693 = CARTESIAN_POINT ( 'NONE',  ( -6.000000000000201617, 6.400000000000062528, -1.599999999999937250 ) ) ;
#1694 = LINE ( 'NONE', #215, #2993 ) ;
#1695 = VECTOR ( 'NONE', #1365, 1000.000000000000000 ) ;
#1696 = CARTESIAN_POINT ( 'NONE',  ( -6.500000000000214051, 6.400000000000062528, -1.599999999999944800 ) ) ;
#1697 = DIRECTION ( 'NONE',  ( 1.000000000000000000, 0.000000000000000000, -1.626303258728266758E-16 ) ) ;
#1698 = VECTOR ( 'NONE', #802, 1000.000000000000000 ) ;
#1699 = VERTEX_POINT ( 'NONE', #2149 ) ;
#1700 = VECTOR ( 'NONE', #2598, 1000.000000000000000 ) ;
#1701 = PRODUCT_DEFINITION_FORMATION_WITH_SPECIFIED_SOURCE ( 'ANY', '', #2807, .NOT_KNOWN. ) ;
#1702 = DIRECTION ( 'NONE',  ( 0.000000000000000000, -1.000000000000000000, 0.000000000000000000 ) ) ;
#1703 = ORIENTED_EDGE ( 'NONE', *, *, #1094, .F. ) ;
#1704 = AXIS2_PLACEMENT_3D ( 'NONE', #1746, #2719, #1733 ) ;
#1705 = LINE ( 'NONE', #224, #2291 ) ;
#1706 = ORIENTED_EDGE ( 'NONE', *, *, #576, .T. ) ;
#1707 = FACE_OUTER_BOUND ( 'NONE', #1095, .T. ) ;
#1708 = VECTOR ( 'NONE', #687, 1000.000000000000000 ) ;
#1709 = ORIENTED_EDGE ( 'NONE', *, *, #1064, .F. ) ;
#1710 = VECTOR ( 'NONE', #348, 1000.000000000000000 ) ;
#1711 = CARTESIAN_POINT ( 'NONE',  ( -0.4500000000002076228, 6.400000000000062528, -1.599999999999938138 ) ) ;
#1712 = ORIENTED_EDGE ( 'NONE', *, *, #26, .F. ) ;
#1713 = EDGE_CURVE ( 'NONE', #2012, #2330, #3140, .T. ) ;
#1714 = EDGE_CURVE ( 'NONE', #2466, #1301, #860, .T. ) ;
#1715 = CARTESIAN_POINT ( 'NONE',  ( -7.950000000000185807, 2.020000000000063523, -1.799999999999928768 ) ) ;
#1716 = LINE ( 'NONE', #2728, #604 ) ;
#1717 = PLANE ( 'NONE',  #513 ) ;
#1718 = ORIENTED_EDGE ( 'NONE', *, *, #557, .F. ) ;
#1719 = CARTESIAN_POINT ( 'NONE',  ( 2.399999999999811173, 6.100000000000060929, -3.399999999999936851 ) ) ;
#1720 = ORIENTED_EDGE ( 'NONE', *, *, #744, .F. ) ;
#1721 = LINE ( 'NONE', #3165, #358 ) ;
#1722 = ORIENTED_EDGE ( 'NONE', *, *, #1194, .T. ) ;
#1723 = DIRECTION ( 'NONE',  ( 0.000000000000000000, -1.000000000000000000, 0.000000000000000000 ) ) ;
#1724 = ORIENTED_EDGE ( 'NONE', *, *, #1044, .F. ) ;
#1725 = PLANE ( 'NONE',  #564 ) ;
#1726 = CARTESIAN_POINT ( 'NONE',  ( -7.500000000000124345, -1.414213562373096922, 4.900593819634480042E-14 ) ) ;
#1727 = VERTEX_POINT ( 'NONE', #1421 ) ;
#1728 = EDGE_CURVE ( 'NONE', #1955, #737, #185, .T. ) ;
#1729 = VECTOR ( 'NONE', #2725, 1000.000000000000114 ) ;
#1730 = LINE ( 'NONE', #1920, #3150 ) ;
#1731 = LINE ( 'NONE', #509, #1235 ) ;
#1732 = LINE ( 'NONE', #448, #2166 ) ;
#1733 = DIRECTION ( 'NONE',  ( -1.000000000000000000, 0.000000000000000000, -0.000000000000000000 ) ) ;
#1734 = EDGE_CURVE ( 'NONE', #531, #646, #2916, .T. ) ;
#1735 = EDGE_CURVE ( 'NONE', #2051, #964, #2855, .T. ) ;
#1736 = DIRECTION ( 'NONE',  ( -0.000000000000000000, 1.000000000000000000, -0.000000000000000000 ) ) ;
#1737 = ORIENTED_EDGE ( 'NONE', *, *, #1646, .F. ) ;
#1738 = PLANE ( 'NONE',  #660 ) ;
#1739 = VERTEX_POINT ( 'NONE', #626 ) ;
#1740 = LINE ( 'NONE', #520, #2634 ) ;
#1741 = CYLINDRICAL_SURFACE ( 'NONE', #856, 0.4999999999999998890 ) ;
#1742 = VERTEX_POINT ( 'NONE', #1405 ) ;
#1743 = FACE_OUTER_BOUND ( 'NONE', #2018, .T. ) ;
#1744 = DIRECTION ( 'NONE',  ( 1.000000000000000000, 0.000000000000000000, 4.818676322157808222E-16 ) ) ;
#1745 = DIRECTION ( 'NONE',  ( 0.000000000000000000, -1.000000000000000000, 0.000000000000000000 ) ) ;
#1746 = CARTESIAN_POINT ( 'NONE',  ( -2.050000000000208988, 6.400000000000062528, -1.599999999999945688 ) ) ;
#1747 = VECTOR ( 'NONE', #2551, 1000.000000000000000 ) ;
#1748 = ORIENTED_EDGE ( 'NONE', *, *, #1684, .T. ) ;
#1749 = ORIENTED_EDGE ( 'NONE', *, *, #1429, .T. ) ;
#1750 = ADVANCED_FACE ( 'NONE', ( #688 ), #3126, .T. ) ;
#1751 = VECTOR ( 'NONE', #1691, 1000.000000000000000 ) ;
#1752 = DIRECTION ( 'NONE',  ( 1.000000000000000000, -0.000000000000000000, 0.000000000000000000 ) ) ;
#1753 = VERTEX_POINT ( 'NONE', #1355 ) ;
#1754 = CARTESIAN_POINT ( 'NONE',  ( -5.650961894323547341, 2.020000000000063523, -2.550000000000002931 ) ) ;
#1755 = VECTOR ( 'NONE', #1964, 1000.000000000000000 ) ;
#1756 = AXIS2_PLACEMENT_3D ( 'NONE', #248, #2422, #3187 ) ;
#1757 = APPROVAL_PERSON_ORGANIZATION ( #2493, #3118, #2758 ) ;
#1758 = DIRECTION ( 'NONE',  ( 0.08662961636484492467, -0.9962405881956827303, 0.000000000000000000 ) ) ;
#1759 = AXIS2_PLACEMENT_3D ( 'NONE', #217, #3175, #1954 ) ;
#1760 = VECTOR ( 'NONE', #3208, 1000.000000000000000 ) ;
#1761 = ORIENTED_EDGE ( 'NONE', *, *, #2087, .T. ) ;
#1762 = VECTOR ( 'NONE', #2456, 1000.000000000000000 ) ;
#1763 = ORIENTED_EDGE ( 'NONE', *, *, #951, .F. ) ;
#1764 = LINE ( 'NONE', #1102, #3051 ) ;
#1765 = CARTESIAN_POINT ( 'NONE',  ( -2.500000000000125677, -1.414213562373096922, 1.387778780781445676E-14 ) ) ;
#1766 = PLANE ( 'NONE',  #56 ) ;
#1767 = DIRECTION ( 'NONE',  ( 0.000000000000000000, 0.000000000000000000, 1.000000000000000000 ) ) ;
#1768 = ORIENTED_EDGE ( 'NONE', *, *, #1433, .T. ) ;
#1769 = ORIENTED_EDGE ( 'NONE', *, *, #2259, .F. ) ;
#1770 = DIRECTION ( 'NONE',  ( 0.000000000000000000, -1.000000000000000000, 0.000000000000000000 ) ) ;
#1771 = ORIENTED_EDGE ( 'NONE', *, *, #2902, .F. ) ;
#1772 = ADVANCED_FACE ( 'NONE', ( #1369 ), #641, .F. ) ;
#1773 = CARTESIAN_POINT ( 'NONE',  ( -9.900000000000204636, 6.100000000000060929, -3.399999999999936851 ) ) ;
#1774 = EDGE_CURVE ( 'NONE', #518, #586, #3153, .T. ) ;
#1775 = CARTESIAN_POINT ( 'NONE',  ( -1.795438797635995343E-13, 3.450000000000062350, 2.300000000000063327 ) ) ;
#1776 = EDGE_CURVE ( 'NONE', #1373, #930, #126, .T. ) ;
#1777 = ADVANCED_FACE ( 'NONE', ( #2359 ), #875, .F. ) ;
#1778 = ORIENTED_EDGE ( 'NONE', *, *, #1110, .F. ) ;
#1779 = CARTESIAN_POINT ( 'NONE',  ( -1.253337711393243126E-13, -1.414213562373096922, 0.4999999999999972800 ) ) ;
#1780 = FACE_OUTER_BOUND ( 'NONE', #1575, .T. ) ;
#1781 = EDGE_LOOP ( 'NONE', ( #2912, #2673, #2660, #1148, #703, #28, #2826, #2972 ) ) ;
#1782 = DIRECTION ( 'NONE',  ( 0.000000000000000000, 0.000000000000000000, 1.000000000000000000 ) ) ;
#1783 = ORIENTED_EDGE ( 'NONE', *, *, #1846, .F. ) ;
#1784 = CARTESIAN_POINT ( 'NONE',  ( -2.500000000000206057, 5.400000000000062528, 0.6000000000000775824 ) ) ;
#1785 = VERTEX_POINT ( 'NONE', #1876 ) ;
#1786 = CARTESIAN_POINT ( 'NONE',  ( -9.100000000000125766, 0.000000000000000000, -2.550000000000002487 ) ) ;
#1787 = VERTEX_POINT ( 'NONE', #1909 ) ;
#1788 = DIRECTION ( 'NONE',  ( 0.000000000000000000, 0.000000000000000000, -1.000000000000000000 ) ) ;
#1789 = LINE ( 'NONE', #2287, #783 ) ;
#1790 = ORIENTED_EDGE ( 'NONE', *, *, #1510, .T. ) ;
#1791 = EDGE_CURVE ( 'NONE', #1507, #1138, #2167, .T. ) ;
#1792 = ADVANCED_FACE ( 'NONE', ( #1630 ), #1003, .F. ) ;
#1793 = FACE_OUTER_BOUND ( 'NONE', #2756, .T. ) ;
#1794 = CARTESIAN_POINT ( 'NONE',  ( -8.500000000000202505, 6.400000000000062528, 0.8000000000000550004 ) ) ;
#1795 = DESIGN_CONTEXT ( 'detailed design', #274, 'design' ) ;
#1796 = ORIENTED_EDGE ( 'NONE', *, *, #2762, .T. ) ;
#1797 = LINE ( 'NONE', #2783, #2688 ) ;
#1798 = VERTEX_POINT ( 'NONE', #1243 ) ;
#1799 = CARTESIAN_POINT ( 'NONE',  ( -9.100000000000205702, 4.700000000000001066, -2.599999999999936584 ) ) ;
#1800 = ORIENTED_EDGE ( 'NONE', *, *, #2675, .T. ) ;
#1801 = LINE ( 'NONE', #2788, #2476 ) ;
#1802 = ORIENTED_EDGE ( 'NONE', *, *, #1394, .F. ) ;
#1803 = CARTESIAN_POINT ( 'NONE',  ( -9.100000000000205702, 4.700000000000001066, -2.599999999999937028 ) ) ;
#1804 = AXIS2_PLACEMENT_3D ( 'NONE', #1056, #1816, #2521 ) ;
#1805 = LINE ( 'NONE', #753, #1729 ) ;
#1806 = ORIENTED_EDGE ( 'NONE', *, *, #51, .F. ) ;
#1807 = VECTOR ( 'NONE', #1676, 1000.000000000000000 ) ;
#1808 = VECTOR ( 'NONE', #371, 1000.000000000000114 ) ;
#1809 = LINE ( 'NONE', #1513, #2789 ) ;
#1810 = CARTESIAN_POINT ( 'NONE',  ( 1.599999999999873301, 4.700000000000000178, -2.550000000000003819 ) ) ;
#1811 = ORIENTED_EDGE ( 'NONE', *, *, #519, .F. ) ;
#1812 = ADVANCED_FACE ( 'NONE', ( #206 ), #2732, .F. ) ;
#1813 = EDGE_CURVE ( 'NONE', #2191, #3057, #149, .T. ) ;
#1814 = VECTOR ( 'NONE', #782, 1000.000000000000000 ) ;
#1815 = DIRECTION ( 'NONE',  ( -4.818676322157810194E-16, 0.000000000000000000, -1.000000000000000000 ) ) ;
#1816 = DIRECTION ( 'NONE',  ( -1.000000000000000000, 0.000000000000000000, 0.000000000000000000 ) ) ;
#1817 = LINE ( 'NONE', #2074, #613 ) ;
#1818 = ORIENTED_EDGE ( 'NONE', *, *, #621, .T. ) ;
#1819 = FACE_OUTER_BOUND ( 'NONE', #2666, .T. ) ;
#1820 = DIRECTION ( 'NONE',  ( -0.000000000000000000, -1.000000000000000000, 0.000000000000000000 ) ) ;
#1821 = ORIENTED_EDGE ( 'NONE', *, *, #2379, .F. ) ;
#1822 = VERTEX_POINT ( 'NONE', #1258 ) ;
#1823 = PLANE ( 'NONE',  #1018 ) ;
#1824 = CARTESIAN_POINT ( 'NONE',  ( -7.050000000000208544, 6.400000000000062528, -2.099999999999945022 ) ) ;
#1825 = EDGE_LOOP ( 'NONE', ( #1769, #168, #1706, #2449 ) ) ;
#1826 = EDGE_CURVE ( 'NONE', #2277, #2821, #2184, .T. ) ;
#1827 = CARTESIAN_POINT ( 'NONE',  ( -9.100000000000205702, 6.900000000000061640, 0.8000000000000541123 ) ) ;
#1828 = CARTESIAN_POINT ( 'NONE',  ( 2.399999999999811173, 6.900000000000063416, 1.500000000000062839 ) ) ;
#1829 = EDGE_CURVE ( 'NONE', #3031, #2769, #2792, .T. ) ;
#1830 = EDGE_CURVE ( 'NONE', #2150, #3, #1484, .T. ) ;
#1831 = DIRECTION ( 'NONE',  ( 5.664403186863007560E-15, -1.000000000000000000, 0.000000000000000000 ) ) ;
#1832 = EDGE_LOOP ( 'NONE', ( #2774, #2138, #894, #254 ) ) ;
#1833 = CARTESIAN_POINT ( 'NONE',  ( -6.000000000000201617, 6.900000000000062528, 0.8000000000000541123 ) ) ;
#1834 = CARTESIAN_POINT ( 'NONE',  ( -4.000000000000214051, 6.400000000000062528, -1.599999999999945244 ) ) ;
#1835 = ORIENTED_EDGE ( 'NONE', *, *, #2163, .F. ) ;
#1836 = ORIENTED_EDGE ( 'NONE', *, *, #1434, .T. ) ;
#1837 = DIRECTION ( 'NONE',  ( 1.000000000000000000, 0.000000000000000000, -1.215927670077201423E-16 ) ) ;
#1838 = CARTESIAN_POINT ( 'NONE',  ( -2.500000000000206057, 5.400000000000062528, -0.1999999999999233224 ) ) ;
#1839 = VERTEX_POINT ( 'NONE', #514 ) ;
#1840 = DIRECTION ( 'NONE',  ( -0.000000000000000000, -0.000000000000000000, -1.000000000000000000 ) ) ;
#1841 = CYLINDRICAL_SURFACE ( 'NONE', #2522, 0.7999999999999990452 ) ;
#1842 = CARTESIAN_POINT ( 'NONE',  ( -4.550000000000209432, 6.400000000000062528, -1.599999999999945244 ) ) ;
#1843 = ORIENTED_EDGE ( 'NONE', *, *, #2259, .T. ) ;
#1844 = CARTESIAN_POINT ( 'NONE',  ( -3.750000000000125233, 4.500000000000000888, -3.035766082959412415E-15 ) ) ;
#1845 = EDGE_CURVE ( 'NONE', #2533, #1663, #2229, .T. ) ;
#1846 = EDGE_CURVE ( 'NONE', #2395, #162, #991, .T. ) ;
#1847 = FACE_OUTER_BOUND ( 'NONE', #2294, .T. ) ;
#1848 = ORIENTED_EDGE ( 'NONE', *, *, #621, .F. ) ;
#1849 = EDGE_LOOP ( 'NONE', ( #1334, #1692, #2870, #1360 ) ) ;
#1850 = AXIS2_PLACEMENT_3D ( 'NONE', #2981, #2665, #2443 ) ;
#1851 = LINE ( 'NONE', #1398, #1280 ) ;
#1852 = CARTESIAN_POINT ( 'NONE',  ( 0.4999999999998139821, 3.450000000000070344, 2.300000000000063327 ) ) ;
#1853 = AXIS2_PLACEMENT_3D ( 'NONE', #2531, #571, #3038 ) ;
#1854 = VECTOR ( 'NONE', #2588, 1000.000000000000000 ) ;
#1855 = LOCAL_TIME ( 19, 53, 45.00000000000000000, #1382 ) ;
#1856 = ORIENTED_EDGE ( 'NONE', *, *, #2282, .F. ) ;
#1857 = VECTOR ( 'NONE', #2247, 1000.000000000000114 ) ;
#1858 = DIRECTION ( 'NONE',  ( 0.000000000000000000, 0.000000000000000000, -1.000000000000000000 ) ) ;
#1859 = CARTESIAN_POINT ( 'NONE',  ( -5.000000000000205169, 6.400000000000062528, 0.6000000000000971223 ) ) ;
#1860 = CIRCLE ( 'NONE', #1187, 0.8000000000000009326 ) ;
#1861 = ORIENTED_EDGE ( 'NONE', *, *, #2762, .F. ) ;
#1862 = VECTOR ( 'NONE', #90, 1000.000000000000000 ) ;
#1863 = DIRECTION ( 'NONE',  ( 0.000000000000000000, -0.000000000000000000, -1.000000000000000000 ) ) ;
#1864 = VERTEX_POINT ( 'NONE', #734 ) ;
#1865 = DIRECTION ( 'NONE',  ( 1.000000000000000000, 1.621236893436268400E-16, -0.000000000000000000 ) ) ;
#1866 = EDGE_CURVE ( 'NONE', #368, #1663, #449, .T. ) ;
#1867 = DIRECTION ( 'NONE',  ( -1.000000000000000000, 0.000000000000000000, -0.000000000000000000 ) ) ;
#1868 = ORIENTED_EDGE ( 'NONE', *, *, #2919, .T. ) ;
#1869 = ORIENTED_EDGE ( 'NONE', *, *, #1470, .T. ) ;
#1870 = CARTESIAN_POINT ( 'NONE',  ( -4.550000000000209432, 6.900000000000062528, -2.099999999999945466 ) ) ;
#1871 = EDGE_CURVE ( 'NONE', #1699, #160, #3200, .T. ) ;
#1872 = CARTESIAN_POINT ( 'NONE',  ( 0.4499999999997899569, 6.400000000000062528, -2.099999999999946354 ) ) ;
#1873 = VERTEX_POINT ( 'NONE', #2245 ) ;
#1874 = CARTESIAN_POINT ( 'NONE',  ( -8.000000000000174083, 1.000000000000046629, 1.500000000000062839 ) ) ;
#1875 = LINE ( 'NONE', #383, #2261 ) ;
#1876 = CARTESIAN_POINT ( 'NONE',  ( 0.4999999999998209210, 1.000000000000054845, 2.300000000000063327 ) ) ;
#1877 = VECTOR ( 'NONE', #423, 1000.000000000000000 ) ;
#1878 = ORIENTED_EDGE ( 'NONE', *, *, #951, .T. ) ;
#1879 = PLANE ( 'NONE',  #2483 ) ;
#1880 = CARTESIAN_POINT ( 'NONE',  ( -5.664359353945084052, 2.020000000000063523, -2.599999999999929479 ) ) ;
#1881 = ORIENTED_EDGE ( 'NONE', *, *, #2183, .F. ) ;
#1882 = ORIENTED_EDGE ( 'NONE', *, *, #3195, .T. ) ;
#1883 = CARTESIAN_POINT ( 'NONE',  ( -2.950000000000206679, 6.400000000000062528, -2.099999999999945466 ) ) ;
#1884 = DIRECTION ( 'NONE',  ( 0.000000000000000000, -1.000000000000000000, 0.000000000000000000 ) ) ;
#1885 = EDGE_LOOP ( 'NONE', ( #2889, #858, #656, #454 ) ) ;
#1886 = EDGE_CURVE ( 'NONE', #3151, #1989, #495, .T. ) ;
#1887 = DIRECTION ( 'NONE',  ( 0.000000000000000000, 0.000000000000000000, 1.000000000000000000 ) ) ;
#1888 = FACE_BOUND ( 'NONE', #259, .T. ) ;
#1889 = VERTEX_POINT ( 'NONE', #959 ) ;
#1890 = CARTESIAN_POINT ( 'NONE',  ( -9.100000000000205702, 6.900000000000061640, -2.599999999999936584 ) ) ;
#1891 = EDGE_LOOP ( 'NONE', ( #890, #1416, #1034, #790 ) ) ;
#1892 = DIRECTION ( 'NONE',  ( 1.000000000000000000, 0.000000000000000000, -1.215927670077201423E-16 ) ) ;
#1893 = VERTEX_POINT ( 'NONE', #220 ) ;
#1894 = DIRECTION ( 'NONE',  ( 0.000000000000000000, 0.000000000000000000, 1.000000000000000000 ) ) ;
#1895 = VERTEX_POINT ( 'NONE', #2702 ) ;
#1896 = CARTESIAN_POINT ( 'NONE',  ( -1.000000000000202505, 6.400000000000062528, 0.8000000000000532241 ) ) ;
#1897 = DIRECTION ( 'NONE',  ( 0.000000000000000000, 1.000000000000000000, 0.000000000000000000 ) ) ;
#1898 = DIRECTION ( 'NONE',  ( 1.000000000000000000, 0.000000000000000000, -0.000000000000000000 ) ) ;
#1899 = ORIENTED_EDGE ( 'NONE', *, *, #1886, .T. ) ;
#1900 = AXIS2_PLACEMENT_3D ( 'NONE', #2406, #671, #167 ) ;
#1901 = CARTESIAN_POINT ( 'NONE',  ( -1.500000000000213829, 6.900000000000062528, -2.599999999999936584 ) ) ;
#1902 = CYLINDRICAL_SURFACE ( 'NONE', #1900, 0.5000000000000001110 ) ;
#1903 = CALENDAR_DATE ( 2022, 28, 2 ) ;
#1904 = EDGE_CURVE ( 'NONE', #1301, #885, #746, .T. ) ;
#1905 = ADVANCED_FACE ( 'NONE', ( #1196 ), #2490, .F. ) ;
#1906 = AXIS2_PLACEMENT_3D ( 'NONE', #1838, #2353, #3120 ) ;
#1907 = VECTOR ( 'NONE', #314, 1000.000000000000000 ) ;
#1908 = LOCAL_TIME ( 19, 53, 45.00000000000000000, #672 ) ;
#1909 = CARTESIAN_POINT ( 'NONE',  ( -6.700000000000189360, 6.100000000000060041, 2.300000000000063327 ) ) ;
#1910 = VECTOR ( 'NONE', #2352, 1000.000000000000000 ) ;
#1911 = ORIENTED_EDGE ( 'NONE', *, *, #261, .T. ) ;
#1912 = LINE ( 'NONE', #1160, #918 ) ;
#1913 = AXIS2_PLACEMENT_3D ( 'NONE', #931, #1702, #1179 ) ;
#1914 = DIRECTION ( 'NONE',  ( 0.000000000000000000, 0.000000000000000000, 1.000000000000000000 ) ) ;
#1915 = ORIENTED_EDGE ( 'NONE', *, *, #1492, .T. ) ;
#1916 = DIRECTION ( 'NONE',  ( -1.000000000000000000, 0.000000000000000000, -0.000000000000000000 ) ) ;
#1917 = CARTESIAN_POINT ( 'NONE',  ( -2.950000000000206679, 6.400000000000062528, -1.599999999999937694 ) ) ;
#1918 = LINE ( 'NONE', #243, #2008 ) ;
#1919 = EDGE_LOOP ( 'NONE', ( #512, #68 ) ) ;
#1920 = CARTESIAN_POINT ( 'NONE',  ( -2.050000000000208988, 6.400000000000062528, -1.599999999999945688 ) ) ;
#1921 = DIRECTION ( 'NONE',  ( 0.000000000000000000, 1.000000000000000000, 0.000000000000000000 ) ) ;
#1922 = SHAPE_DEFINITION_REPRESENTATION ( #2081, #2699 ) ;
#1923 = CARTESIAN_POINT ( 'NONE',  ( -9.900000000000204636, 6.100000000000060929, 1.500000000000062839 ) ) ;
#1924 = CARTESIAN_POINT ( 'NONE',  ( -4.349038105676825694, 2.020000000000063523, -2.550000000000002931 ) ) ;
#1925 = ORIENTED_EDGE ( 'NONE', *, *, #2282, .T. ) ;
#1926 = LINE ( 'NONE', #158, #1600 ) ;
#1927 = ADVANCED_FACE ( 'NONE', ( #2211 ), #1940, .F. ) ;
#1928 = EDGE_CURVE ( 'NONE', #2012, #1446, #2685, .T. ) ;
#1929 = FACE_OUTER_BOUND ( 'NONE', #191, .T. ) ;
#1930 = ORIENTED_EDGE ( 'NONE', *, *, #1728, .F. ) ;
#1931 = LINE ( 'NONE', #2923, #2577 ) ;
#1932 = AXIS2_PLACEMENT_3D ( 'NONE', #3055, #2989, #289 ) ;
#1933 = VECTOR ( 'NONE', #3069, 1000.000000000000114 ) ;
#1934 = CARTESIAN_POINT ( 'NONE',  ( 1.599999999999795142, 6.900000000000063416, -2.599999999999936584 ) ) ;
#1935 = CARTESIAN_POINT ( 'NONE',  ( -7.500000000000124345, 0.000000000000000000, -0.4999999999999508726 ) ) ;
#1936 = ORIENTED_EDGE ( 'NONE', *, *, #653, .F. ) ;
#1937 = CARTESIAN_POINT ( 'NONE',  ( -5.450000000000206235, 6.400000000000062528, -1.599999999999937250 ) ) ;
#1938 = CARTESIAN_POINT ( 'NONE',  ( -2.089362071112734617E-13, 6.400000000000062528, -0.9999999999999417133 ) ) ;
#1939 = CARTESIAN_POINT ( 'NONE',  ( 0.4499999999997899569, 6.400000000000062528, -1.599999999999946132 ) ) ;
#1940 = PLANE ( 'NONE',  #2365 ) ;
#1941 = ORIENTED_EDGE ( 'NONE', *, *, #1130, .F. ) ;
#1942 = DIRECTION ( 'NONE',  ( 0.000000000000000000, 0.000000000000000000, 1.000000000000000000 ) ) ;
#1943 = ORIENTED_EDGE ( 'NONE', *, *, #2358, .F. ) ;
#1944 = LINE ( 'NONE', #190, #2320 ) ;
#1945 = VERTEX_POINT ( 'NONE', #720 ) ;
#1946 = EDGE_CURVE ( 'NONE', #2977, #346, #1471, .T. ) ;
#1947 = FACE_OUTER_BOUND ( 'NONE', #1055, .T. ) ;
#1948 = EDGE_CURVE ( 'NONE', #1138, #157, #1580, .T. ) ;
#1949 = FACE_OUTER_BOUND ( 'NONE', #3129, .T. ) ;
#1950 = ORIENTED_EDGE ( 'NONE', *, *, #219, .F. ) ;
#1951 = LINE ( 'NONE', #446, #1807 ) ;
#1952 = CARTESIAN_POINT ( 'NONE',  ( -9.100000000000205702, 6.900000000000061640, -1.599999999999944800 ) ) ;
#1953 = VECTOR ( 'NONE', #1225, 1000.000000000000000 ) ;
#1954 = DIRECTION ( 'NONE',  ( 0.000000000000000000, 0.000000000000000000, 1.000000000000000000 ) ) ;
#1955 = VERTEX_POINT ( 'NONE', #1799 ) ;
#1956 = CARTESIAN_POINT ( 'NONE',  ( -9.100000000000205702, -0.8499999999999366951, 1.500000000000062839 ) ) ;
#1957 = AXIS2_PLACEMENT_3D ( 'NONE', #1316, #2306, #87 ) ;
#1958 = ORIENTED_EDGE ( 'NONE', *, *, #3062, .F. ) ;
#1959 = VECTOR ( 'NONE', #823, 1000.000000000000000 ) ;
#1960 = LINE ( 'NONE', #2198, #2374 ) ;
#1961 = AXIS2_PLACEMENT_3D ( 'NONE', #498, #1897, #1673 ) ;
#1962 = DIRECTION ( 'NONE',  ( 0.000000000000000000, -0.000000000000000000, -1.000000000000000000 ) ) ;
#1963 = VERTEX_POINT ( 'NONE', #1074 ) ;
#1964 = DIRECTION ( 'NONE',  ( 1.000000000000000000, 0.000000000000000000, 0.000000000000000000 ) ) ;
#1965 = VECTOR ( 'NONE', #3179, 1000.000000000000000 ) ;
#1966 = EDGE_CURVE ( 'NONE', #2288, #2917, #1319, .T. ) ;
#1967 = DIRECTION ( 'NONE',  ( -1.000000000000000000, 0.000000000000000000, -0.000000000000000000 ) ) ;
#1968 = ORIENTED_EDGE ( 'NONE', *, *, #1774, .T. ) ;
#1969 = EDGE_CURVE ( 'NONE', #2398, #2721, #1012, .T. ) ;
#1970 = EDGE_CURVE ( 'NONE', #2417, #3, #2784, .T. ) ;
#1971 = CARTESIAN_POINT ( 'NONE',  ( 2.399999999999805844, 12.10000000000007603, -0.4881197846482374092 ) ) ;
#1972 = DIRECTION ( 'NONE',  ( -0.000000000000000000, -0.000000000000000000, -1.000000000000000000 ) ) ;
#1973 = LINE ( 'NONE', #1173, #566 ) ;
#1974 = CARTESIAN_POINT ( 'NONE',  ( 1.599999999999874856, 0.000000000000000000, 1.549999999999995826 ) ) ;
#1975 = LINE ( 'NONE', #2215, #864 ) ;
#1976 = ORIENTED_EDGE ( 'NONE', *, *, #1589, .F. ) ;
#1977 = PERSON_AND_ORGANIZATION ( #1378, #2736 ) ;
#1978 = ORIENTED_EDGE ( 'NONE', *, *, #1328, .T. ) ;
#1979 = DIRECTION ( 'NONE',  ( 0.000000000000000000, -0.000000000000000000, 1.000000000000000000 ) ) ;
#1980 = DIRECTION ( 'NONE',  ( 1.000000000000000000, 0.000000000000000000, 0.000000000000000000 ) ) ;
#1981 = ORIENTED_EDGE ( 'NONE', *, *, #1628, .T. ) ;
#1982 = AXIS2_PLACEMENT_3D ( 'NONE', #1775, #551, #1758 ) ;
#1983 = VECTOR ( 'NONE', #2545, 1000.000000000000000 ) ;
#1984 = DIRECTION ( 'NONE',  ( 0.000000000000000000, 0.000000000000000000, 1.000000000000000000 ) ) ;
#1985 = DIRECTION ( 'NONE',  ( 0.000000000000000000, 1.000000000000000000, 0.000000000000000000 ) ) ;
#1986 = EDGE_CURVE ( 'NONE', #1489, #2288, #1517, .T. ) ;
#1987 = ADVANCED_FACE ( 'NONE', ( #2770 ), #2040, .F. ) ;
#1988 = LINE ( 'NONE', #2715, #1708 ) ;
#1989 = VERTEX_POINT ( 'NONE', #563 ) ;
#1990 = CARTESIAN_POINT ( 'NONE',  ( -1.500000000000213829, 6.400000000000062528, -1.599999999999945688 ) ) ;
#1991 = EDGE_LOOP ( 'NONE', ( #1112, #1631, #2771, #111 ) ) ;
#1992 = CARTESIAN_POINT ( 'NONE',  ( 0.4999999999998243627, 1.000000000000054845, 1.500000000000062839 ) ) ;
#1993 = LINE ( 'NONE', #2478, #2571 ) ;
#1994 = ORIENTED_EDGE ( 'NONE', *, *, #2379, .T. ) ;
#1995 = LINE ( 'NONE', #34, #2794 ) ;
#1996 = FACE_OUTER_BOUND ( 'NONE', #2135, .T. ) ;
#1997 = VERTEX_POINT ( 'NONE', #3065 ) ;
#1998 = DIRECTION ( 'NONE',  ( -0.000000000000000000, -1.000000000000000000, 0.000000000000000000 ) ) ;
#1999 = CARTESIAN_POINT ( 'NONE',  ( -1.500000000000213829, 6.400000000000062528, 0.8000000000000541123 ) ) ;
#2000 = CARTESIAN_POINT ( 'NONE',  ( -9.100000000000205702, 6.900000000000061640, -2.099999999999945466 ) ) ;
#2001 = EDGE_CURVE ( 'NONE', #1053, #1596, #91, .T. ) ;
#2002 = EDGE_CURVE ( 'NONE', #2723, #1895, #64, .T. ) ;
#2003 = DIRECTION ( 'NONE',  ( -1.000000000000000000, 0.000000000000000000, 4.818676322157810194E-16 ) ) ;
#2004 = AXIS2_PLACEMENT_3D ( 'NONE', #3204, #975, #2662 ) ;
#2005 = ORIENTED_EDGE ( 'NONE', *, *, #1928, .F. ) ;
#2006 = ADVANCED_FACE ( 'NONE', ( #284 ), #300, .F. ) ;
#2007 = EDGE_CURVE ( 'NONE', #2859, #1313, #777, .T. ) ;
#2008 = VECTOR ( 'NONE', #2911, 1000.000000000000114 ) ;
#2009 = DIRECTION ( 'NONE',  ( -0.000000000000000000, -1.000000000000000000, -0.000000000000000000 ) ) ;
#2010 = AXIS2_PLACEMENT_3D ( 'NONE', #2397, #2888, #1894 ) ;
#2011 = COORDINATED_UNIVERSAL_TIME_OFFSET ( 5, 0, .BEHIND. ) ;
#2012 = VERTEX_POINT ( 'NONE', #2506 ) ;
#2013 = CARTESIAN_POINT ( 'NONE',  ( -8.000000000000174083, 1.000000000000046629, 2.300000000000063327 ) ) ;
#2014 = VECTOR ( 'NONE', #1998, 1000.000000000000000 ) ;
#2015 = DIRECTION ( 'NONE',  ( -1.000000000000000000, -0.000000000000000000, 0.000000000000000000 ) ) ;
#2016 = VECTOR ( 'NONE', #298, 1000.000000000000000 ) ;
#2017 = VECTOR ( 'NONE', #1321, 1000.000000000000000 ) ;
#2018 = EDGE_LOOP ( 'NONE', ( #1621, #1377, #821, #3091 ) ) ;
#2019 = AXIS2_PLACEMENT_3D ( 'NONE', #1257, #1073, #1782 ) ;
#2020 = CARTESIAN_POINT ( 'NONE',  ( -9.100000000000205702, 6.900000000000061640, 2.300000000000063327 ) ) ;
#2021 = LINE ( 'NONE', #2276, #2318 ) ;
#2022 = ORIENTED_EDGE ( 'NONE', *, *, #654, .T. ) ;
#2023 = CARTESIAN_POINT ( 'NONE',  ( -2.500000000000206057, 5.400000000000062528, -0.9999999999999243938 ) ) ;
#2024 = VERTEX_POINT ( 'NONE', #546 ) ;
#2025 = DIRECTION ( 'NONE',  ( -0.000000000000000000, 1.000000000000000000, -0.000000000000000000 ) ) ;
#2026 = ADVANCED_FACE ( 'NONE', ( #1272 ), #349, .F. ) ;
#2027 = EDGE_LOOP ( 'NONE', ( #1213, #3102, #1768, #862 ) ) ;
#2028 = CARTESIAN_POINT ( 'NONE',  ( -4.550000000000209432, 6.400000000000062528, -2.099999999999945466 ) ) ;
#2029 = APPROVAL_ROLE ( '' ) ;
#2030 = ORIENTED_EDGE ( 'NONE', *, *, #342, .T. ) ;
#2031 = DIRECTION ( 'NONE',  ( 0.2588190451025207950, 0.000000000000000000, -0.9659258262890683122 ) ) ;
#2032 = EDGE_CURVE ( 'NONE', #1059, #2109, #2280, .T. ) ;
#2033 = CARTESIAN_POINT ( 'NONE',  ( -9.100000000000205702, 6.100000000000060929, 1.500000000000062839 ) ) ;
#2034 = ORIENTED_EDGE ( 'NONE', *, *, #1311, .F. ) ;
#2035 = LINE ( 'NONE', #264, #2628 ) ;
#2036 = CARTESIAN_POINT ( 'NONE',  ( -3.500000000000201617, 6.400000000000062528, 0.8000000000000541123 ) ) ;
#2037 = ORIENTED_EDGE ( 'NONE', *, *, #2833, .F. ) ;
#2038 = PLANE ( 'NONE',  #2851 ) ;
#2039 = ORIENTED_EDGE ( 'NONE', *, *, #1871, .T. ) ;
#2040 = PLANE ( 'NONE',  #803 ) ;
#2041 = CARTESIAN_POINT ( 'NONE',  ( -2.950000000000206679, 6.400000000000062528, -2.099999999999945466 ) ) ;
#2042 = DIRECTION ( 'NONE',  ( 0.000000000000000000, 0.000000000000000000, 1.000000000000000000 ) ) ;
#2043 = ORIENTED_EDGE ( 'NONE', *, *, #1846, .T. ) ;
#2044 = CARTESIAN_POINT ( 'NONE',  ( -0.3000000000001898925, 6.900000000000063416, 2.300000000000063327 ) ) ;
#2045 = EDGE_CURVE ( 'NONE', #2769, #3031, #2785, .T. ) ;
#2046 = EDGE_CURVE ( 'NONE', #316, #2381, #2053, .T. ) ;
#2047 = DIRECTION ( 'NONE',  ( -1.000000000000000000, 0.000000000000000000, -0.000000000000000000 ) ) ;
#2048 = ORIENTED_EDGE ( 'NONE', *, *, #999, .T. ) ;
#2049 = CARTESIAN_POINT ( 'NONE',  ( -2.500000000000206057, 5.400000000000062528, -0.1999999999999233224 ) ) ;
#2050 = CARTESIAN_POINT ( 'NONE',  ( -9.100000000000205702, 6.900000000000061640, 0.8000000000000532241 ) ) ;
#2051 = VERTEX_POINT ( 'NONE', #793 ) ;
#2052 = FACE_OUTER_BOUND ( 'NONE', #2865, .T. ) ;
#2053 = LINE ( 'NONE', #1784, #2058 ) ;
#2054 = ORIENTED_EDGE ( 'NONE', *, *, #2844, .F. ) ;
#2055 = LINE ( 'NONE', #1842, #459 ) ;
#2056 = ORIENTED_EDGE ( 'NONE', *, *, #2281, .T. ) ;
#2057 = LINE ( 'NONE', #2313, #3158 ) ;
#2058 = VECTOR ( 'NONE', #1043, 1000.000000000000000 ) ;
#2059 = LINE ( 'NONE', #2484, #2974 ) ;
#2060 = ORIENTED_EDGE ( 'NONE', *, *, #1510, .F. ) ;
#2061 = ORIENTED_EDGE ( 'NONE', *, *, #927, .F. ) ;
#2062 = VECTOR ( 'NONE', #182, 1000.000000000000000 ) ;
#2063 = VECTOR ( 'NONE', #192, 1000.000000000000114 ) ;
#2064 = AXIS2_PLACEMENT_3D ( 'NONE', #1165, #1770, #749 ) ;
#2065 = PLANE ( 'NONE',  #560 ) ;
#2066 = CARTESIAN_POINT ( 'NONE',  ( -4.000000000000214051, 6.400000000000062528, -1.599999999999945244 ) ) ;
#2067 = ORIENTED_EDGE ( 'NONE', *, *, #3181, .F. ) ;
#2068 = VECTOR ( 'NONE', #2442, 1000.000000000000000 ) ;
#2069 = ADVANCED_FACE ( 'NONE', ( #1554 ), #319, .F. ) ;
#2070 = EDGE_CURVE ( 'NONE', #1029, #2433, #1305, .T. ) ;
#2071 = CARTESIAN_POINT ( 'NONE',  ( -7.950000000000185807, 2.020000000000063523, -1.799999999999928768 ) ) ;
#2072 = DIRECTION ( 'NONE',  ( 0.000000000000000000, 0.000000000000000000, -1.000000000000000000 ) ) ;
#2073 = ORIENTED_EDGE ( 'NONE', *, *, #320, .T. ) ;
#2074 = CARTESIAN_POINT ( 'NONE',  ( -4.550000000000209432, 6.400000000000062528, -2.099999999999945466 ) ) ;
#2075 = APPROVAL_DATE_TIME ( #924, #384 ) ;
#2076 = ORIENTED_EDGE ( 'NONE', *, *, #2142, .T. ) ;
#2077 = CARTESIAN_POINT ( 'NONE',  ( -4.550000000000209432, 6.900000000000062528, -1.599999999999945244 ) ) ;
#2078 = CARTESIAN_POINT ( 'NONE',  ( 2.399999999999805844, 6.100000000000078693, -0.4881197846482304703 ) ) ;
#2079 = ORIENTED_EDGE ( 'NONE', *, *, #1145, .T. ) ;
#2080 = VERTEX_POINT ( 'NONE', #2800 ) ;
#2081 = PRODUCT_DEFINITION_SHAPE ( 'NONE', 'NONE',  #2242 ) ;
#2082 = DIRECTION ( 'NONE',  ( -1.000000000000000000, -0.000000000000000000, -0.000000000000000000 ) ) ;
#2083 = LINE ( 'NONE', #1349, #709 ) ;
#2084 = ORIENTED_EDGE ( 'NONE', *, *, #1813, .T. ) ;
#2085 = CARTESIAN_POINT ( 'NONE',  ( -8.500000000000202505, 6.400000000000062528, -1.599999999999937028 ) ) ;
#2086 = DIRECTION ( 'NONE',  ( 0.000000000000000000, 0.000000000000000000, 1.000000000000000000 ) ) ;
#2087 = EDGE_CURVE ( 'NONE', #2452, #1029, #3138, .T. ) ;
#2088 = ADVANCED_FACE ( 'NONE', ( #640 ), #1841, .F. ) ;
#2089 = FACE_OUTER_BOUND ( 'NONE', #85, .T. ) ;
#2090 = ORIENTED_EDGE ( 'NONE', *, *, #1791, .T. ) ;
#2091 = DIRECTION ( 'NONE',  ( 0.000000000000000000, -1.000000000000000000, 0.000000000000000000 ) ) ;
#2092 = FACE_OUTER_BOUND ( 'NONE', #590, .T. ) ;
#2093 = ORIENTED_EDGE ( 'NONE', *, *, #1491, .F. ) ;
#2094 = ORIENTED_EDGE ( 'NONE', *, *, #3097, .F. ) ;
#2095 = LINE ( 'NONE', #412, #659 ) ;
#2096 = CARTESIAN_POINT ( 'NONE',  ( -2.500000000000125677, 4.500000000000000888, 1.387778780781445676E-14 ) ) ;
#2097 = ORIENTED_EDGE ( 'NONE', *, *, #1829, .T. ) ;
#2098 = LINE ( 'NONE', #888, #361 ) ;
#2099 = DIRECTION ( 'NONE',  ( -1.360567432138668975E-15, -1.000000000000000000, -0.000000000000000000 ) ) ;
#2100 = ORIENTED_EDGE ( 'NONE', *, *, #2127, .F. ) ;
#2101 = EDGE_CURVE ( 'NONE', #2336, #2498, #2832, .T. ) ;
#2102 = CARTESIAN_POINT ( 'NONE',  ( -7.050000000000208544, 6.400000000000062528, -1.599999999999944800 ) ) ;
#2103 = ORIENTED_EDGE ( 'NONE', *, *, #2861, .T. ) ;
#2104 = CARTESIAN_POINT ( 'NONE',  ( -7.950000000000207123, 6.900000000000061640, -2.099999999999944578 ) ) ;
#2105 = CC_DESIGN_DATE_AND_TIME_ASSIGNMENT ( #1156, #2663, ( #96 ) ) ;
#2106 = ADVANCED_FACE ( 'NONE', ( #2881 ), #430, .F. ) ;
#2107 = DIRECTION ( 'NONE',  ( 0.000000000000000000, -0.000000000000000000, 1.000000000000000000 ) ) ;
#2108 = ORIENTED_EDGE ( 'NONE', *, *, #2281, .F. ) ;
#2109 = VERTEX_POINT ( 'NONE', #606 ) ;
#2110 = AXIS2_PLACEMENT_3D ( 'NONE', #1223, #1921, #718 ) ;
#2111 = FACE_OUTER_BOUND ( 'NONE', #1231, .T. ) ;
#2112 = PLANE ( 'NONE',  #1440 ) ;
#2113 = VECTOR ( 'NONE', #588, 1000.000000000000000 ) ;
#2114 = ORIENTED_EDGE ( 'NONE', *, *, #881, .T. ) ;
#2115 = VECTOR ( 'NONE', #489, 1000.000000000000000 ) ;
#2116 = AXIS2_PLACEMENT_3D ( 'NONE', #929, #2650, #1141 ) ;
#2117 = CARTESIAN_POINT ( 'NONE',  ( -0.4500000000002076228, 6.400000000000062528, -2.099999999999945910 ) ) ;
#2118 = CARTESIAN_POINT ( 'NONE',  ( -7.050000000000187228, 2.020000000000063523, -1.799999999999928324 ) ) ;
#2119 = AXIS2_PLACEMENT_3D ( 'NONE', #3068, #1618, #628 ) ;
#2120 = EDGE_LOOP ( 'NONE', ( #2347, #781, #1899, #3178 ) ) ;
#2121 = ADVANCED_FACE ( 'NONE', ( #1888, #2853 ), #652, .F. ) ;
#2122 = FACE_OUTER_BOUND ( 'NONE', #1259, .T. ) ;
#2123 = ORIENTED_EDGE ( 'NONE', *, *, #1411, .F. ) ;
#2124 = LINE ( 'NONE', #1357, #1185 ) ;
#2125 = DIRECTION ( 'NONE',  ( 0.000000000000000000, -0.000000000000000000, 1.000000000000000000 ) ) ;
#2126 = VERTEX_POINT ( 'NONE', #1402 ) ;
#2127 = EDGE_CURVE ( 'NONE', #1578, #872, #1875, .T. ) ;
#2128 = VERTEX_POINT ( 'NONE', #2614 ) ;
#2129 = LINE ( 'NONE', #3117, #144 ) ;
#2130 = DIRECTION ( 'NONE',  ( 1.000000000000000000, 1.621236893436268400E-16, -0.000000000000000000 ) ) ;
#2131 = ORIENTED_EDGE ( 'NONE', *, *, #461, .T. ) ;
#2132 = CARTESIAN_POINT ( 'NONE',  ( -7.500000000000124345, -1.414213562373096922, 4.900593819634480042E-14 ) ) ;
#2133 = PLANE ( 'NONE',  #1640 ) ;
#2134 = DIRECTION ( 'NONE',  ( 1.000000000000000000, 0.000000000000000000, 0.000000000000000000 ) ) ;
#2135 = EDGE_LOOP ( 'NONE', ( #1608, #1135, #2022, #1202 ) ) ;
#2136 = CARTESIAN_POINT ( 'NONE',  ( -4.550000000000187228, 2.020000000000063523, -1.799999999999928324 ) ) ;
#2137 = DIRECTION ( 'NONE',  ( -0.000000000000000000, -0.000000000000000000, -1.000000000000000000 ) ) ;
#2138 = ORIENTED_EDGE ( 'NONE', *, *, #1131, .F. ) ;
#2139 = FACE_OUTER_BOUND ( 'NONE', #543, .T. ) ;
#2140 = VECTOR ( 'NONE', #1820, 1000.000000000000000 ) ;
#2141 = ADVANCED_FACE ( 'NONE', ( #2389 ), #1902, .F. ) ;
#2142 = EDGE_CURVE ( 'NONE', #1157, #313, #397, .T. ) ;
#2143 = ADVANCED_FACE ( 'NONE', ( #2343 ), #2148, .F. ) ;
#2144 = DIRECTION ( 'NONE',  ( -1.000000000000000000, 0.000000000000000000, 4.818676322157810194E-16 ) ) ;
#2145 = CARTESIAN_POINT ( 'NONE',  ( 1.599999999999796918, 6.100000000000060929, -2.599999999999936584 ) ) ;
#2146 = ORIENTED_EDGE ( 'NONE', *, *, #2253, .F. ) ;
#2147 = DIRECTION ( 'NONE',  ( 0.000000000000000000, 1.000000000000000000, 0.000000000000000000 ) ) ;
#2148 = PLANE ( 'NONE',  #1120 ) ;
#2149 = CARTESIAN_POINT ( 'NONE',  ( -5.000000000000126121, 4.500000000000000888, 0.5000000000000317524 ) ) ;
#2150 = VERTEX_POINT ( 'NONE', #1418 ) ;
#2151 = CARTESIAN_POINT ( 'NONE',  ( 1.599999999999810685, 6.900000000000063416, -0.9499999999999347855 ) ) ;
#2152 = CARTESIAN_POINT ( 'NONE',  ( -7.500000000000124345, 4.500000000000000888, 4.900593819634480042E-14 ) ) ;
#2153 = ORIENTED_EDGE ( 'NONE', *, *, #2747, .T. ) ;
#2154 = PLANE ( 'NONE',  #1497 ) ;
#2155 = EDGE_CURVE ( 'NONE', #593, #945, #183, .T. ) ;
#2156 = DIRECTION ( 'NONE',  ( -0.000000000000000000, -0.000000000000000000, -1.000000000000000000 ) ) ;
#2157 = CARTESIAN_POINT ( 'NONE',  ( -7.500000000000203393, 5.400000000000062528, -0.9999999999998873124 ) ) ;
#2158 = VERTEX_POINT ( 'NONE', #840 ) ;
#2159 = AXIS2_PLACEMENT_3D ( 'NONE', #2177, #937, #1967 ) ;
#2160 = CARTESIAN_POINT ( 'NONE',  ( 0.4999999999998139821, 3.450000000000066347, 2.300000000000063327 ) ) ;
#2161 = DIRECTION ( 'NONE',  ( 0.000000000000000000, 1.000000000000000000, -0.000000000000000000 ) ) ;
#2162 = CC_DESIGN_DATE_AND_TIME_ASSIGNMENT ( #1521, #2509, ( #2242 ) ) ;
#2163 = EDGE_CURVE ( 'NONE', #1108, #2843, #1107, .T. ) ;
#2164 = AXIS2_PLACEMENT_3D ( 'NONE', #260, #1047, #982 ) ;
#2165 = FACE_OUTER_BOUND ( 'NONE', #1885, .T. ) ;
#2166 = VECTOR ( 'NONE', #1438, 1000.000000000000000 ) ;
#2167 = LINE ( 'NONE', #2869, #1808 ) ;
#2168 = VECTOR ( 'NONE', #919, 1000.000000000000000 ) ;
#2169 = ORIENTED_EDGE ( 'NONE', *, *, #1689, .F. ) ;
#2170 = DIRECTION ( 'NONE',  ( -1.000000000000000000, 0.000000000000000000, 0.000000000000000000 ) ) ;
#2171 = VECTOR ( 'NONE', #2613, 1000.000000000000114 ) ;
#2172 = ORIENTED_EDGE ( 'NONE', *, *, #1366, .F. ) ;
#2173 = CARTESIAN_POINT ( 'NONE',  ( -9.100000000000125766, 0.000000000000000000, -2.550000000000002931 ) ) ;
#2174 = EDGE_LOOP ( 'NONE', ( #1724, #1584, #3084, #2039 ) ) ;
#2175 = DIRECTION ( 'NONE',  ( -0.000000000000000000, -1.000000000000000000, 0.000000000000000000 ) ) ;
#2176 = CARTESIAN_POINT ( 'NONE',  ( -3.500000000000201617, 6.900000000000062528, -2.599999999999936584 ) ) ;
#2177 = CARTESIAN_POINT ( 'NONE',  ( -0.8000000000001972200, 1.000000000000046629, 2.300000000000063327 ) ) ;
#2178 = EDGE_LOOP ( 'NONE', ( #3067, #1474 ) ) ;
#2179 = LINE ( 'NONE', #2929, #2526 ) ;
#2180 = CARTESIAN_POINT ( 'NONE',  ( -2.950000000000206679, 6.400000000000062528, -2.099999999999945910 ) ) ;
#2181 = CARTESIAN_POINT ( 'NONE',  ( -8.000000000000174083, 1.000000000000046629, 2.300000000000063327 ) ) ;
#2182 = EDGE_CURVE ( 'NONE', #7, #646, #155, .T. ) ;
#2183 = EDGE_CURVE ( 'NONE', #1727, #2703, #2589, .T. ) ;
#2184 = LINE ( 'NONE', #233, #971 ) ;
#2185 = VERTEX_POINT ( 'NONE', #855 ) ;
#2186 = DIRECTION ( 'NONE',  ( 0.000000000000000000, 0.000000000000000000, 1.000000000000000000 ) ) ;
#2187 = DIRECTION ( 'NONE',  ( 0.000000000000000000, 0.000000000000000000, 1.000000000000000000 ) ) ;
#2188 = ORIENTED_EDGE ( 'NONE', *, *, #1871, .F. ) ;
#2189 = LINE ( 'NONE', #1412, #2063 ) ;
#2190 = PLANE ( 'NONE',  #2159 ) ;
#2191 = VERTEX_POINT ( 'NONE', #1859 ) ;
#2192 = DIRECTION ( 'NONE',  ( 0.000000000000000000, -1.000000000000000000, 0.000000000000000000 ) ) ;
#2193 = LINE ( 'NONE', #1952, #2835 ) ;
#2194 = DIRECTION ( 'NONE',  ( 0.000000000000000000, 0.000000000000000000, -1.000000000000000000 ) ) ;
#2195 = DIRECTION ( 'NONE',  ( 1.000000000000000000, 0.000000000000000000, 4.818676322157808222E-16 ) ) ;
#2196 = ORIENTED_EDGE ( 'NONE', *, *, #2640, .T. ) ;
#2197 = ORIENTED_EDGE ( 'NONE', *, *, #1090, .T. ) ;
#2198 = CARTESIAN_POINT ( 'NONE',  ( -5.664359353945084052, 2.020000000000063523, -2.550000000000002931 ) ) ;
#2199 = EDGE_LOOP ( 'NONE', ( #2447, #1535, #2536, #2383 ) ) ;
#2200 = DIRECTION ( 'NONE',  ( -0.000000000000000000, 1.000000000000000000, -0.000000000000000000 ) ) ;
#2201 = EDGE_LOOP ( 'NONE', ( #1085, #1119, #2123, #2643 ) ) ;
#2202 = PLANE ( 'NONE',  #303 ) ;
#2203 = CC_DESIGN_PERSON_AND_ORGANIZATION_ASSIGNMENT ( #1977, #1009, ( #2807 ) ) ;
#2204 = EDGE_CURVE ( 'NONE', #1373, #3000, #1615, .T. ) ;
#2205 = CARTESIAN_POINT ( 'NONE',  ( -9.900000000000204636, 6.900000000000061640, -2.599999999999936584 ) ) ;
#2206 = ORIENTED_EDGE ( 'NONE', *, *, #3040, .T. ) ;
#2207 = DIRECTION ( 'NONE',  ( -4.818676322157810194E-16, 0.000000000000000000, -1.000000000000000000 ) ) ;
#2208 = CARTESIAN_POINT ( 'NONE',  ( -6.000000000000201617, 6.400000000000062528, -1.599999999999937250 ) ) ;
#2209 = PLANE ( 'NONE',  #760 ) ;
#2210 = VERTEX_POINT ( 'NONE', #2356 ) ;
#2211 = FACE_OUTER_BOUND ( 'NONE', #1891, .T. ) ;
#2212 = AXIS2_PLACEMENT_3D ( 'NONE', #636, #367, #393 ) ;
#2213 = VERTEX_POINT ( 'NONE', #136 ) ;
#2214 = AXIS2_PLACEMENT_3D ( 'NONE', #525, #2289, #1548 ) ;
#2215 = CARTESIAN_POINT ( 'NONE',  ( -5.450000000000206235, 6.400000000000062528, -1.599999999999937250 ) ) ;
#2216 = ORIENTED_EDGE ( 'NONE', *, *, #3079, .F. ) ;
#2217 = VECTOR ( 'NONE', #2175, 1000.000000000000000 ) ;
#2218 = AXIS2_PLACEMENT_3D ( 'NONE', #1569, #336, #2819 ) ;
#2219 = DIRECTION ( 'NONE',  ( 0.000000000000000000, 1.000000000000000000, 0.000000000000000000 ) ) ;
#2220 = ORIENTED_EDGE ( 'NONE', *, *, #1948, .F. ) ;
#2221 = PLANE ( 'NONE',  #2734 ) ;
#2222 = VECTOR ( 'NONE', #733, 1000.000000000000000 ) ;
#2223 = ADVANCED_FACE ( 'NONE', ( #1122 ), #2133, .F. ) ;
#2224 = DIRECTION ( 'NONE',  ( 0.2588190451025209060, 0.000000000000000000, 0.9659258262890683122 ) ) ;
#2225 = ORIENTED_EDGE ( 'NONE', *, *, #1105, .T. ) ;
#2226 = CARTESIAN_POINT ( 'NONE',  ( -0.4500000000002076228, 6.400000000000062528, -2.099999999999945910 ) ) ;
#2227 = LINE ( 'NONE', #231, #2729 ) ;
#2228 = PLANE ( 'NONE',  #3152 ) ;
#2229 = LINE ( 'NONE', #2428, #252 ) ;
#2230 = CARTESIAN_POINT ( 'NONE',  ( -9.100000000000125766, 0.000000000000000000, 1.500000000000062839 ) ) ;
#2231 = ORIENTED_EDGE ( 'NONE', *, *, #2817, .F. ) ;
#2232 = DIRECTION ( 'NONE',  ( 0.000000000000000000, -1.000000000000000000, 0.000000000000000000 ) ) ;
#2233 = DIRECTION ( 'NONE',  ( -1.000000000000000000, 0.000000000000000000, -0.000000000000000000 ) ) ;
#2234 = VERTEX_POINT ( 'NONE', #988 ) ;
#2235 = AXIS2_PLACEMENT_3D ( 'NONE', #21, #83, #71 ) ;
#2236 = AXIS2_PLACEMENT_3D ( 'NONE', #1461, #2200, #2706 ) ;
#2237 = EDGE_CURVE ( 'NONE', #2433, #2395, #923, .T. ) ;
#2238 = EDGE_CURVE ( 'NONE', #748, #2024, #2468, .T. ) ;
#2239 = VECTOR ( 'NONE', #2015, 1000.000000000000000 ) ;
#2240 = LINE ( 'NONE', #2547, #1597 ) ;
#2241 = CARTESIAN_POINT ( 'NONE',  ( -1.500000000000213829, 6.400000000000062528, -1.599999999999945688 ) ) ;
#2242 = PRODUCT_DEFINITION ( 'UNKNOWN', '', #1701, #1795 ) ;
#2243 = EDGE_CURVE ( 'NONE', #394, #3151, #1694, .T. ) ;
#2244 = FACE_OUTER_BOUND ( 'NONE', #2494, .T. ) ;
#2245 = CARTESIAN_POINT ( 'NONE',  ( -2.950000000000184919, 0.000000000000000000, -1.799999999999928768 ) ) ;
#2246 = ORIENTED_EDGE ( 'NONE', *, *, #3063, .F. ) ;
#2247 = DIRECTION ( 'NONE',  ( -0.2588190451025207950, 0.000000000000000000, 0.9659258262890683122 ) ) ;
#2248 = FACE_OUTER_BOUND ( 'NONE', #2592, .T. ) ;
#2249 = ORIENTED_EDGE ( 'NONE', *, *, #2142, .F. ) ;
#2250 = DIRECTION ( 'NONE',  ( 0.000000000000000000, 1.000000000000000000, 0.000000000000000000 ) ) ;
#2251 = LINE ( 'NONE', #312, #3177 ) ;
#2252 = ORIENTED_EDGE ( 'NONE', *, *, #1734, .F. ) ;
#2253 = EDGE_CURVE ( 'NONE', #586, #2191, #1467, .T. ) ;
#2254 = DIRECTION ( 'NONE',  ( 0.000000000000000000, 0.000000000000000000, 1.000000000000000000 ) ) ;
#2255 = LINE ( 'NONE', #2050, #911 ) ;
#2256 = DIRECTION ( 'NONE',  ( -1.000000000000000000, 0.000000000000000000, 4.818676322157810194E-16 ) ) ;
#2257 = ORIENTED_EDGE ( 'NONE', *, *, #1830, .T. ) ;
#2258 = DIRECTION ( 'NONE',  ( 1.000000000000000000, 1.621236893436268400E-16, -0.000000000000000000 ) ) ;
#2259 = EDGE_CURVE ( 'NONE', #1100, #1059, #2454, .T. ) ;
#2260 = EDGE_CURVE ( 'NONE', #2417, #376, #2227, .T. ) ;
#2261 = VECTOR ( 'NONE', #2867, 1000.000000000000000 ) ;
#2262 = ORIENTED_EDGE ( 'NONE', *, *, #727, .F. ) ;
#2263 = VECTOR ( 'NONE', #447, 1000.000000000000000 ) ;
#2264 = DIRECTION ( 'NONE',  ( -0.000000000000000000, -0.000000000000000000, -1.000000000000000000 ) ) ;
#2265 = CIRCLE ( 'NONE', #2214, 0.8000000000000025979 ) ;
#2266 = AXIS2_PLACEMENT_3D ( 'NONE', #2152, #1685, #2187 ) ;
#2267 = DIRECTION ( 'NONE',  ( 1.360567432138668975E-15, 1.000000000000000000, 0.000000000000000000 ) ) ;
#2268 = ORIENTED_EDGE ( 'NONE', *, *, #3062, .T. ) ;
#2269 = DIRECTION ( 'NONE',  ( -0.000000000000000000, -1.000000000000000000, 0.000000000000000000 ) ) ;
#2270 = VECTOR ( 'NONE', #2009, 1000.000000000000000 ) ;
#2271 = CARTESIAN_POINT ( 'NONE',  ( -3.500000000000201617, 6.400000000000062528, -1.599999999999937694 ) ) ;
#2272 = AXIS2_PLACEMENT_3D ( 'NONE', #2934, #2170, #704 ) ;
#2273 = ORIENTED_EDGE ( 'NONE', *, *, #3180, .F. ) ;
#2274 = VECTOR ( 'NONE', #2147, 1000.000000000000000 ) ;
#2275 = CARTESIAN_POINT ( 'NONE',  ( -8.000000000000174083, 3.450000000000061462, 2.300000000000063327 ) ) ;
#2276 = CARTESIAN_POINT ( 'NONE',  ( -5.664359353945084052, 2.020000000000063523, -1.799999999999928324 ) ) ;
#2277 = VERTEX_POINT ( 'NONE', #479 ) ;
#2278 = FACE_BOUND ( 'NONE', #2701, .T. ) ;
#2279 = VERTEX_POINT ( 'NONE', #1481 ) ;
#2280 = LINE ( 'NONE', #3032, #752 ) ;
#2281 = EDGE_CURVE ( 'NONE', #800, #103, #1591, .T. ) ;
#2282 = EDGE_CURVE ( 'NONE', #2841, #335, #1716, .T. ) ;
#2283 = DIRECTION ( 'NONE',  ( -1.000000000000000000, 0.000000000000000000, 1.215927670077201423E-16 ) ) ;
#2284 = DIRECTION ( 'NONE',  ( 1.000000000000000000, -1.360567432138668975E-15, 0.000000000000000000 ) ) ;
#2285 = ORIENTED_EDGE ( 'NONE', *, *, #2919, .F. ) ;
#2286 = CARTESIAN_POINT ( 'NONE',  ( -1.253337711393243126E-13, 4.500000000000000888, -3.469446951953614189E-15 ) ) ;
#2287 = CARTESIAN_POINT ( 'NONE',  ( 2.399999999999805844, 12.10000000000007603, -1.411880215351643653 ) ) ;
#2288 = VERTEX_POINT ( 'NONE', #2965 ) ;
#2289 = DIRECTION ( 'NONE',  ( 0.000000000000000000, 1.000000000000000000, 0.000000000000000000 ) ) ;
#2290 = CYLINDRICAL_SURFACE ( 'NONE', #143, 0.5000000000000001110 ) ;
#2291 = VECTOR ( 'NONE', #2448, 1000.000000000000000 ) ;
#2292 = ORIENTED_EDGE ( 'NONE', *, *, #2296, .T. ) ;
#2293 = DIRECTION ( 'NONE',  ( -1.000000000000000000, 0.000000000000000000, 1.215927670077201423E-16 ) ) ;
#2294 = EDGE_LOOP ( 'NONE', ( #1247, #778, #2197, #1069 ) ) ;
#2295 = DIRECTION ( 'NONE',  ( -0.08662961636484539651, -0.9962405881956825082, -0.000000000000000000 ) ) ;
#2296 = EDGE_CURVE ( 'NONE', #244, #1864, #2193, .T. ) ;
#2297 = CARTESIAN_POINT ( 'NONE',  ( -2.050000000000187672, 2.020000000000063523, -1.799999999999928324 ) ) ;
#2298 = ORIENTED_EDGE ( 'NONE', *, *, #1065, .F. ) ;
#2299 = DIRECTION ( 'NONE',  ( 0.000000000000000000, 0.000000000000000000, 1.000000000000000000 ) ) ;
#2300 = CARTESIAN_POINT ( 'NONE',  ( -8.500000000000202505, 6.400000000000062528, -1.599999999999937028 ) ) ;
#2301 = ORIENTED_EDGE ( 'NONE', *, *, #1288, .F. ) ;
#2302 = EDGE_CURVE ( 'NONE', #2150, #16, #731, .T. ) ;
#2303 = EDGE_CURVE ( 'NONE', #1839, #1895, #39, .T. ) ;
#2304 = ORIENTED_EDGE ( 'NONE', *, *, #3096, .T. ) ;
#2305 = CARTESIAN_POINT ( 'NONE',  ( -9.900000000000204636, 6.100000000000060929, -2.599999999999936584 ) ) ;
#2306 = DIRECTION ( 'NONE',  ( 0.000000000000000000, 1.000000000000000000, 0.000000000000000000 ) ) ;
#2307 = ORIENTED_EDGE ( 'NONE', *, *, #1946, .T. ) ;
#2308 = DIRECTION ( 'NONE',  ( 0.000000000000000000, 0.000000000000000000, -1.000000000000000000 ) ) ;
#2309 = CARTESIAN_POINT ( 'NONE',  ( -7.500000000000124345, 0.000000000000000000, 4.900593819634480042E-14 ) ) ;
#2310 = CARTESIAN_POINT ( 'NONE',  ( 0.4999999999998278599, 1.000000000000054845, 2.300000000000063327 ) ) ;
#2311 = VECTOR ( 'NONE', #1209, 1000.000000000000000 ) ;
#2312 = ORIENTED_EDGE ( 'NONE', *, *, #420, .F. ) ;
#2313 = CARTESIAN_POINT ( 'NONE',  ( 0.6643593539447119056, 0.000000000000000000, -2.599999999999929479 ) ) ;
#2314 = AXIS2_PLACEMENT_3D ( 'NONE', #1087, #1884, #2878 ) ;
#2315 = PLANE ( 'NONE',  #3122 ) ;
#2316 = ORIENTED_EDGE ( 'NONE', *, *, #1366, .T. ) ;
#2317 = VERTEX_POINT ( 'NONE', #3155 ) ;
#2318 = VECTOR ( 'NONE', #759, 1000.000000000000000 ) ;
#2319 = VECTOR ( 'NONE', #1169, 1000.000000000000000 ) ;
#2320 = VECTOR ( 'NONE', #1182, 1000.000000000000000 ) ;
#2321 = EDGE_CURVE ( 'NONE', #148, #48, #1731, .T. ) ;
#2322 = AXIS2_PLACEMENT_3D ( 'NONE', #2609, #2827, #2576 ) ;
#2323 = VECTOR ( 'NONE', #3066, 1000.000000000000000 ) ;
#2324 = CARTESIAN_POINT ( 'NONE',  ( -2.950000000000206679, 6.400000000000062528, -1.599999999999937694 ) ) ;
#2325 = LINE ( 'NONE', #602, #2894 ) ;
#2326 = VERTEX_POINT ( 'NONE', #1938 ) ;
#2327 = VECTOR ( 'NONE', #2293, 1000.000000000000000 ) ;
#2328 = CARTESIAN_POINT ( 'NONE',  ( 0.9999999999997849498, 6.900000000000063416, 0.8000000000000532241 ) ) ;
#2329 = DIRECTION ( 'NONE',  ( -0.000000000000000000, 0.000000000000000000, -1.000000000000000000 ) ) ;
#2330 = VERTEX_POINT ( 'NONE', #2914 ) ;
#2331 = DIRECTION ( 'NONE',  ( 0.000000000000000000, 1.000000000000000000, 0.000000000000000000 ) ) ;
#2332 = ORIENTED_EDGE ( 'NONE', *, *, #1713, .F. ) ;
#2333 = CARTESIAN_POINT ( 'NONE',  ( -9.100000000000205702, 6.900000000000061640, -2.099999999999945022 ) ) ;
#2334 = LINE ( 'NONE', #1345, #326 ) ;
#2335 = EDGE_LOOP ( 'NONE', ( #835, #229 ) ) ;
#2336 = VERTEX_POINT ( 'NONE', #1502 ) ;
#2337 = LINE ( 'NONE', #1576, #2425 ) ;
#2338 = CARTESIAN_POINT ( 'NONE',  ( -9.100000000000205702, -0.8499999999999366951, -2.599999999999936584 ) ) ;
#2339 = ORIENTED_EDGE ( 'NONE', *, *, #497, .T. ) ;
#2340 = ADVANCED_FACE ( 'NONE', ( #742 ), #2714, .F. ) ;
#2341 = EDGE_CURVE ( 'NONE', #2158, #1989, #3188, .T. ) ;
#2342 = CARTESIAN_POINT ( 'NONE',  ( -4.550000000000187228, 2.020000000000063523, -1.799999999999928324 ) ) ;
#2343 = FACE_OUTER_BOUND ( 'NONE', #2363, .T. ) ;
#2344 = CC_DESIGN_PERSON_AND_ORGANIZATION_ASSIGNMENT ( #431, #817, ( #1701 ) ) ;
#2345 = EDGE_CURVE ( 'NONE', #1389, #332, #1436, .T. ) ;
#2346 = DIRECTION ( 'NONE',  ( 0.000000000000000000, 1.000000000000000000, 0.000000000000000000 ) ) ;
#2347 = ORIENTED_EDGE ( 'NONE', *, *, #141, .F. ) ;
#2348 = DIRECTION ( 'NONE',  ( -1.000000000000000000, 0.000000000000000000, 0.000000000000000000 ) ) ;
#2349 = DIRECTION ( 'NONE',  ( 0.000000000000000000, 1.000000000000000000, 0.000000000000000000 ) ) ;
#2350 = ORIENTED_EDGE ( 'NONE', *, *, #3021, .F. ) ;
#2351 = ORIENTED_EDGE ( 'NONE', *, *, #2238, .T. ) ;
#2352 = DIRECTION ( 'NONE',  ( 1.000000000000000000, 1.621236893436268400E-16, -0.000000000000000000 ) ) ;
#2353 = DIRECTION ( 'NONE',  ( 0.000000000000000000, 1.000000000000000000, 0.000000000000000000 ) ) ;
#2354 = ORIENTED_EDGE ( 'NONE', *, *, #1904, .T. ) ;
#2355 = CARTESIAN_POINT ( 'NONE',  ( -0.4500000000002080669, 6.900000000000063416, -2.599999999999936584 ) ) ;
#2356 = CARTESIAN_POINT ( 'NONE',  ( -3.150961894323547341, 2.020000000000063523, -2.550000000000003375 ) ) ;
#2357 = ADVANCED_FACE ( 'NONE', ( #3173 ), #2930, .F. ) ;
#2358 = EDGE_CURVE ( 'NONE', #1163, #438, #2440, .T. ) ;
#2359 = FACE_OUTER_BOUND ( 'NONE', #1533, .T. ) ;
#2360 = ORIENTED_EDGE ( 'NONE', *, *, #1383, .T. ) ;
#2361 = DIRECTION ( 'NONE',  ( 0.2588190451025207950, 0.000000000000000000, -0.9659258262890683122 ) ) ;
#2362 = CYLINDRICAL_SURFACE ( 'NONE', #2552, 0.5000000000000001110 ) ;
#2363 = EDGE_LOOP ( 'NONE', ( #2034, #1633, #1861, #617 ) ) ;
#2364 = EDGE_LOOP ( 'NONE', ( #747, #2737, #2543, #818 ) ) ;
#2365 = AXIS2_PLACEMENT_3D ( 'NONE', #2932, #702, #1697 ) ;
#2366 = LINE ( 'NONE', #883, #1700 ) ;
#2367 = DIRECTION ( 'NONE',  ( 0.000000000000000000, 1.000000000000000000, 0.000000000000000000 ) ) ;
#2368 = VECTOR ( 'NONE', #837, 1000.000000000000000 ) ;
#2369 = VECTOR ( 'NONE', #601, 1000.000000000000000 ) ;
#2370 = EDGE_LOOP ( 'NONE', ( #3088, #1800, #1869, #3006 ) ) ;
#2371 = VECTOR ( 'NONE', #169, 1000.000000000000000 ) ;
#2372 = FACE_OUTER_BOUND ( 'NONE', #1077, .T. ) ;
#2373 = DIRECTION ( 'NONE',  ( -0.000000000000000000, -0.000000000000000000, -1.000000000000000000 ) ) ;
#2374 = VECTOR ( 'NONE', #1892, 1000.000000000000000 ) ;
#2375 = ORIENTED_EDGE ( 'NONE', *, *, #1194, .F. ) ;
#2376 = CARTESIAN_POINT ( 'NONE',  ( -9.100000000000205702, 6.100000000000060929, -2.599999999999936584 ) ) ;
#2377 = EDGE_LOOP ( 'NONE', ( #1453, #2298, #2043, #650 ) ) ;
#2378 = DIRECTION ( 'NONE',  ( 0.000000000000000000, 0.000000000000000000, 1.000000000000000000 ) ) ;
#2379 = EDGE_CURVE ( 'NONE', #885, #2336, #2021, .T. ) ;
#2380 = ADVANCED_FACE ( 'NONE', ( #293 ), #2290, .F. ) ;
#2381 = VERTEX_POINT ( 'NONE', #60 ) ;
#2382 = DIRECTION ( 'NONE',  ( -0.08662961636484492467, 0.9962405881956827303, -0.000000000000000000 ) ) ;
#2383 = ORIENTED_EDGE ( 'NONE', *, *, #928, .F. ) ;
#2384 = ORIENTED_EDGE ( 'NONE', *, *, #2746, .F. ) ;
#2385 = DIRECTION ( 'NONE',  ( -1.000000000000000000, 0.000000000000000000, -0.000000000000000000 ) ) ;
#2386 = DIRECTION ( 'NONE',  ( 0.000000000000000000, 1.000000000000000000, 0.000000000000000000 ) ) ;
#2387 = ORIENTED_EDGE ( 'NONE', *, *, #2441, .F. ) ;
#2388 = LINE ( 'NONE', #1626, #866 ) ;
#2389 = FACE_OUTER_BOUND ( 'NONE', #23, .T. ) ;
#2390 = ORIENTED_EDGE ( 'NONE', *, *, #799, .T. ) ;
#2391 = EDGE_LOOP ( 'NONE', ( #2056, #496 ) ) ;
#2392 = CARTESIAN_POINT ( 'NONE',  ( -5.000000000000205169, 5.400000000000062528, -0.1999999999999055589 ) ) ;
#2393 = ORIENTED_EDGE ( 'NONE', *, *, #1830, .F. ) ;
#2394 = CARTESIAN_POINT ( 'NONE',  ( 0.4499999999998125499, 2.020000000000063523, -1.799999999999928324 ) ) ;
#2395 = VERTEX_POINT ( 'NONE', #2241 ) ;
#2396 = EDGE_CURVE ( 'NONE', #586, #518, #1644, .T. ) ;
#2397 = CARTESIAN_POINT ( 'NONE',  ( -0.4500000000002076228, 6.400000000000062528, -2.099999999999945910 ) ) ;
#2398 = VERTEX_POINT ( 'NONE', #1039 ) ;
#2399 = CARTESIAN_POINT ( 'NONE',  ( -0.4500000000002076228, 6.400000000000062528, -1.599999999999938138 ) ) ;
#2400 = LINE ( 'NONE', #2176, #304 ) ;
#2401 = ADVANCED_FACE ( 'NONE', ( #1300 ), #3042, .F. ) ;
#2402 = EDGE_CURVE ( 'NONE', #1029, #2707, #315, .T. ) ;
#2403 = DIRECTION ( 'NONE',  ( -1.470104640658311001E-16, 1.000000000000000000, 0.000000000000000000 ) ) ;
#2404 = ORIENTED_EDGE ( 'NONE', *, *, #1110, .T. ) ;
#2405 = CARTESIAN_POINT ( 'NONE',  ( -5.710529041877988377, 6.900000000000062528, 3.270735910246836742 ) ) ;
#2406 = CARTESIAN_POINT ( 'NONE',  ( -2.500000000000125677, -1.414213562373096922, 1.387778780781445676E-14 ) ) ;
#2407 = EDGE_LOOP ( 'NONE', ( #1722, #408 ) ) ;
#2408 = CARTESIAN_POINT ( 'NONE',  ( -0.4500000000002076228, 6.400000000000062528, -2.099999999999945910 ) ) ;
#2409 = VERTEX_POINT ( 'NONE', #3028 ) ;
#2410 = DIRECTION ( 'NONE',  ( -1.000000000000000000, 0.000000000000000000, 4.818676322157810194E-16 ) ) ;
#2411 = EDGE_LOOP ( 'NONE', ( #1635, #2061, #535, #915 ) ) ;
#2412 = DIRECTION ( 'NONE',  ( 0.000000000000000000, 1.000000000000000000, 0.000000000000000000 ) ) ;
#2413 = ORIENTED_EDGE ( 'NONE', *, *, #1469, .F. ) ;
#2414 = CARTESIAN_POINT ( 'NONE',  ( -9.900000000000204636, 6.100000000000060929, -3.399999999999936851 ) ) ;
#2415 = FACE_OUTER_BOUND ( 'NONE', #1404, .T. ) ;
#2416 = PLANE ( 'NONE',  #2524 ) ;
#2417 = VERTEX_POINT ( 'NONE', #1810 ) ;
#2418 = AXIS2_PLACEMENT_3D ( 'NONE', #2967, #763, #2195 ) ;
#2419 = ADVANCED_FACE ( 'NONE', ( #1780 ), #789, .F. ) ;
#2420 = ADVANCED_FACE ( 'NONE', ( #74 ), #2812, .T. ) ;
#2421 = VECTOR ( 'NONE', #1898, 1000.000000000000000 ) ;
#2422 = DIRECTION ( 'NONE',  ( 0.000000000000000000, 1.000000000000000000, 0.000000000000000000 ) ) ;
#2423 = VECTOR ( 'NONE', #2412, 1000.000000000000000 ) ;
#2424 = DIRECTION ( 'NONE',  ( 0.000000000000000000, -0.000000000000000000, 1.000000000000000000 ) ) ;
#2425 = VECTOR ( 'NONE', #851, 1000.000000000000000 ) ;
#2426 = DIRECTION ( 'NONE',  ( 1.000000000000000000, 0.000000000000000000, -1.626303258728266758E-16 ) ) ;
#2427 = VECTOR ( 'NONE', #2031, 1000.000000000000114 ) ;
#2428 = CARTESIAN_POINT ( 'NONE',  ( -4.000000000000214051, 6.400000000000062528, -1.599999999999945244 ) ) ;
#2429 = AXIS2_PLACEMENT_3D ( 'NONE', #2310, #1342, #1831 ) ;
#2430 = ORIENTED_EDGE ( 'NONE', *, *, #385, .F. ) ;
#2431 = CARTESIAN_POINT ( 'NONE',  ( -9.100000000000205702, 6.900000000000061640, 0.8000000000000541123 ) ) ;
#2432 = AXIS2_PLACEMENT_3D ( 'NONE', #2071, #2752, #2814 ) ;
#2433 = VERTEX_POINT ( 'NONE', #1999 ) ;
#2434 = CARTESIAN_POINT ( 'NONE',  ( -4.550000000000209432, 6.400000000000062528, -1.599999999999945244 ) ) ;
#2435 = EDGE_LOOP ( 'NONE', ( #375, #2886, #3085, #1303, #2332, #2491, #2285, #2586 ) ) ;
#2436 = LINE ( 'NONE', #2692, #1338 ) ;
#2437 = CARTESIAN_POINT ( 'NONE',  ( 0.4499999999998125499, 0.000000000000000000, -1.799999999999928324 ) ) ;
#2438 = ORIENTED_EDGE ( 'NONE', *, *, #3078, .F. ) ;
#2439 = DIRECTION ( 'NONE',  ( 1.000000000000000000, 0.000000000000000000, 4.818676322157808222E-16 ) ) ;
#2440 = LINE ( 'NONE', #1824, #3049 ) ;
#2441 = EDGE_CURVE ( 'NONE', #518, #3057, #2535, .T. ) ;
#2442 = DIRECTION ( 'NONE',  ( -0.000000000000000000, 1.000000000000000000, -0.000000000000000000 ) ) ;
#2443 = DIRECTION ( 'NONE',  ( 0.000000000000000000, 0.000000000000000000, 1.000000000000000000 ) ) ;
#2444 = EDGE_CURVE ( 'NONE', #1571, #2381, #658, .T. ) ;
#2445 = EDGE_LOOP ( 'NONE', ( #1659, #210, #2220, #1607 ) ) ;
#2446 = FACE_BOUND ( 'NONE', #1919, .T. ) ;
#2447 = ORIENTED_EDGE ( 'NONE', *, *, #1249, .F. ) ;
#2448 = DIRECTION ( 'NONE',  ( -0.000000000000000000, -0.000000000000000000, -1.000000000000000000 ) ) ;
#2449 = ORIENTED_EDGE ( 'NONE', *, *, #2032, .F. ) ;
#2450 = FACE_OUTER_BOUND ( 'NONE', #271, .T. ) ;
#2451 = DIRECTION ( 'NONE',  ( 0.9659258262890683122, -0.000000000000000000, 0.2588190451025207950 ) ) ;
#2452 = VERTEX_POINT ( 'NONE', #2766 ) ;
#2453 = PLANE ( 'NONE',  #1335 ) ;
#2454 = LINE ( 'NONE', #2208, #906 ) ;
#2455 = EDGE_CURVE ( 'NONE', #981, #1822, #2255, .T. ) ;
#2456 = DIRECTION ( 'NONE',  ( -0.000000000000000000, -1.000000000000000000, -0.000000000000000000 ) ) ;
#2457 = CARTESIAN_POINT ( 'NONE',  ( -1.252725387993669324E-13, -1.414213562373096922, -0.5000000000000042188 ) ) ;
#2458 = EDGE_LOOP ( 'NONE', ( #2060, #1882, #524, #2048 ) ) ;
#2459 = CARTESIAN_POINT ( 'NONE',  ( -2.500000000000125677, 4.500000000000000888, 1.387778780781445676E-14 ) ) ;
#2460 = EDGE_LOOP ( 'NONE', ( #1363, #3171, #49, #2413 ) ) ;
#2461 = ADVANCED_FACE ( 'NONE', ( #2548 ), #331, .F. ) ;
#2462 = DIRECTION ( 'NONE',  ( -0.2588190451025208505, 0.000000000000000000, -0.9659258262890683122 ) ) ;
#2463 = ORIENTED_EDGE ( 'NONE', *, *, #576, .F. ) ;
#2464 = DIRECTION ( 'NONE',  ( 1.000000000000000000, 0.000000000000000000, -1.626303258728266758E-16 ) ) ;
#2465 = LINE ( 'NONE', #920, #193 ) ;
#2466 = VERTEX_POINT ( 'NONE', #3060 ) ;
#2467 = PLANE ( 'NONE',  #967 ) ;
#2468 = LINE ( 'NONE', #1256, #555 ) ;
#2469 = AXIS2_PLACEMENT_3D ( 'NONE', #1027, #2025, #3016 ) ;
#2470 = LINE ( 'NONE', #2181, #1762 ) ;
#2471 = DIRECTION ( 'NONE',  ( 0.000000000000000000, 1.000000000000000000, 0.000000000000000000 ) ) ;
#2472 = VECTOR ( 'NONE', #1192, 1000.000000000000000 ) ;
#2473 = VECTOR ( 'NONE', #163, 1000.000000000000000 ) ;
#2474 = APPROVAL_PERSON_ORGANIZATION ( #2804, #384, #830 ) ;
#2475 = ORIENTED_EDGE ( 'NONE', *, *, #2321, .T. ) ;
#2476 = VECTOR ( 'NONE', #2264, 1000.000000000000000 ) ;
#2477 = CARTESIAN_POINT ( 'NONE',  ( -1.253337711393243126E-13, -1.414213562373096922, -3.469446951953614189E-15 ) ) ;
#2478 = CARTESIAN_POINT ( 'NONE',  ( -2.500000000000206057, 5.400000000000062528, -0.9999999999999241718 ) ) ;
#2479 = EDGE_LOOP ( 'NONE', ( #2933, #1836, #1271, #2956, #2292, #1050, #134, #362 ) ) ;
#2480 = EDGE_CURVE ( 'NONE', #1163, #1199, #38, .T. ) ;
#2481 = LINE ( 'NONE', #1559, #1125 ) ;
#2482 = ADVANCED_FACE ( 'NONE', ( #1514 ), #2503, .T. ) ;
#2483 = AXIS2_PLACEMENT_3D ( 'NONE', #1572, #80, #1605 ) ;
#2484 = CARTESIAN_POINT ( 'NONE',  ( -6.000000000000201617, 6.900000000000062528, -2.599999999999936584 ) ) ;
#2485 = ORIENTED_EDGE ( 'NONE', *, *, #1413, .T. ) ;
#2486 = CARTESIAN_POINT ( 'NONE',  ( -1.000000000000202505, 6.400000000000062528, -1.599999999999938138 ) ) ;
#2487 = CARTESIAN_POINT ( 'NONE',  ( -4.550000000000209432, 6.400000000000062528, -2.099999999999945466 ) ) ;
#2488 = DIRECTION ( 'NONE',  ( -0.000000000000000000, 0.000000000000000000, -1.000000000000000000 ) ) ;
#2489 = ORIENTED_EDGE ( 'NONE', *, *, #1145, .F. ) ;
#2490 = PLANE ( 'NONE',  #2418 ) ;
#2491 = ORIENTED_EDGE ( 'NONE', *, *, #2963, .F. ) ;
#2492 = CARTESIAN_POINT ( 'NONE',  ( -0.3000000000001881162, 6.900000000000063416, 1.500000000000062839 ) ) ;
#2493 = PERSON_AND_ORGANIZATION ( #1378, #2736 ) ;
#2494 = EDGE_LOOP ( 'NONE', ( #2830, #3131, #1958, #3010 ) ) ;
#2495 = CARTESIAN_POINT ( 'NONE',  ( -4.335640646055288983, 0.000000000000000000, -2.599999999999929479 ) ) ;
#2496 = EDGE_CURVE ( 'NONE', #1084, #2080, #1384, .T. ) ;
#2497 = CARTESIAN_POINT ( 'NONE',  ( -6.000000000000201617, 6.400000000000062528, 0.8000000000000541123 ) ) ;
#2498 = VERTEX_POINT ( 'NONE', #1593 ) ;
#2499 = VECTOR ( 'NONE', #2219, 1000.000000000000000 ) ;
#2500 = EDGE_CURVE ( 'NONE', #930, #3183, #2325, .T. ) ;
#2501 = EDGE_CURVE ( 'NONE', #157, #2279, #1103, .T. ) ;
#2502 = CARTESIAN_POINT ( 'NONE',  ( -1.253337711393243126E-13, 0.000000000000000000, -3.469446951953614189E-15 ) ) ;
#2503 = PLANE ( 'NONE',  #1123 ) ;
#2504 = CARTESIAN_POINT ( 'NONE',  ( 0.9999999999997849498, 6.900000000000063416, -2.599999999999936584 ) ) ;
#2505 = ORIENTED_EDGE ( 'NONE', *, *, #3040, .F. ) ;
#2506 = CARTESIAN_POINT ( 'NONE',  ( -9.100000000000205702, 6.100000000000060929, 1.500000000000062839 ) ) ;
#2507 = ORIENTED_EDGE ( 'NONE', *, *, #1306, .T. ) ;
#2508 = LINE ( 'NONE', #285, #861 ) ;
#2509 = DATE_TIME_ROLE ( 'creation_date' ) ;
#2510 = ORIENTED_EDGE ( 'NONE', *, *, #1269, .T. ) ;
#2511 = CARTESIAN_POINT ( 'NONE',  ( -3.750000000000125233, 4.500000000000000888, -3.035766082959412415E-15 ) ) ;
#2512 = DIRECTION ( 'NONE',  ( 0.000000000000000000, 1.000000000000000000, 0.000000000000000000 ) ) ;
#2513 = ORIENTED_EDGE ( 'NONE', *, *, #2833, .T. ) ;
#2514 = DIRECTION ( 'NONE',  ( -1.000000000000000000, 0.000000000000000000, 0.000000000000000000 ) ) ;
#2515 = DIRECTION ( 'NONE',  ( 0.000000000000000000, 0.000000000000000000, -1.000000000000000000 ) ) ;
#2516 = ORIENTED_EDGE ( 'NONE', *, *, #421, .T. ) ;
#2517 = EDGE_CURVE ( 'NONE', #2821, #2051, #105, .T. ) ;
#2518 = ADVANCED_FACE ( 'NONE', ( #2611 ), #1332, .F. ) ;
#2519 = CARTESIAN_POINT ( 'NONE',  ( -9.100000000000125766, 0.000000000000000000, -2.550000000000002487 ) ) ;
#2520 = ORIENTED_EDGE ( 'NONE', *, *, #2182, .T. ) ;
#2521 = DIRECTION ( 'NONE',  ( 0.000000000000000000, 0.000000000000000000, 1.000000000000000000 ) ) ;
#2522 = AXIS2_PLACEMENT_3D ( 'NONE', #889, #370, #2900 ) ;
#2523 = ORIENTED_EDGE ( 'NONE', *, *, #1215, .F. ) ;
#2524 = AXIS2_PLACEMENT_3D ( 'NONE', #2659, #2451, #178 ) ;
#2525 = FACE_BOUND ( 'NONE', #1538, .T. ) ;
#2526 = VECTOR ( 'NONE', #464, 1000.000000000000000 ) ;
#2527 = DATE_AND_TIME ( #3005, #355 ) ;
#2528 = EDGE_LOOP ( 'NONE', ( #1400, #1950, #2951, #2716 ) ) ;
#2529 = DIRECTION ( 'NONE',  ( -0.000000000000000000, -0.000000000000000000, -1.000000000000000000 ) ) ;
#2530 = AXIS2_PLACEMENT_3D ( 'NONE', #1662, #2903, #156 ) ;
#2531 = CARTESIAN_POINT ( 'NONE',  ( -2.950000000000206679, 6.400000000000062528, -2.099999999999945466 ) ) ;
#2532 = VECTOR ( 'NONE', #1788, 1000.000000000000000 ) ;
#2533 = VERTEX_POINT ( 'NONE', #649 ) ;
#2534 = CARTESIAN_POINT ( 'NONE',  ( -7.950000000000207123, 6.400000000000062528, -2.099999999999944578 ) ) ;
#2535 = LINE ( 'NONE', #1052, #607 ) ;
#2536 = ORIENTED_EDGE ( 'NONE', *, *, #1293, .T. ) ;
#2537 = EDGE_CURVE ( 'NONE', #771, #316, #93, .T. ) ;
#2538 = CARTESIAN_POINT ( 'NONE',  ( -2.090341788552052549E-13, 6.400000000000062528, -0.1999999999999406697 ) ) ;
#2539 = DIRECTION ( 'NONE',  ( -0.000000000000000000, 1.000000000000000000, -0.000000000000000000 ) ) ;
#2540 = EDGE_CURVE ( 'NONE', #313, #2917, #871, .T. ) ;
#2541 = FACE_OUTER_BOUND ( 'NONE', #2767, .T. ) ;
#2542 = DIRECTION ( 'NONE',  ( 0.000000000000000000, 1.000000000000000000, -0.000000000000000000 ) ) ;
#2543 = ORIENTED_EDGE ( 'NONE', *, *, #3025, .T. ) ;
#2544 = CARTESIAN_POINT ( 'NONE',  ( -1.000000000000202949, 6.900000000000063416, -2.599999999999936584 ) ) ;
#2545 = DIRECTION ( 'NONE',  ( -1.000000000000000000, -0.000000000000000000, 0.000000000000000000 ) ) ;
#2546 = ORIENTED_EDGE ( 'NONE', *, *, #2963, .T. ) ;
#2547 = CARTESIAN_POINT ( 'NONE',  ( 0.4499999999997899569, 6.400000000000062528, -2.099999999999946354 ) ) ;
#2548 = FACE_OUTER_BOUND ( 'NONE', #2174, .T. ) ;
#2549 = ORIENTED_EDGE ( 'NONE', *, *, #1491, .T. ) ;
#2550 = DIRECTION ( 'NONE',  ( 0.000000000000000000, 1.000000000000000000, 0.000000000000000000 ) ) ;
#2551 = DIRECTION ( 'NONE',  ( -0.000000000000000000, -1.000000000000000000, -0.000000000000000000 ) ) ;
#2552 = AXIS2_PLACEMENT_3D ( 'NONE', #2858, #615, #833 ) ;
#2553 = ORIENTED_EDGE ( 'NONE', *, *, #2844, .T. ) ;
#2554 = DIRECTION ( 'NONE',  ( -0.000000000000000000, -1.000000000000000000, 0.000000000000000000 ) ) ;
#2555 = COORDINATED_UNIVERSAL_TIME_OFFSET ( 5, 0, .BEHIND. ) ;
#2556 = ORIENTED_EDGE ( 'NONE', *, *, #1105, .F. ) ;
#2557 = FACE_OUTER_BOUND ( 'NONE', #198, .T. ) ;
#2558 = EDGE_CURVE ( 'NONE', #3045, #1446, #120, .T. ) ;
#2559 = LINE ( 'NONE', #2078, #1933 ) ;
#2560 = VERTEX_POINT ( 'NONE', #668 ) ;
#2561 = EDGE_LOOP ( 'NONE', ( #1422, #3139, #88, #796 ) ) ;
#2562 = DIRECTION ( 'NONE',  ( 1.000000000000000000, 0.000000000000000000, -1.215927670077201423E-16 ) ) ;
#2563 = DIRECTION ( 'NONE',  ( 1.000000000000000000, -0.000000000000000000, 0.000000000000000000 ) ) ;
#2564 = ORIENTED_EDGE ( 'NONE', *, *, #2163, .T. ) ;
#2565 = DIRECTION ( 'NONE',  ( 0.000000000000000000, 0.000000000000000000, 1.000000000000000000 ) ) ;
#2566 = CARTESIAN_POINT ( 'NONE',  ( 2.399999999999811173, 6.100000000000060929, -2.599999999999936584 ) ) ;
#2567 = CARTESIAN_POINT ( 'NONE',  ( -6.700000000000180478, 1.000000000000046629, 1.500000000000062839 ) ) ;
#2568 = VECTOR ( 'NONE', #3046, 1000.000000000000000 ) ;
#2569 = ORIENTED_EDGE ( 'NONE', *, *, #1986, .T. ) ;
#2570 = CARTESIAN_POINT ( 'NONE',  ( -0.3000000000001898925, 6.900000000000063416, -2.599999999999936584 ) ) ;
#2571 = VECTOR ( 'NONE', #1308, 1000.000000000000000 ) ;
#2572 = ADVANCED_FACE ( 'NONE', ( #900 ), #1118, .F. ) ;
#2573 = ADVANCED_FACE ( 'NONE', ( #852 ), #2112, .F. ) ;
#2574 = DIRECTION ( 'NONE',  ( 0.000000000000000000, -0.000000000000000000, -1.000000000000000000 ) ) ;
#2575 = ORIENTED_EDGE ( 'NONE', *, *, #695, .T. ) ;
#2576 = DIRECTION ( 'NONE',  ( 0.000000000000000000, 0.000000000000000000, -1.000000000000000000 ) ) ;
#2577 = VECTOR ( 'NONE', #2670, 1000.000000000000000 ) ;
#2578 = VECTOR ( 'NONE', #1501, 1000.000000000000000 ) ;
#2579 = VECTOR ( 'NONE', #2462, 1000.000000000000114 ) ;
#2580 = AXIS2_PLACEMENT_3D ( 'NONE', #2394, #3142, #2918 ) ;
#2581 = CIRCLE ( 'NONE', #1961, 0.8000000000000009326 ) ;
#2582 = CARTESIAN_POINT ( 'NONE',  ( -7.050000000000208544, 6.400000000000062528, -1.599999999999944800 ) ) ;
#2583 = EDGE_CURVE ( 'NONE', #2277, #2185, #2083, .T. ) ;
#2584 = EDGE_CURVE ( 'NONE', #399, #438, #1376, .T. ) ;
#2585 = DIRECTION ( 'NONE',  ( 0.000000000000000000, 1.000000000000000000, 0.000000000000000000 ) ) ;
#2586 = ORIENTED_EDGE ( 'NONE', *, *, #2876, .F. ) ;
#2587 = VECTOR ( 'NONE', #1401, 1000.000000000000000 ) ;
#2588 = DIRECTION ( 'NONE',  ( -1.000000000000000000, 0.000000000000000000, 1.215927670077201423E-16 ) ) ;
#2589 = LINE ( 'NONE', #1140, #189 ) ;
#2590 = ORIENTED_EDGE ( 'NONE', *, *, #1324, .T. ) ;
#2591 = PLANE ( 'NONE',  #2429 ) ;
#2592 = EDGE_LOOP ( 'NONE', ( #2094, #1881, #1142, #539 ) ) ;
#2593 = PLANE ( 'NONE',  #463 ) ;
#2594 = DIRECTION ( 'NONE',  ( 0.000000000000000000, 1.000000000000000000, 0.000000000000000000 ) ) ;
#2595 = EDGE_LOOP ( 'NONE', ( #569, #3081, #1737, #1720 ) ) ;
#2596 = EDGE_CURVE ( 'NONE', #2795, #16, #2646, .T. ) ;
#2597 = ORIENTED_EDGE ( 'NONE', *, *, #557, .T. ) ;
#2598 = DIRECTION ( 'NONE',  ( 0.000000000000000000, 0.000000000000000000, 1.000000000000000000 ) ) ;
#2599 = CARTESIAN_POINT ( 'NONE',  ( -9.100000000000205702, 6.900000000000061640, -2.099999999999944578 ) ) ;
#2600 = ORIENTED_EDGE ( 'NONE', *, *, #1622, .F. ) ;
#2601 = EDGE_CURVE ( 'NONE', #2128, #3191, #1279, .T. ) ;
#2602 = DIRECTION ( 'NONE',  ( -1.000000000000000000, 0.000000000000000000, -0.000000000000000000 ) ) ;
#2603 = CARTESIAN_POINT ( 'NONE',  ( -1.000000000000202505, 6.400000000000062528, -1.599999999999938138 ) ) ;
#2604 = DIRECTION ( 'NONE',  ( -1.000000000000000000, 0.000000000000000000, 0.000000000000000000 ) ) ;
#2605 = ORIENTED_EDGE ( 'NONE', *, *, #439, .T. ) ;
#2606 = DIRECTION ( 'NONE',  ( 0.000000000000000000, 0.000000000000000000, 1.000000000000000000 ) ) ;
#2607 = LINE ( 'NONE', #1395, #1304 ) ;
#2608 = ORIENTED_EDGE ( 'NONE', *, *, #2444, .F. ) ;
#2609 = CARTESIAN_POINT ( 'NONE',  ( -8.000000000000174083, 1.000000000000046629, 2.300000000000063327 ) ) ;
#2610 = CARTESIAN_POINT ( 'NONE',  ( 0.4499999999997899569, 6.400000000000062528, -1.599999999999946132 ) ) ;
#2611 = FACE_OUTER_BOUND ( 'NONE', #445, .T. ) ;
#2612 = ORIENTED_EDGE ( 'NONE', *, *, #1610, .F. ) ;
#2613 = DIRECTION ( 'NONE',  ( 0.8660254037844362651, 0.000000000000000000, -0.5000000000000042188 ) ) ;
#2614 = CARTESIAN_POINT ( 'NONE',  ( -2.500000000000125677, 4.500000000000000888, -0.4999999999999862332 ) ) ;
#2615 = ADVANCED_FACE ( 'NONE', ( #2893 ), #884, .F. ) ;
#2616 = EDGE_CURVE ( 'NONE', #1895, #1839, #908, .T. ) ;
#2617 = LINE ( 'NONE', #2102, #1388 ) ;
#2618 = ORIENTED_EDGE ( 'NONE', *, *, #2101, .F. ) ;
#2619 = CARTESIAN_POINT ( 'NONE',  ( -2.950000000000206679, 6.400000000000062528, -2.099999999999945466 ) ) ;
#2620 = VERTEX_POINT ( 'NONE', #2849 ) ;
#2621 = LINE ( 'NONE', #2825, #2712 ) ;
#2622 = EDGE_LOOP ( 'NONE', ( #1397, #3164, #2805, #1712 ) ) ;
#2623 = ORIENTED_EDGE ( 'NONE', *, *, #3156, .T. ) ;
#2624 = VECTOR ( 'NONE', #2161, 1000.000000000000000 ) ;
#2625 = CARTESIAN_POINT ( 'NONE',  ( 0.4999999999998278599, 1.000000000000054845, 2.300000000000063327 ) ) ;
#2626 = DIRECTION ( 'NONE',  ( 0.000000000000000000, 1.000000000000000000, -0.000000000000000000 ) ) ;
#2627 = AXIS2_PLACEMENT_3D ( 'NONE', #2096, #2367, #3073 ) ;
#2628 = VECTOR ( 'NONE', #772, 1000.000000000000000 ) ;
#2629 = AXIS2_PLACEMENT_3D ( 'NONE', #2936, #736, #2042 ) ;
#2630 = ORIENTED_EDGE ( 'NONE', *, *, #3162, .F. ) ;
#2631 = AXIS2_PLACEMENT_3D ( 'NONE', #907, #891, #1681 ) ;
#2632 = LINE ( 'NONE', #2831, #1016 ) ;
#2633 = DIRECTION ( 'NONE',  ( 0.000000000000000000, 0.000000000000000000, 1.000000000000000000 ) ) ;
#2634 = VECTOR ( 'NONE', #325, 1000.000000000000000 ) ;
#2635 = EDGE_CURVE ( 'NONE', #1053, #390, #622, .T. ) ;
#2636 = DIRECTION ( 'NONE',  ( 0.000000000000000000, 0.000000000000000000, 1.000000000000000000 ) ) ;
#2637 = ORIENTED_EDGE ( 'NONE', *, *, #1094, .T. ) ;
#2638 = PLANE ( 'NONE',  #411 ) ;
#2639 = ORIENTED_EDGE ( 'NONE', *, *, #1567, .T. ) ;
#2640 = EDGE_CURVE ( 'NONE', #299, #981, #3134, .T. ) ;
#2641 = ADVANCED_FACE ( 'NONE', ( #164 ), #1431, .F. ) ;
#2642 = CARTESIAN_POINT ( 'NONE',  ( -6.700000000000189360, 6.100000000000060041, 1.500000000000062839 ) ) ;
#2643 = ORIENTED_EDGE ( 'NONE', *, *, #1393, .F. ) ;
#2644 = LINE ( 'NONE', #1896, #859 ) ;
#2645 = FACE_OUTER_BOUND ( 'NONE', #2798, .T. ) ;
#2646 = LINE ( 'NONE', #2145, #506 ) ;
#2647 = ORIENTED_EDGE ( 'NONE', *, *, #1006, .F. ) ;
#2648 = CARTESIAN_POINT ( 'NONE',  ( -4.550000000000187228, 2.020000000000063523, -1.799999999999928324 ) ) ;
#2649 = CARTESIAN_POINT ( 'NONE',  ( -3.500000000000201617, 6.400000000000062528, -1.599999999999937694 ) ) ;
#2650 = DIRECTION ( 'NONE',  ( -1.000000000000000000, 0.000000000000000000, 0.000000000000000000 ) ) ;
#2651 = ORIENTED_EDGE ( 'NONE', *, *, #1031, .F. ) ;
#2652 = LINE ( 'NONE', #2136, #1078 ) ;
#2653 = CARTESIAN_POINT ( 'NONE',  ( -7.950000000000185807, 2.020000000000063523, -1.799999999999928768 ) ) ;
#2654 = ORIENTED_EDGE ( 'NONE', *, *, #2698, .F. ) ;
#2655 = EDGE_CURVE ( 'NONE', #644, #157, #475, .T. ) ;
#2656 = FACE_OUTER_BOUND ( 'NONE', #2120, .T. ) ;
#2657 = APPLICATION_CONTEXT ( 'configuration controlled 3d designs of mechanical parts and assemblies' ) ;
#2658 = FACE_OUTER_BOUND ( 'NONE', #2391, .T. ) ;
#2659 = CARTESIAN_POINT ( 'NONE',  ( 0.6643593539447119056, 2.020000000000063523, -2.599999999999929479 ) ) ;
#2660 = ORIENTED_EDGE ( 'NONE', *, *, #1394, .T. ) ;
#2661 = LINE ( 'NONE', #940, #912 ) ;
#2662 = DIRECTION ( 'NONE',  ( 0.000000000000000000, 0.000000000000000000, 1.000000000000000000 ) ) ;
#2663 = DATE_TIME_ROLE ( 'classification_date' ) ;
#2664 = CARTESIAN_POINT ( 'NONE',  ( -3.500000000000201617, 6.400000000000062528, 0.8000000000000541123 ) ) ;
#2665 = DIRECTION ( 'NONE',  ( 0.000000000000000000, 1.000000000000000000, 0.000000000000000000 ) ) ;
#2666 = EDGE_LOOP ( 'NONE', ( #2067, #869, #1686, #572 ) ) ;
#2667 = LINE ( 'NONE', #2431, #2901 ) ;
#2668 = LINE ( 'NONE', #1425, #2423 ) ;
#2669 = ORIENTED_EDGE ( 'NONE', *, *, #2904, .T. ) ;
#2670 = DIRECTION ( 'NONE',  ( -0.000000000000000000, -1.000000000000000000, -0.000000000000000000 ) ) ;
#2671 = EDGE_CURVE ( 'NONE', #2691, #945, #228, .T. ) ;
#2672 = LINE ( 'NONE', #458, #2994 ) ;
#2673 = ORIENTED_EDGE ( 'NONE', *, *, #952, .T. ) ;
#2674 = VECTOR ( 'NONE', #2953, 1000.000000000000000 ) ;
#2675 = EDGE_CURVE ( 'NONE', #2452, #1389, #1220, .T. ) ;
#2676 = ADVANCED_FACE ( 'NONE', ( #2975 ), #2416, .F. ) ;
#2677 = AXIS2_PLACEMENT_3D ( 'NONE', #983, #2403, #1452 ) ;
#2678 = AXIS2_PLACEMENT_3D ( 'NONE', #2049, #1266, #1038 ) ;
#2679 = CARTESIAN_POINT ( 'NONE',  ( -5.450000000000185807, 2.020000000000063523, -1.799999999999928768 ) ) ;
#2680 = DIRECTION ( 'NONE',  ( 0.000000000000000000, 1.000000000000000000, -0.000000000000000000 ) ) ;
#2681 = AXIS2_PLACEMENT_3D ( 'NONE', #1164, #2890, #1184 ) ;
#2682 = AXIS2_PLACEMENT_3D ( 'NONE', #1556, #3018, #779 ) ;
#2683 = FACE_OUTER_BOUND ( 'NONE', #1849, .T. ) ;
#2684 = AXIS2_PLACEMENT_3D ( 'NONE', #388, #612, #2606 ) ;
#2685 = LINE ( 'NONE', #1956, #2674 ) ;
#2686 = VERTEX_POINT ( 'NONE', #196 ) ;
#2687 = CARTESIAN_POINT ( 'NONE',  ( -8.500000000000202505, 6.400000000000062528, 0.8000000000000550004 ) ) ;
#2688 = VECTOR ( 'NONE', #561, 1000.000000000000000 ) ;
#2689 = ORIENTED_EDGE ( 'NONE', *, *, #1735, .T. ) ;
#2690 = FACE_OUTER_BOUND ( 'NONE', #972, .T. ) ;
#2691 = VERTEX_POINT ( 'NONE', #739 ) ;
#2692 = CARTESIAN_POINT ( 'NONE',  ( -2.090341788552052549E-13, 5.400000000000062528, 0.6000000000000602629 ) ) ;
#2693 = EDGE_CURVE ( 'NONE', #644, #428, #490, .T. ) ;
#2694 = CARTESIAN_POINT ( 'NONE',  ( -2.500000000000125677, 0.000000000000000000, 0.5000000000000139888 ) ) ;
#2695 = ORIENTED_EDGE ( 'NONE', *, *, #176, .F. ) ;
#2696 = DIRECTION ( 'NONE',  ( -0.9659258262890683122, 0.000000000000000000, 0.2588190451025209060 ) ) ;
#2697 = DIRECTION ( 'NONE',  ( 1.000000000000000000, -0.000000000000000000, 0.000000000000000000 ) ) ;
#2698 = EDGE_CURVE ( 'NONE', #3, #2560, #1189, .T. ) ;
#2699 = ADVANCED_BREP_SHAPE_REPRESENTATION ( 'CONNECTOR,JST XH,F,04 PIN', ( #2708, #758 ), #968 ) ;
#2700 = DIRECTION ( 'NONE',  ( 0.000000000000000000, 1.000000000000000000, 0.000000000000000000 ) ) ;
#2701 = EDGE_LOOP ( 'NONE', ( #2651, #2608 ) ) ;
#2702 = CARTESIAN_POINT ( 'NONE',  ( -7.500000000000203393, 6.400000000000062528, -0.9999999999998873124 ) ) ;
#2703 = VERTEX_POINT ( 'NONE', #212 ) ;
#2704 = DIRECTION ( 'NONE',  ( -0.000000000000000000, 1.000000000000000000, 0.000000000000000000 ) ) ;
#2705 = ORIENTED_EDGE ( 'NONE', *, *, #2584, .F. ) ;
#2706 = DIRECTION ( 'NONE',  ( 0.000000000000000000, 0.000000000000000000, 1.000000000000000000 ) ) ;
#2707 = VERTEX_POINT ( 'NONE', #1478 ) ;
#2708 = MANIFOLD_SOLID_BREP ( 'CONNECTOR,JST XH,F,04 PIN-1-solid1', #251 ) ;
#2709 = CARTESIAN_POINT ( 'NONE',  ( -2.050000000000208988, 6.900000000000061640, -2.099999999999945910 ) ) ;
#2710 = CARTESIAN_POINT ( 'NONE',  ( -2.950000000000206679, 6.900000000000062528, -1.599999999999937694 ) ) ;
#2711 = VERTEX_POINT ( 'NONE', #1464 ) ;
#2712 = VECTOR ( 'NONE', #3100, 1000.000000000000000 ) ;
#2713 = CARTESIAN_POINT ( 'NONE',  ( -5.000000000000126121, 0.000000000000000000, 0.5000000000000317524 ) ) ;
#2714 = PLANE ( 'NONE',  #1070 ) ;
#2715 = CARTESIAN_POINT ( 'NONE',  ( -6.849038105676824806, 2.020000000000063523, -2.550000000000002931 ) ) ;
#2716 = ORIENTED_EDGE ( 'NONE', *, *, #638, .F. ) ;
#2717 = ADVANCED_FACE ( 'NONE', ( #3170 ), #2190, .F. ) ;
#2718 = ADVANCED_FACE ( 'NONE', ( #1415 ), #1741, .F. ) ;
#2719 = DIRECTION ( 'NONE',  ( 0.000000000000000000, 0.000000000000000000, -1.000000000000000000 ) ) ;
#2720 = DIRECTION ( 'NONE',  ( 0.000000000000000000, 0.000000000000000000, -1.000000000000000000 ) ) ;
#2721 = VERTEX_POINT ( 'NONE', #1935 ) ;
#2722 = CYLINDRICAL_SURFACE ( 'NONE', #665, 0.5000000000000007772 ) ;
#2723 = VERTEX_POINT ( 'NONE', #2157 ) ;
#2724 = CARTESIAN_POINT ( 'NONE',  ( -0.6509618943235486732, 0.000000000000000000, -2.550000000000003375 ) ) ;
#2725 = DIRECTION ( 'NONE',  ( 0.2588190451025209060, 0.000000000000000000, 0.9659258262890683122 ) ) ;
#2726 = ORIENTED_EDGE ( 'NONE', *, *, #1429, .F. ) ;
#2727 = DIRECTION ( 'NONE',  ( 0.2588190451025209060, 0.000000000000000000, 0.9659258262890683122 ) ) ;
#2728 = CARTESIAN_POINT ( 'NONE',  ( -6.000000000000201617, 6.400000000000062528, 0.8000000000000541123 ) ) ;
#2729 = VECTOR ( 'NONE', #2947, 1000.000000000000000 ) ;
#2730 = AXIS2_PLACEMENT_3D ( 'NONE', #2829, #2585, #1638 ) ;
#2731 = CARTESIAN_POINT ( 'NONE',  ( -3.750000000000125233, 4.500000000000000888, -3.035766082959412415E-15 ) ) ;
#2732 = PLANE ( 'NONE',  #2949 ) ;
#2733 = EDGE_CURVE ( 'NONE', #3000, #1822, #2672, .T. ) ;
#2734 = AXIS2_PLACEMENT_3D ( 'NONE', #1477, #916, #935 ) ;
#2735 = AXIS2_PLACEMENT_3D ( 'NONE', #651, #1091, #2852 ) ;
#2736 = ORGANIZATION ( 'UNSPECIFIED', 'UNSPECIFIED', '' ) ;
#2737 = ORIENTED_EDGE ( 'NONE', *, *, #1049, .T. ) ;
#2738 = ORIENTED_EDGE ( 'NONE', *, *, #1845, .T. ) ;
#2739 = VECTOR ( 'NONE', #3184, 1000.000000000000114 ) ;
#2740 = AXIS2_PLACEMENT_3D ( 'NONE', #1890, #2604, #2636 ) ;
#2741 = CARTESIAN_POINT ( 'NONE',  ( -7.200000000000187583, 6.900000000000063416, 2.300000000000063327 ) ) ;
#2742 =( NAMED_UNIT ( * ) SI_UNIT ( $, .STERADIAN. ) SOLID_ANGLE_UNIT ( ) );
#2743 = ORIENTED_EDGE ( 'NONE', *, *, #301, .F. ) ;
#2744 = PLANE ( 'NONE',  #306 ) ;
#2745 = CIRCLE ( 'NONE', #815, 0.7999999999999990452 ) ;
#2746 = EDGE_CURVE ( 'NONE', #748, #2336, #2465, .T. ) ;
#2747 = EDGE_CURVE ( 'NONE', #235, #644, #1918, .T. ) ;
#2748 = DIRECTION ( 'NONE',  ( 0.000000000000000000, 0.000000000000000000, -1.000000000000000000 ) ) ;
#2749 = ORIENTED_EDGE ( 'NONE', *, *, #81, .F. ) ;
#2750 = LINE ( 'NONE', #1315, #1907 ) ;
#2751 = CARTESIAN_POINT ( 'NONE',  ( -3.164359353945084052, 2.020000000000063523, -2.599999999999929479 ) ) ;
#2752 = DIRECTION ( 'NONE',  ( -0.9659258262890683122, 0.000000000000000000, 0.2588190451025209060 ) ) ;
#2753 = ORIENTED_EDGE ( 'NONE', *, *, #385, .T. ) ;
#2754 = CARTESIAN_POINT ( 'NONE',  ( -6.835640646055288983, 2.020000000000063523, -2.599999999999929479 ) ) ;
#2755 = ORIENTED_EDGE ( 'NONE', *, *, #1622, .T. ) ;
#2756 = EDGE_LOOP ( 'NONE', ( #1868, #3135, #1486, #556 ) ) ;
#2757 = LINE ( 'NONE', #1520, #1186 ) ;
#2758 = APPROVAL_ROLE ( '' ) ;
#2759 = ORIENTED_EDGE ( 'NONE', *, *, #846, .T. ) ;
#2760 = LINE ( 'NONE', #2544, #1648 ) ;
#2761 = ADVANCED_FACE ( 'NONE', ( #2941 ), #1205, .F. ) ;
#2762 = EDGE_CURVE ( 'NONE', #575, #1042, #712, .T. ) ;
#2763 = LINE ( 'NONE', #3024, #456 ) ;
#2764 = EDGE_LOOP ( 'NONE', ( #2809, #944, #33, #623 ) ) ;
#2765 = DIRECTION ( 'NONE',  ( 1.000000000000000000, 1.621236893436268400E-16, -0.000000000000000000 ) ) ;
#2766 = CARTESIAN_POINT ( 'NONE',  ( -3.500000000000201617, 6.400000000000062528, -1.599999999999937694 ) ) ;
#2767 = EDGE_LOOP ( 'NONE', ( #804, #2556, #1835, #2172 ) ) ;
#2768 = LINE ( 'NONE', #2000, #2016 ) ;
#2769 = VERTEX_POINT ( 'NONE', #2694 ) ;
#2770 = FACE_OUTER_BOUND ( 'NONE', #1251, .T. ) ;
#2771 = ORIENTED_EDGE ( 'NONE', *, *, #1904, .F. ) ;
#2772 = FACE_BOUND ( 'NONE', #450, .T. ) ;
#2773 = CARTESIAN_POINT ( 'NONE',  ( 0.9999999999997849498, 6.400000000000062528, -1.599999999999946132 ) ) ;
#2774 = ORIENTED_EDGE ( 'NONE', *, *, #2747, .F. ) ;
#2775 = DIRECTION ( 'NONE',  ( 1.000000000000000000, 1.621236893436268400E-16, -0.000000000000000000 ) ) ;
#2776 = CARTESIAN_POINT ( 'NONE',  ( 0.4999999999998139821, 3.450000000000068567, 1.500000000000062839 ) ) ;
#2777 = VERTEX_POINT ( 'NONE', #1674 ) ;
#2778 = LINE ( 'NONE', #1000, #2014 ) ;
#2779 = DIRECTION ( 'NONE',  ( 1.000000000000000000, 0.000000000000000000, -1.626303258728266758E-16 ) ) ;
#2780 = VERTEX_POINT ( 'NONE', #2710 ) ;
#2781 = ADVANCED_FACE ( 'NONE', ( #1949 ), #444, .F. ) ;
#2782 = ADVANCED_FACE ( 'NONE', ( #538 ), #820, .F. ) ;
#2783 = CARTESIAN_POINT ( 'NONE',  ( -4.550000000000209432, 6.400000000000062528, -1.599999999999945244 ) ) ;
#2784 = LINE ( 'NONE', #1534, #1747 ) ;
#2785 = CIRCLE ( 'NONE', #2469, 0.5000000000000001110 ) ;
#2786 = ORIENTED_EDGE ( 'NONE', *, *, #2500, .F. ) ;
#2787 = VECTOR ( 'NONE', #152, 1000.000000000000000 ) ;
#2788 = CARTESIAN_POINT ( 'NONE',  ( -8.500000000000202505, 6.900000000000061640, -2.599999999999936584 ) ) ;
#2789 = VECTOR ( 'NONE', #3041, 1000.000000000000000 ) ;
#2790 = ORIENTED_EDGE ( 'NONE', *, *, #784, .T. ) ;
#2791 = CARTESIAN_POINT ( 'NONE',  ( -1.500000000000213829, 6.900000000000062528, -1.599999999999945688 ) ) ;
#2792 = CIRCLE ( 'NONE', #1650, 0.5000000000000001110 ) ;
#2793 = CARTESIAN_POINT ( 'NONE',  ( -9.900000000000204636, 6.100000000000060929, -3.399999999999936851 ) ) ;
#2794 = VECTOR ( 'NONE', #738, 1000.000000000000114 ) ;
#2795 = VERTEX_POINT ( 'NONE', #1496 ) ;
#2796 = DIRECTION ( 'NONE',  ( -0.000000000000000000, 1.000000000000000000, -0.000000000000000000 ) ) ;
#2797 = DIRECTION ( 'NONE',  ( 0.000000000000000000, -0.000000000000000000, -1.000000000000000000 ) ) ;
#2798 = EDGE_LOOP ( 'NONE', ( #1298, #3094, #2257, #1007, #3013, #1343, #2339 ) ) ;
#2799 = CARTESIAN_POINT ( 'NONE',  ( -2.950000000000206679, 6.900000000000062528, -2.599999999999936584 ) ) ;
#2800 = CARTESIAN_POINT ( 'NONE',  ( -5.000000000000126121, 0.000000000000000000, -0.4999999999999684697 ) ) ;
#2801 = EDGE_CURVE ( 'NONE', #1753, #3017, #2763, .T. ) ;
#2802 = ADVANCED_FACE ( 'NONE', ( #273 ), #1277, .F. ) ;
#2803 = LINE ( 'NONE', #1294, #2017 ) ;
#2804 = PERSON_AND_ORGANIZATION ( #1378, #2736 ) ;
#2805 = ORIENTED_EDGE ( 'NONE', *, *, #3161, .T. ) ;
#2806 = PLANE ( 'NONE',  #2119 ) ;
#2807 = PRODUCT ( 'CONNECTOR,JST XH,F,04 PIN', 'CONNECTOR,JST XH,F,04 PIN', '', ( #568 ) ) ;
#2808 = PLANE ( 'NONE',  #22 ) ;
#2809 = ORIENTED_EDGE ( 'NONE', *, *, #2904, .F. ) ;
#2810 = DIRECTION ( 'NONE',  ( -0.000000000000000000, 1.000000000000000000, 0.000000000000000000 ) ) ;
#2811 = CARTESIAN_POINT ( 'NONE',  ( -1.000000000000202505, 6.400000000000062528, -1.599999999999938138 ) ) ;
#2812 = PLANE ( 'NONE',  #246 ) ;
#2813 = ORIENTED_EDGE ( 'NONE', *, *, #400, .F. ) ;
#2814 = DIRECTION ( 'NONE',  ( 0.2588190451025209060, 0.000000000000000000, 0.9659258262890683122 ) ) ;
#2815 = CARTESIAN_POINT ( 'NONE',  ( -7.500000000000200728, 3.450000000000061462, 2.300000000000063327 ) ) ;
#2816 = ORIENTED_EDGE ( 'NONE', *, *, #2818, .F. ) ;
#2817 = EDGE_CURVE ( 'NONE', #831, #48, #2251, .T. ) ;
#2818 = EDGE_CURVE ( 'NONE', #1727, #1893, #997, .T. ) ;
#2819 = DIRECTION ( 'NONE',  ( 0.000000000000000000, 0.000000000000000000, -1.000000000000000000 ) ) ;
#2820 = PERSON_AND_ORGANIZATION_ROLE ( 'classification_officer' ) ;
#2821 = VERTEX_POINT ( 'NONE', #3009 ) ;
#2822 = FACE_OUTER_BOUND ( 'NONE', #1177, .T. ) ;
#2823 = ADVANCED_FACE ( 'NONE', ( #1996 ), #1264, .F. ) ;
#2824 = EDGE_CURVE ( 'NONE', #2721, #2398, #119, .T. ) ;
#2825 = CARTESIAN_POINT ( 'NONE',  ( -6.500000000000214051, 6.400000000000062528, 0.8000000000000550004 ) ) ;
#2826 = ORIENTED_EDGE ( 'NONE', *, *, #2455, .T. ) ;
#2827 = DIRECTION ( 'NONE',  ( 1.000000000000000000, -0.000000000000000000, 0.000000000000000000 ) ) ;
#2828 = CARTESIAN_POINT ( 'NONE',  ( -9.100000000000205702, 6.900000000000061640, -2.099999999999945910 ) ) ;
#2829 = CARTESIAN_POINT ( 'NONE',  ( -7.500000000000203393, 6.400000000000062528, -0.1999999999998882116 ) ) ;
#2830 = ORIENTED_EDGE ( 'NONE', *, *, #2861, .F. ) ;
#2831 = CARTESIAN_POINT ( 'NONE',  ( -4.000000000000214051, 6.900000000000062528, -2.599999999999936584 ) ) ;
#2832 = LINE ( 'NONE', #1627, #1172 ) ;
#2833 = EDGE_CURVE ( 'NONE', #2330, #1955, #1511, .T. ) ;
#2834 = LINE ( 'NONE', #2041, #2847 ) ;
#2835 = VECTOR ( 'NONE', #11, 1000.000000000000000 ) ;
#2836 = ORIENTED_EDGE ( 'NONE', *, *, #2101, .T. ) ;
#2837 = FACE_OUTER_BOUND ( 'NONE', #2561, .T. ) ;
#2838 = VECTOR ( 'NONE', #683, 1000.000000000000000 ) ;
#2839 = AXIS2_PLACEMENT_3D ( 'NONE', #741, #1066, #1282 ) ;
#2840 = CARTESIAN_POINT ( 'NONE',  ( -7.500000000000200728, 3.450000000000061462, 1.500000000000061950 ) ) ;
#2841 = VERTEX_POINT ( 'NONE', #2497 ) ;
#2842 = EDGE_CURVE ( 'NONE', #2452, #530, #1560, .T. ) ;
#2843 = VERTEX_POINT ( 'NONE', #2776 ) ;
#2844 = EDGE_CURVE ( 'NONE', #394, #2158, #1789, .T. ) ;
#2845 = VECTOR ( 'NONE', #2877, 1000.000000000000000 ) ;
#2846 = VECTOR ( 'NONE', #743, 1000.000000000000000 ) ;
#2847 = VECTOR ( 'NONE', #2554, 1000.000000000000000 ) ;
#2848 = LINE ( 'NONE', #2863, #3099 ) ;
#2849 = CARTESIAN_POINT ( 'NONE',  ( -2.950000000000206679, 6.900000000000061640, -2.099999999999945466 ) ) ;
#2850 = ORIENTED_EDGE ( 'NONE', *, *, #3063, .T. ) ;
#2851 = AXIS2_PLACEMENT_3D ( 'NONE', #1515, #1041, #3030 ) ;
#2852 = DIRECTION ( 'NONE',  ( 0.2588190451025207950, 0.000000000000000000, -0.9659258262890683122 ) ) ;
#2853 = FACE_OUTER_BOUND ( 'NONE', #372, .T. ) ;
#2854 = ORIENTED_EDGE ( 'NONE', *, *, #2496, .T. ) ;
#2855 = LINE ( 'NONE', #2408, #2371 ) ;
#2856 = ORIENTED_EDGE ( 'NONE', *, *, #620, .T. ) ;
#2857 = CARTESIAN_POINT ( 'NONE',  ( -7.050000000000208544, 6.400000000000062528, -1.599999999999944800 ) ) ;
#2858 = CARTESIAN_POINT ( 'NONE',  ( -5.000000000000126121, -1.414213562373096922, 3.165870343657672947E-14 ) ) ;
#2859 = VERTEX_POINT ( 'NONE', #2300 ) ;
#2860 = ORIENTED_EDGE ( 'NONE', *, *, #2616, .T. ) ;
#2861 = EDGE_CURVE ( 'NONE', #1963, #1798, #1805, .T. ) ;
#2862 = ADVANCED_FACE ( 'NONE', ( #1048 ), #1541, .F. ) ;
#2863 = CARTESIAN_POINT ( 'NONE',  ( -3.164359353945084052, 2.020000000000063523, -2.550000000000003375 ) ) ;
#2864 = DIRECTION ( 'NONE',  ( -0.2588190451025208505, 0.000000000000000000, -0.9659258262890683122 ) ) ;
#2865 = EDGE_LOOP ( 'NONE', ( #2908, #1818 ) ) ;
#2866 = LINE ( 'NONE', #2085, #762 ) ;
#2867 = DIRECTION ( 'NONE',  ( -1.000000000000000000, -0.000000000000000000, 0.000000000000000000 ) ) ;
#2868 = ORIENTED_EDGE ( 'NONE', *, *, #1829, .F. ) ;
#2869 = CARTESIAN_POINT ( 'NONE',  ( 0.6643593539447119056, 2.020000000000063523, -2.599999999999929479 ) ) ;
#2870 = ORIENTED_EDGE ( 'NONE', *, *, #1093, .T. ) ;
#2871 = DIRECTION ( 'NONE',  ( 0.000000000000000000, -1.000000000000000000, 0.000000000000000000 ) ) ;
#2872 = ORIENTED_EDGE ( 'NONE', *, *, #2183, .T. ) ;
#2873 = DIRECTION ( 'NONE',  ( 0.000000000000000000, 1.000000000000000000, -0.000000000000000000 ) ) ;
#2874 = EDGE_LOOP ( 'NONE', ( #1479, #2316, #1040, #173, #2523, #2569, #2510, #66, #380, #984, #387, #2872 ) ) ;
#2875 = ORIENTED_EDGE ( 'NONE', *, *, #176, .T. ) ;
#2876 = EDGE_CURVE ( 'NONE', #1989, #179, #1061, .T. ) ;
#2877 = DIRECTION ( 'NONE',  ( 0.000000000000000000, 1.000000000000000000, 0.000000000000000000 ) ) ;
#2878 = DIRECTION ( 'NONE',  ( 0.000000000000000000, -0.000000000000000000, -1.000000000000000000 ) ) ;
#2879 = EDGE_LOOP ( 'NONE', ( #1406, #1703 ) ) ;
#2880 = LINE ( 'NONE', #902, #2587 ) ;
#2881 = FACE_OUTER_BOUND ( 'NONE', #740, .T. ) ;
#2882 = EDGE_CURVE ( 'NONE', #1893, #3145, #1013, .T. ) ;
#2883 = EDGE_CURVE ( 'NONE', #500, #2795, #327, .T. ) ;
#2884 = ORIENTED_EDGE ( 'NONE', *, *, #2032, .T. ) ;
#2885 = DIRECTION ( 'NONE',  ( 0.000000000000000000, 1.000000000000000000, 0.000000000000000000 ) ) ;
#2886 = ORIENTED_EDGE ( 'NONE', *, *, #905, .F. ) ;
#2887 = FACE_OUTER_BOUND ( 'NONE', #1558, .T. ) ;
#2888 = DIRECTION ( 'NONE',  ( -1.000000000000000000, 0.000000000000000000, 0.000000000000000000 ) ) ;
#2889 = ORIENTED_EDGE ( 'NONE', *, *, #365, .F. ) ;
#2890 = DIRECTION ( 'NONE',  ( -5.671211363770228819E-15, 1.000000000000000000, 0.000000000000000000 ) ) ;
#2891 = VECTOR ( 'NONE', #3124, 1000.000000000000000 ) ;
#2892 = LINE ( 'NONE', #426, #3205 ) ;
#2893 = FACE_OUTER_BOUND ( 'NONE', #460, .T. ) ;
#2894 = VECTOR ( 'NONE', #3087, 1000.000000000000000 ) ;
#2895 = CIRCLE ( 'NONE', #95, 0.8000000000000009326 ) ;
#2896 = EDGE_LOOP ( 'NONE', ( #54, #102 ) ) ;
#2897 = VECTOR ( 'NONE', #288, 1000.000000000000000 ) ;
#2898 = VECTOR ( 'NONE', #1616, 1000.000000000000000 ) ;
#2899 = CARTESIAN_POINT ( 'NONE',  ( -9.900000000000204636, 6.900000000000061640, 1.500000000000062839 ) ) ;
#2900 = DIRECTION ( 'NONE',  ( 0.000000000000000000, 0.000000000000000000, 1.000000000000000000 ) ) ;
#2901 = VECTOR ( 'NONE', #1200, 1000.000000000000000 ) ;
#2902 = EDGE_CURVE ( 'NONE', #335, #1059, #2059, .T. ) ;
#2903 = DIRECTION ( 'NONE',  ( 0.000000000000000000, -1.000000000000000000, 0.000000000000000000 ) ) ;
#2904 = EDGE_CURVE ( 'NONE', #1313, #3017, #1250, .T. ) ;
#2905 = ORIENTED_EDGE ( 'NONE', *, *, #695, .F. ) ;
#2906 = CARTESIAN_POINT ( 'NONE',  ( -2.050000000000187672, 0.000000000000000000, -1.799999999999928324 ) ) ;
#2907 = LINE ( 'NONE', #1162, #634 ) ;
#2908 = ORIENTED_EDGE ( 'NONE', *, *, #276, .T. ) ;
#2909 = CARTESIAN_POINT ( 'NONE',  ( -1.835640646055288983, 2.020000000000063523, -2.599999999999929479 ) ) ;
#2910 = DIRECTION ( 'NONE',  ( -1.000000000000000000, -0.000000000000000000, 0.000000000000000000 ) ) ;
#2911 = DIRECTION ( 'NONE',  ( 0.2588190451025209060, 0.000000000000000000, 0.9659258262890683122 ) ) ;
#2912 = ORIENTED_EDGE ( 'NONE', *, *, #2500, .T. ) ;
#2913 = PLANE ( 'NONE',  #2999 ) ;
#2914 = CARTESIAN_POINT ( 'NONE',  ( -9.100000000000205702, 6.100000000000060929, -2.599999999999936584 ) ) ;
#2915 = CARTESIAN_POINT ( 'NONE',  ( -6.700000000000183142, 1.000000000000046629, 2.300000000000063327 ) ) ;
#2916 = LINE ( 'NONE', #1158, #1339 ) ;
#2917 = VERTEX_POINT ( 'NONE', #2840 ) ;
#2918 = DIRECTION ( 'NONE',  ( 1.000000000000000000, 0.000000000000000000, 4.818676322157808222E-16 ) ) ;
#2919 = EDGE_CURVE ( 'NONE', #179, #593, #848, .T. ) ;
#2920 = ADVANCED_FACE ( 'NONE', ( #629 ), #645, .F. ) ;
#2921 = CARTESIAN_POINT ( 'NONE',  ( 2.399999999999811173, 6.900000000000063416, -3.399999999999936851 ) ) ;
#2922 = ORIENTED_EDGE ( 'NONE', *, *, #927, .T. ) ;
#2923 = CARTESIAN_POINT ( 'NONE',  ( 0.4499999999998133826, 2.020000000000063523, -1.799999999999928102 ) ) ;
#2924 = EDGE_CURVE ( 'NONE', #990, #1295, #1634, .T. ) ;
#2925 = EDGE_CURVE ( 'NONE', #995, #186, #2334, .T. ) ;
#2926 = CARTESIAN_POINT ( 'NONE',  ( -6.500000000000214051, 6.400000000000062528, -1.599999999999944800 ) ) ;
#2927 = CARTESIAN_POINT ( 'NONE',  ( -9.100000000000125766, 0.000000000000000000, -2.550000000000002487 ) ) ;
#2928 = ORIENTED_EDGE ( 'NONE', *, *, #2698, .T. ) ;
#2929 = CARTESIAN_POINT ( 'NONE',  ( -4.550000000000209432, 6.900000000000062528, -2.599999999999936584 ) ) ;
#2930 = CYLINDRICAL_SURFACE ( 'NONE', #1493, 0.8000000000000009326 ) ;
#2931 = DIRECTION ( 'NONE',  ( -1.000000000000000000, 0.000000000000000000, -0.000000000000000000 ) ) ;
#2932 = CARTESIAN_POINT ( 'NONE',  ( -1.000000000000202505, 6.400000000000062528, 0.8000000000000532241 ) ) ;
#2933 = ORIENTED_EDGE ( 'NONE', *, *, #2801, .T. ) ;
#2934 = CARTESIAN_POINT ( 'NONE',  ( -7.950000000000207123, 6.400000000000062528, -2.099999999999944578 ) ) ;
#2935 = ADVANCED_FACE ( 'NONE', ( #3114 ), #146, .T. ) ;
#2936 = CARTESIAN_POINT ( 'NONE',  ( -1.253337711393243126E-13, -1.414213562373096922, -3.469446951953614189E-15 ) ) ;
#2937 = ORIENTED_EDGE ( 'NONE', *, *, #2296, .F. ) ;
#2938 = LINE ( 'NONE', #708, #1755 ) ;
#2939 = EDGE_CURVE ( 'NONE', #2997, #831, #2621, .T. ) ;
#2940 = ADVANCED_FACE ( 'NONE', ( #1847 ), #2362, .F. ) ;
#2941 = FACE_OUTER_BOUND ( 'NONE', #2984, .T. ) ;
#2942 = ORIENTED_EDGE ( 'NONE', *, *, #9, .F. ) ;
#2943 = VECTOR ( 'NONE', #3176, 1000.000000000000000 ) ;
#2944 = AXIS2_PLACEMENT_3D ( 'NONE', #2066, #2563, #773 ) ;
#2945 = VECTOR ( 'NONE', #2765, 1000.000000000000000 ) ;
#2946 = DIRECTION ( 'NONE',  ( -1.000000000000000000, 0.000000000000000000, 4.818676322157810194E-16 ) ) ;
#2947 = DIRECTION ( 'NONE',  ( -1.000000000000000000, -0.000000000000000000, -0.000000000000000000 ) ) ;
#2948 = AXIS2_PLACEMENT_3D ( 'NONE', #797, #2250, #1979 ) ;
#2949 = AXIS2_PLACEMENT_3D ( 'NONE', #256, #2998, #2003 ) ;
#2950 = CARTESIAN_POINT ( 'NONE',  ( -3.150961894323547341, 2.020000000000063523, -2.550000000000003375 ) ) ;
#2951 = ORIENTED_EDGE ( 'NONE', *, *, #1728, .T. ) ;
#2952 = VECTOR ( 'NONE', #1652, 1000.000000000000114 ) ;
#2953 = DIRECTION ( 'NONE',  ( 0.000000000000000000, -1.000000000000000000, -0.000000000000000000 ) ) ;
#2954 = ORIENTED_EDGE ( 'NONE', *, *, #281, .F. ) ;
#2955 = FACE_OUTER_BOUND ( 'NONE', #2764, .T. ) ;
#2956 = ORIENTED_EDGE ( 'NONE', *, *, #218, .T. ) ;
#2957 = DIRECTION ( 'NONE',  ( 0.000000000000000000, -1.000000000000000000, -0.000000000000000000 ) ) ;
#2958 = ORIENTED_EDGE ( 'NONE', *, *, #2902, .T. ) ;
#2959 = FACE_OUTER_BOUND ( 'NONE', #2201, .T. ) ;
#2960 = DIRECTION ( 'NONE',  ( 0.000000000000000000, 1.000000000000000000, -0.000000000000000000 ) ) ;
#2961 = ORIENTED_EDGE ( 'NONE', *, *, #2675, .F. ) ;
#2962 = EDGE_CURVE ( 'NONE', #603, #595, #1606, .T. ) ;
#2963 = EDGE_CURVE ( 'NONE', #593, #2012, #2607, .T. ) ;
#2964 = DIRECTION ( 'NONE',  ( 0.000000000000000000, 1.000000000000000000, 0.000000000000000000 ) ) ;
#2965 = CARTESIAN_POINT ( 'NONE',  ( -7.500000000000199840, 3.450000000000061462, 2.300000000000063327 ) ) ;
#2966 = CARTESIAN_POINT ( 'NONE',  ( -9.100000000000205702, 3.450000000000062350, 1.500000000000062839 ) ) ;
#2967 = CARTESIAN_POINT ( 'NONE',  ( -2.050000000000187672, 2.020000000000063523, -1.799999999999928324 ) ) ;
#2968 = LINE ( 'NONE', #735, #150 ) ;
#2969 = VECTOR ( 'NONE', #407, 1000.000000000000000 ) ;
#2970 = VERTEX_POINT ( 'NONE', #1083 ) ;
#2971 = PERSON_AND_ORGANIZATION ( #1378, #2736 ) ;
#2972 = ORIENTED_EDGE ( 'NONE', *, *, #227, .T. ) ;
#2973 = LINE ( 'NONE', #1803, #3054 ) ;
#2974 = VECTOR ( 'NONE', #262, 1000.000000000000000 ) ;
#2975 = FACE_OUTER_BOUND ( 'NONE', #1153, .T. ) ;
#2976 = VECTOR ( 'NONE', #1573, 1000.000000000000000 ) ;
#2977 = VERTEX_POINT ( 'NONE', #1146 ) ;
#2978 = DIRECTION ( 'NONE',  ( 0.000000000000000000, 1.000000000000000000, 0.000000000000000000 ) ) ;
#2979 = CARTESIAN_POINT ( 'NONE',  ( -5.000000000000205169, 5.400000000000062528, 0.6000000000000971223 ) ) ;
#2980 = CARTESIAN_POINT ( 'NONE',  ( -2.089362071112734617E-13, 5.400000000000062528, -0.9999999999999414912 ) ) ;
#2981 = CARTESIAN_POINT ( 'NONE',  ( -5.000000000000126121, 4.500000000000000888, 3.165870343657672947E-14 ) ) ;
#2982 = EDGE_CURVE ( 'NONE', #2109, #990, #360, .T. ) ;
#2983 = ADVANCED_FACE ( 'NONE', ( #3130 ), #2315, .F. ) ;
#2984 = EDGE_LOOP ( 'NONE', ( #351, #3107, #723, #515 ) ) ;
#2985 = LINE ( 'NONE', #2492, #1547 ) ;
#2986 = CARTESIAN_POINT ( 'NONE',  ( -2.500000000000125677, 4.500000000000000888, 0.5000000000000139888 ) ) ;
#2987 = ORIENTED_EDGE ( 'NONE', *, *, #181, .T. ) ;
#2988 = LINE ( 'NONE', #1275, #1546 ) ;
#2989 = DIRECTION ( 'NONE',  ( -0.000000000000000000, 1.000000000000000000, -0.000000000000000000 ) ) ;
#2990 = EDGE_LOOP ( 'NONE', ( #1550, #1968 ) ) ;
#2991 = LINE ( 'NONE', #3027, #2578 ) ;
#2992 = DIRECTION ( 'NONE',  ( -1.000000000000000000, -1.621236893436268400E-16, 0.000000000000000000 ) ) ;
#2993 = VECTOR ( 'NONE', #1972, 1000.000000000000000 ) ;
#2994 = VECTOR ( 'NONE', #3149, 1000.000000000000000 ) ;
#2995 = AXIS2_PLACEMENT_3D ( 'NONE', #3144, #914, #1914 ) ;
#2996 = PLANE ( 'NONE',  #1289 ) ;
#2997 = VERTEX_POINT ( 'NONE', #374 ) ;
#2998 = DIRECTION ( 'NONE',  ( -4.818676322157810194E-16, 0.000000000000000000, -1.000000000000000000 ) ) ;
#2999 = AXIS2_PLACEMENT_3D ( 'NONE', #2648, #1454, #2439 ) ;
#3000 = VERTEX_POINT ( 'NONE', #100 ) ;
#3001 = ADVANCED_FACE ( 'NONE', ( #1358 ), #2808, .T. ) ;
#3002 = CIRCLE ( 'NONE', #1759, 0.7999999999999990452 ) ;
#3003 = AXIS2_PLACEMENT_3D ( 'NONE', #3148, #441, #1430 ) ;
#3004 = DIRECTION ( 'NONE',  ( -2.014517585005324304E-15, 1.000000000000000000, 0.000000000000000000 ) ) ;
#3005 = CALENDAR_DATE ( 2022, 28, 2 ) ;
#3006 = ORIENTED_EDGE ( 'NONE', *, *, #320, .F. ) ;
#3007 = LINE ( 'NONE', #570, #2897 ) ;
#3008 = VECTOR ( 'NONE', #1002, 1000.000000000000000 ) ;
#3009 = CARTESIAN_POINT ( 'NONE',  ( 0.4499999999997899569, 6.400000000000062528, -1.599999999999946132 ) ) ;
#3010 = ORIENTED_EDGE ( 'NONE', *, *, #1647, .F. ) ;
#3011 = DIRECTION ( 'NONE',  ( 0.000000000000000000, 1.000000000000000000, 0.000000000000000000 ) ) ;
#3012 = DIRECTION ( 'NONE',  ( 0.000000000000000000, 2.209838822900391082E-16, -1.000000000000000000 ) ) ;
#3013 = ORIENTED_EDGE ( 'NONE', *, *, #638, .T. ) ;
#3014 = CARTESIAN_POINT ( 'NONE',  ( -2.090341788552052549E-13, 5.400000000000062528, 0.6000000000000602629 ) ) ;
#3015 = ORIENTED_EDGE ( 'NONE', *, *, #2303, .T. ) ;
#3016 = DIRECTION ( 'NONE',  ( 0.000000000000000000, 0.000000000000000000, -1.000000000000000000 ) ) ;
#3017 = VERTEX_POINT ( 'NONE', #585 ) ;
#3018 = DIRECTION ( 'NONE',  ( -0.000000000000000000, 1.000000000000000000, -0.000000000000000000 ) ) ;
#3019 = LINE ( 'NONE', #2773, #1181 ) ;
#3020 = ORIENTED_EDGE ( 'NONE', *, *, #2045, .T. ) ;
#3021 = EDGE_CURVE ( 'NONE', #1742, #2533, #1372, .T. ) ;
#3022 = CARTESIAN_POINT ( 'NONE',  ( -9.100000000000205702, 6.900000000000061640, -1.599999999999946132 ) ) ;
#3023 = VECTOR ( 'NONE', #1962, 1000.000000000000000 ) ;
#3024 = CARTESIAN_POINT ( 'NONE',  ( -9.100000000000205702, 6.900000000000061640, -1.599999999999937028 ) ) ;
#3025 = EDGE_CURVE ( 'NONE', #1596, #2795, #2559, .T. ) ;
#3026 = VERTEX_POINT ( 'NONE', #115 ) ;
#3027 = CARTESIAN_POINT ( 'NONE',  ( -7.500000000000124345, -1.414213562373096922, -0.4999999999999508726 ) ) ;
#3028 = CARTESIAN_POINT ( 'NONE',  ( -0.3000000000001894485, 6.900000000000063416, 1.500000000000062839 ) ) ;
#3029 = ORIENTED_EDGE ( 'NONE', *, *, #1268, .T. ) ;
#3030 = DIRECTION ( 'NONE',  ( 0.000000000000000000, -0.000000000000000000, 1.000000000000000000 ) ) ;
#3031 = VERTEX_POINT ( 'NONE', #1099 ) ;
#3032 = CARTESIAN_POINT ( 'NONE',  ( -9.100000000000205702, 6.900000000000061640, -1.599999999999937250 ) ) ;
#3033 = FACE_OUTER_BOUND ( 'NONE', #97, .T. ) ;
#3034 = DIRECTION ( 'NONE',  ( 1.000000000000000000, 0.000000000000000000, 0.000000000000000000 ) ) ;
#3035 = ORIENTED_EDGE ( 'NONE', *, *, #2596, .F. ) ;
#3036 = FACE_OUTER_BOUND ( 'NONE', #825, .T. ) ;
#3037 = ADVANCED_FACE ( 'NONE', ( #2092 ), #3083, .F. ) ;
#3038 = DIRECTION ( 'NONE',  ( 0.000000000000000000, 0.000000000000000000, 1.000000000000000000 ) ) ;
#3039 = ORIENTED_EDGE ( 'NONE', *, *, #2801, .F. ) ;
#3040 = EDGE_CURVE ( 'NONE', #2398, #2317, #691, .T. ) ;
#3041 = DIRECTION ( 'NONE',  ( 1.000000000000000000, 0.000000000000000000, -0.000000000000000000 ) ) ;
#3042 = PLANE ( 'NONE',  #2944 ) ;
#3043 = ORIENTED_EDGE ( 'NONE', *, *, #3163, .F. ) ;
#3044 = CARTESIAN_POINT ( 'NONE',  ( -5.450000000000185807, 0.000000000000000000, -1.799999999999928768 ) ) ;
#3045 = VERTEX_POINT ( 'NONE', #2173 ) ;
#3046 = DIRECTION ( 'NONE',  ( 1.000000000000000000, 0.000000000000000000, -1.626303258728266758E-16 ) ) ;
#3047 = ORIENTED_EDGE ( 'NONE', *, *, #999, .F. ) ;
#3048 = ORIENTED_EDGE ( 'NONE', *, *, #161, .T. ) ;
#3049 = VECTOR ( 'NONE', #1001, 1000.000000000000000 ) ;
#3050 = CYLINDRICAL_SURFACE ( 'NONE', #2682, 0.8000000000000009326 ) ;
#3051 = VECTOR ( 'NONE', #1623, 1000.000000000000114 ) ;
#3052 = ORIENTED_EDGE ( 'NONE', *, *, #1567, .F. ) ;
#3053 = CARTESIAN_POINT ( 'NONE',  ( -1.500000000000213829, 6.400000000000062528, 0.8000000000000541123 ) ) ;
#3054 = VECTOR ( 'NONE', #1490, 1000.000000000000000 ) ;
#3055 = CARTESIAN_POINT ( 'NONE',  ( -7.500000000000124345, 0.000000000000000000, 4.900593819634480042E-14 ) ) ;
#3056 = AXIS2_PLACEMENT_3D ( 'NONE', #3112, #403, #1060 ) ;
#3057 = VERTEX_POINT ( 'NONE', #1217 ) ;
#3058 = ORIENTED_EDGE ( 'NONE', *, *, #2558, .F. ) ;
#3059 = LINE ( 'NONE', #2828, #1959 ) ;
#3060 = CARTESIAN_POINT ( 'NONE',  ( -4.349038105676825694, 0.000000000000000000, -2.550000000000002931 ) ) ;
#3061 = ORIENTED_EDGE ( 'NONE', *, *, #1813, .F. ) ;
#3062 = EDGE_CURVE ( 'NONE', #1042, #932, #238, .T. ) ;
#3063 = EDGE_CURVE ( 'NONE', #3031, #2128, #487, .T. ) ;
#3064 = FACE_OUTER_BOUND ( 'NONE', #1408, .T. ) ;
#3065 = CARTESIAN_POINT ( 'NONE',  ( -1.500000000000213829, 6.900000000000062528, 0.8000000000000541123 ) ) ;
#3066 = DIRECTION ( 'NONE',  ( 0.000000000000000000, 1.000000000000000000, 0.000000000000000000 ) ) ;
#3067 = ORIENTED_EDGE ( 'NONE', *, *, #558, .F. ) ;
#3068 = CARTESIAN_POINT ( 'NONE',  ( -9.100000000000205702, 6.900000000000061640, -2.599999999999936584 ) ) ;
#3069 = DIRECTION ( 'NONE',  ( -0.8660254037844362651, 0.000000000000000000, -0.5000000000000042188 ) ) ;
#3070 = EDGE_LOOP ( 'NONE', ( #2073, #409, #1, #116, #2485, #721, #2390, #934 ) ) ;
#3071 = ORIENTED_EDGE ( 'NONE', *, *, #1151, .T. ) ;
#3072 = CARTESIAN_POINT ( 'NONE',  ( -2.950000000000184919, 2.020000000000063523, -1.799999999999928768 ) ) ;
#3073 = DIRECTION ( 'NONE',  ( 0.000000000000000000, 0.000000000000000000, 1.000000000000000000 ) ) ;
#3074 = VERTEX_POINT ( 'NONE', #3193 ) ;
#3075 = EDGE_CURVE ( 'NONE', #1313, #1199, #209, .T. ) ;
#3076 = CARTESIAN_POINT ( 'NONE',  ( -1.000000000000202949, 6.900000000000063416, -1.599999999999938138 ) ) ;
#3077 = DIRECTION ( 'NONE',  ( -1.000000000000000000, 0.000000000000000000, 0.000000000000000000 ) ) ;
#3078 = EDGE_CURVE ( 'NONE', #2997, #1462, #1475, .T. ) ;
#3079 = EDGE_CURVE ( 'NONE', #390, #3026, #1705, .T. ) ;
#3080 = DIRECTION ( 'NONE',  ( -1.215927670077201423E-16, 0.000000000000000000, -1.000000000000000000 ) ) ;
#3081 = ORIENTED_EDGE ( 'NONE', *, *, #2345, .T. ) ;
#3082 = CARTESIAN_POINT ( 'NONE',  ( 2.399999999999811173, 6.900000000000063416, 1.500000000000062839 ) ) ;
#3083 = CYLINDRICAL_SURFACE ( 'NONE', #2236, 0.7999999999999990452 ) ;
#3084 = ORIENTED_EDGE ( 'NONE', *, *, #1005, .T. ) ;
#3085 = ORIENTED_EDGE ( 'NONE', *, *, #497, .F. ) ;
#3086 = CARTESIAN_POINT ( 'NONE',  ( -6.500000000000214051, 6.900000000000061640, -2.599999999999936584 ) ) ;
#3087 = DIRECTION ( 'NONE',  ( 1.000000000000000000, 1.621236893436268400E-16, -0.000000000000000000 ) ) ;
#3088 = ORIENTED_EDGE ( 'NONE', *, *, #2842, .F. ) ;
#3089 = DIRECTION ( 'NONE',  ( -1.000000000000000000, -1.561251128379146264E-14, -0.000000000000000000 ) ) ;
#3090 = CARTESIAN_POINT ( 'NONE',  ( -9.100000000000125766, 0.000000000000000000, -2.550000000000002487 ) ) ;
#3091 = ORIENTED_EDGE ( 'NONE', *, *, #227, .F. ) ;
#3092 = CARTESIAN_POINT ( 'NONE',  ( -6.000000000000201617, 6.400000000000062528, -1.599999999999937250 ) ) ;
#3093 = VECTOR ( 'NONE', #1661, 1000.000000000000000 ) ;
#3094 = ORIENTED_EDGE ( 'NONE', *, *, #2302, .F. ) ;
#3095 = PLANE ( 'NONE',  #1391 ) ;
#3096 = EDGE_CURVE ( 'NONE', #1483, #2234, #2907, .T. ) ;
#3097 = EDGE_CURVE ( 'NONE', #2703, #2234, #437, .T. ) ;
#3098 = AXIS2_PLACEMENT_3D ( 'NONE', #1794, #1267, #2779 ) ;
#3099 = VECTOR ( 'NONE', #2562, 1000.000000000000000 ) ;
#3100 = DIRECTION ( 'NONE',  ( 0.000000000000000000, 1.000000000000000000, 0.000000000000000000 ) ) ;
#3101 = ORIENTED_EDGE ( 'NONE', *, *, #1866, .F. ) ;
#3102 = ORIENTED_EDGE ( 'NONE', *, *, #421, .F. ) ;
#3103 = VECTOR ( 'NONE', #2134, 1000.000000000000000 ) ;
#3104 = VECTOR ( 'NONE', #2700, 1000.000000000000000 ) ;
#3105 = DIRECTION ( 'NONE',  ( -1.000000000000000000, 0.000000000000000000, 4.818676322157810194E-16 ) ) ;
#3106 = CARTESIAN_POINT ( 'NONE',  ( -9.100000000000205702, 3.450000000000061462, 1.500000000000062839 ) ) ;
#3107 = ORIENTED_EDGE ( 'NONE', *, *, #614, .F. ) ;
#3108 = LINE ( 'NONE', #1353, #1494 ) ;
#3109 = DIRECTION ( 'NONE',  ( -0.000000000000000000, 1.000000000000000000, -0.000000000000000000 ) ) ;
#3110 = DIRECTION ( 'NONE',  ( 0.000000000000000000, 0.000000000000000000, 1.000000000000000000 ) ) ;
#3111 = VERTEX_POINT ( 'NONE', #2434 ) ;
#3112 = CARTESIAN_POINT ( 'NONE',  ( -2.950000000000206679, 6.400000000000062528, -1.599999999999937694 ) ) ;
#3113 = ADVANCED_FACE ( 'NONE', ( #2690 ), #3166, .F. ) ;
#3114 = FACE_OUTER_BOUND ( 'NONE', #998, .T. ) ;
#3115 = ORIENTED_EDGE ( 'NONE', *, *, #1249, .T. ) ;
#3116 = LINE ( 'NONE', #2909, #2739 ) ;
#3117 = CARTESIAN_POINT ( 'NONE',  ( -8.164359353945084052, 2.020000000000063523, -2.550000000000002487 ) ) ;
#3118 = APPROVAL ( #980, 'UNSPECIFIED' ) ;
#3119 = ADVANCED_FACE ( 'NONE', ( #1929 ), #661, .T. ) ;
#3120 = DIRECTION ( 'NONE',  ( 0.000000000000000000, 0.000000000000000000, 1.000000000000000000 ) ) ;
#3121 = ORIENTED_EDGE ( 'NONE', *, *, #2501, .T. ) ;
#3122 = AXIS2_PLACEMENT_3D ( 'NONE', #389, #2594, #1114 ) ;
#3123 = CARTESIAN_POINT ( 'NONE',  ( -6.700000000000190248, 6.100000000000060041, 2.300000000000063327 ) ) ;
#3124 = DIRECTION ( 'NONE',  ( -1.000000000000000000, 0.000000000000000000, 1.215927670077201423E-16 ) ) ;
#3125 = VECTOR ( 'NONE', #2512, 1000.000000000000000 ) ;
#3126 = PLANE ( 'NONE',  #2740 ) ;
#3127 = ORIENTED_EDGE ( 'NONE', *, *, #631, .F. ) ;
#3128 = DIRECTION ( 'NONE',  ( 1.000000000000000000, 1.470104640658311001E-16, -0.000000000000000000 ) ) ;
#3129 = EDGE_LOOP ( 'NONE', ( #1128, #1322, #896, #2786 ) ) ;
#3130 = FACE_OUTER_BOUND ( 'NONE', #1350, .T. ) ;
#3131 = ORIENTED_EDGE ( 'NONE', *, *, #342, .F. ) ;
#3132 = PLANE ( 'NONE',  #2322 ) ;
#3133 = CARTESIAN_POINT ( 'NONE',  ( 0.6509618943231756383, 2.020000000000063523, -2.550000000000003819 ) ) ;
#3134 = LINE ( 'NONE', #1399, #296 ) ;
#3135 = ORIENTED_EDGE ( 'NONE', *, *, #2155, .T. ) ;
#3136 = EDGE_CURVE ( 'NONE', #3145, #1578, #1201, .T. ) ;
#3137 = CARTESIAN_POINT ( 'NONE',  ( -8.500000000000202505, 6.400000000000062528, -1.599999999999937028 ) ) ;
#3138 = LINE ( 'NONE', #2649, #1276 ) ;
#3139 = ORIENTED_EDGE ( 'NONE', *, *, #2087, .F. ) ;
#3140 = LINE ( 'NONE', #2376, #917 ) ;
#3141 = ORIENTED_EDGE ( 'NONE', *, *, #3025, .F. ) ;
#3142 = DIRECTION ( 'NONE',  ( -4.818676322157808222E-16, 0.000000000000000000, 1.000000000000000000 ) ) ;
#3143 = VECTOR ( 'NONE', #529, 1000.000000000000000 ) ;
#3144 = CARTESIAN_POINT ( 'NONE',  ( -2.090341788552052549E-13, 6.400000000000062528, -0.1999999999999406697 ) ) ;
#3145 = VERTEX_POINT ( 'NONE', #2642 ) ;
#3146 = DIRECTION ( 'NONE',  ( 0.000000000000000000, 0.000000000000000000, -1.000000000000000000 ) ) ;
#3147 = VECTOR ( 'NONE', #3198, 1000.000000000000000 ) ;
#3148 = CARTESIAN_POINT ( 'NONE',  ( -2.090341788552052549E-13, 5.400000000000062528, -0.1999999999999406697 ) ) ;
#3149 = DIRECTION ( 'NONE',  ( 0.000000000000000000, 1.000000000000000000, -0.000000000000000000 ) ) ;
#3150 = VECTOR ( 'NONE', #717, 1000.000000000000000 ) ;
#3151 = VERTEX_POINT ( 'NONE', #2921 ) ;
#3152 = AXIS2_PLACEMENT_3D ( 'NONE', #2731, #12, #1224 ) ;
#3153 = CIRCLE ( 'NONE', #47, 0.8000000000000025979 ) ;
#3154 = LINE ( 'NONE', #922, #756 ) ;
#3155 = CARTESIAN_POINT ( 'NONE',  ( -7.500000000000124345, 4.500000000000000888, 0.5000000000000489608 ) ) ;
#3156 = EDGE_CURVE ( 'NONE', #2317, #1620, #809, .T. ) ;
#3157 = EDGE_CURVE ( 'NONE', #1274, #2210, #706, .T. ) ;
#3158 = VECTOR ( 'NONE', #2361, 1000.000000000000114 ) ;
#3159 = DIRECTION ( 'NONE',  ( 0.000000000000000000, 1.000000000000000000, -0.000000000000000000 ) ) ;
#3160 = PLANE ( 'NONE',  #2116 ) ;
#3161 = EDGE_CURVE ( 'NONE', #2326, #30, #1017, .T. ) ;
#3162 = EDGE_CURVE ( 'NONE', #1742, #484, #2668, .T. ) ;
#3163 = EDGE_CURVE ( 'NONE', #611, #2330, #1944, .T. ) ;
#3164 = ORIENTED_EDGE ( 'NONE', *, *, #631, .T. ) ;
#3165 = CARTESIAN_POINT ( 'NONE',  ( 1.599999999999796918, 6.100000000000060929, -2.599999999999936584 ) ) ;
#3166 = PLANE ( 'NONE',  #2010 ) ;
#3167 = ORIENTED_EDGE ( 'NONE', *, *, #3075, .F. ) ;
#3168 = DIRECTION ( 'NONE',  ( 0.9659258262890683122, -0.000000000000000000, 0.2588190451025207950 ) ) ;
#3169 = PLANE ( 'NONE',  #713 ) ;
#3170 = FACE_OUTER_BOUND ( 'NONE', #2874, .T. ) ;
#3171 = ORIENTED_EDGE ( 'NONE', *, *, #2925, .F. ) ;
#3172 = LINE ( 'NONE', #2405, #2062 ) ;
#3173 = FACE_OUTER_BOUND ( 'NONE', #880, .T. ) ;
#3174 = ADVANCED_FACE ( 'NONE', ( #453 ), #1445, .F. ) ;
#3175 = DIRECTION ( 'NONE',  ( 0.000000000000000000, 1.000000000000000000, 0.000000000000000000 ) ) ;
#3176 = DIRECTION ( 'NONE',  ( 1.000000000000000000, 1.621236893436268400E-16, -0.000000000000000000 ) ) ;
#3177 = VECTOR ( 'NONE', #786, 1000.000000000000000 ) ;
#3178 = ORIENTED_EDGE ( 'NONE', *, *, #2876, .T. ) ;
#3179 = DIRECTION ( 'NONE',  ( 1.000000000000000000, 0.000000000000000000, -1.626303258728266758E-16 ) ) ;
#3180 = EDGE_CURVE ( 'NONE', #299, #2277, #3019, .T. ) ;
#3181 = EDGE_CURVE ( 'NONE', #771, #1571, #1993, .T. ) ;
#3182 = CARTESIAN_POINT ( 'NONE',  ( -7.950000000000207123, 6.400000000000062528, -2.099999999999945022 ) ) ;
#3183 = VERTEX_POINT ( 'NONE', #2 ) ;
#3184 = DIRECTION ( 'NONE',  ( -0.2588190451025207950, -0.000000000000000000, 0.9659258262890683122 ) ) ;
#3185 = CARTESIAN_POINT ( 'NONE',  ( -7.050000000000187228, 2.020000000000063523, -1.799999999999928324 ) ) ;
#3186 = ORIENTED_EDGE ( 'NONE', *, *, #462, .F. ) ;
#3187 = DIRECTION ( 'NONE',  ( 0.000000000000000000, 0.000000000000000000, 1.000000000000000000 ) ) ;
#3188 = LINE ( 'NONE', #1677, #2263 ) ;
#3189 = CARTESIAN_POINT ( 'NONE',  ( 1.599999999999803801, 6.100000000000060929, -2.599999999999936584 ) ) ;
#3190 = DIRECTION ( 'NONE',  ( -0.2588190451025207950, -0.000000000000000000, 0.9659258262890683122 ) ) ;
#3191 = VERTEX_POINT ( 'NONE', #2986 ) ;
#3192 = PLANE ( 'NONE',  #1551 ) ;
#3193 = CARTESIAN_POINT ( 'NONE',  ( -1.849038105676825472, 0.000000000000000000, -2.550000000000003375 ) ) ;
#3194 = ORIENTED_EDGE ( 'NONE', *, *, #2444, .T. ) ;
#3195 = EDGE_CURVE ( 'NONE', #1873, #1274, #1261, .T. ) ;
#3196 = DIRECTION ( 'NONE',  ( 0.000000000000000000, 1.000000000000000000, -0.000000000000000000 ) ) ;
#3197 = ADVANCED_FACE ( 'NONE', ( #2248 ), #1738, .F. ) ;
#3198 = DIRECTION ( 'NONE',  ( 0.000000000000000000, 0.000000000000000000, 1.000000000000000000 ) ) ;
#3199 = VERTEX_POINT ( 'NONE', #780 ) ;
#3200 = CIRCLE ( 'NONE', #1850, 0.5000000000000001110 ) ;
#3201 = VECTOR ( 'NONE', #2864, 1000.000000000000114 ) ;
#3202 = CIRCLE ( 'NONE', #808, 0.4999999999999998890 ) ;
#3203 = DIRECTION ( 'NONE',  ( 0.000000000000000000, 1.000000000000000000, 0.000000000000000000 ) ) ;
#3204 = CARTESIAN_POINT ( 'NONE',  ( -2.090341788552052549E-13, 5.400000000000062528, -0.1999999999999406697 ) ) ;
#3205 = VECTOR ( 'NONE', #1414, 1000.000000000000000 ) ;
#3206 = CARTESIAN_POINT ( 'NONE',  ( -5.450000000000206235, 6.400000000000062528, -2.099999999999945022 ) ) ;
#3207 = VECTOR ( 'NONE', #1865, 1000.000000000000000 ) ;
#3208 = DIRECTION ( 'NONE',  ( -2.115516434118057462E-16, 0.000000000000000000, -1.000000000000000000 ) ) ;
#3209 = DIRECTION ( 'NONE',  ( 0.000000000000000000, 1.000000000000000000, 0.000000000000000000 ) ) ;
ENDSEC;
END-ISO-10303-21;
