ISO-10303-21;
HEADER;
FILE_DESCRIPTION (( 'STEP AP203' ),
    '1' );
FILE_NAME ('CONNECTOR,JST XH,F,06 PIN.step',
    '2022-03-01T00:53:55',
    ( '' ),
    ( '' ),
    'SwSTEP 2.0',
    'SolidWorks 2020',
    '' );
FILE_SCHEMA (( 'CONFIG_CONTROL_DESIGN' ));
ENDSEC;

DATA;
#1 = CARTESIAN_POINT ( 'NONE',  ( -11.50000000000019362, 6.900000000000074074, -1.599999999999938360 ) ) ;
#2 = PLANE ( 'NONE',  #760 ) ;
#3 = CARTESIAN_POINT ( 'NONE',  ( -11.00000000000019362, 6.400000000000075850, -1.599999999999938582 ) ) ;
#4 = ORIENTED_EDGE ( 'NONE', *, *, #2696, .T. ) ;
#5 = CARTESIAN_POINT ( 'NONE',  ( 2.399999999999806732, 6.100000000000074252, 1.500000000000061284 ) ) ;
#6 = ORIENTED_EDGE ( 'NONE', *, *, #2518, .T. ) ;
#7 = LINE ( 'NONE', #1988, #1710 ) ;
#8 = ORIENTED_EDGE ( 'NONE', *, *, #2719, .F. ) ;
#9 = VERTEX_POINT ( 'NONE', #3272 ) ;
#10 = EDGE_CURVE ( 'NONE', #1820, #2619, #3947, .T. ) ;
#11 = DIRECTION ( 'NONE',  ( 0.000000000000000000, 0.000000000000000000, 1.000000000000000000 ) ) ;
#12 = CARTESIAN_POINT ( 'NONE',  ( -5.000000000000191847, 5.400000000000074962, -0.1999999999999055589 ) ) ;
#13 = ORIENTED_EDGE ( 'NONE', *, *, #2350, .F. ) ;
#14 = LINE ( 'NONE', #2958, #2020 ) ;
#15 = ADVANCED_FACE ( 'NONE', ( #3330 ), #2, .F. ) ;
#16 = CARTESIAN_POINT ( 'NONE',  ( 0.4499999999998064437, 6.400000000000075850, -1.599999999999938582 ) ) ;
#17 = PLANE ( 'NONE',  #1920 ) ;
#18 = CARTESIAN_POINT ( 'NONE',  ( -0.4500000000001933009, 6.900000000000074074, -3.399999999999935518 ) ) ;
#19 = CIRCLE ( 'NONE', #299, 0.5000000000000001110 ) ;
#20 = CARTESIAN_POINT ( 'NONE',  ( -14.90000000000019398, 6.900000000000074074, -3.399999999999935518 ) ) ;
#21 = CIRCLE ( 'NONE', #3030, 0.8000000000000025979 ) ;
#22 = EDGE_CURVE ( 'NONE', #4219, #1219, #3929, .T. ) ;
#23 = DIRECTION ( 'NONE',  ( 0.000000000000000000, 1.770125995894702188E-16, -1.000000000000000000 ) ) ;
#24 = LINE ( 'NONE', #1074, #1046 ) ;
#25 = CARTESIAN_POINT ( 'NONE',  ( 0.9999999999998065991, 6.400000000000075850, -1.599999999999938582 ) ) ;
#26 = ORIENTED_EDGE ( 'NONE', *, *, #2536, .F. ) ;
#27 = VECTOR ( 'NONE', #1840, 1000.000000000000000 ) ;
#28 = AXIS2_PLACEMENT_3D ( 'NONE', #765, #413, #1775 ) ;
#29 = DIRECTION ( 'NONE',  ( 0.000000000000000000, 0.000000000000000000, -1.000000000000000000 ) ) ;
#30 = EDGE_LOOP ( 'NONE', ( #188, #26, #13, #2239 ) ) ;
#31 = ORIENTED_EDGE ( 'NONE', *, *, #45, .F. ) ;
#32 = CARTESIAN_POINT ( 'NONE',  ( -5.000000000000126121, 4.499999999999999112, -0.4999999999999689138 ) ) ;
#33 = CARTESIAN_POINT ( 'NONE',  ( 1.599999999999789146, 6.100000000000076028, -0.9499999999999395595 ) ) ;
#34 = ORIENTED_EDGE ( 'NONE', *, *, #1558, .T. ) ;
#35 = VERTEX_POINT ( 'NONE', #2247 ) ;
#36 = EDGE_CURVE ( 'NONE', #1013, #1747, #3252, .T. ) ;
#37 = CARTESIAN_POINT ( 'NONE',  ( -7.500000000000124345, 4.499999999999999112, 4.857225732735059864E-14 ) ) ;
#38 = PLANE ( 'NONE',  #2937 ) ;
#39 = CARTESIAN_POINT ( 'NONE',  ( 2.449999999999872280, 4.699999999999999289, -2.550000000000004707 ) ) ;
#40 = DIRECTION ( 'NONE',  ( 0.000000000000000000, 0.000000000000000000, 1.000000000000000000 ) ) ;
#41 = ADVANCED_FACE ( 'NONE', ( #1343, #3596 ), #595, .T. ) ;
#42 = CARTESIAN_POINT ( 'NONE',  ( -14.90000000000019398, 6.900000000000074074, 1.500000000000061284 ) ) ;
#43 = CARTESIAN_POINT ( 'NONE',  ( -8.500000000000193623, 6.400000000000074074, 0.8000000000000619949 ) ) ;
#44 = CARTESIAN_POINT ( 'NONE',  ( -4.550000000000193445, 6.400000000000075850, -2.099999999999938360 ) ) ;
#45 = EDGE_CURVE ( 'NONE', #2070, #1243, #2657, .T. ) ;
#46 = CARTESIAN_POINT ( 'NONE',  ( -13.50000000000019362, 6.400000000000075850, -1.599999999999938582 ) ) ;
#47 = EDGE_LOOP ( 'NONE', ( #3381, #2146, #3500, #3052 ) ) ;
#49 = DIRECTION ( 'NONE',  ( 1.000000000000000000, -0.000000000000000000, 0.000000000000000000 ) ) ;
#48 = VECTOR ( 'NONE', #2204, 1000.000000000000000 ) ;
#50 = ORIENTED_EDGE ( 'NONE', *, *, #1924, .T. ) ;
#51 = VERTEX_POINT ( 'NONE', #660 ) ;
#52 = VECTOR ( 'NONE', #1402, 1000.000000000000000 ) ;
#53 = DIRECTION ( 'NONE',  ( -1.000000000000000000, -0.000000000000000000, -0.000000000000000000 ) ) ;
#54 = LINE ( 'NONE', #33, #3250 ) ;
#55 = ORIENTED_EDGE ( 'NONE', *, *, #1448, .F. ) ;
#56 = APPROVAL_PERSON_ORGANIZATION ( #2823, #436, #1205 ) ;
#57 = ORIENTED_EDGE ( 'NONE', *, *, #3445, .F. ) ;
#58 = AXIS2_PLACEMENT_3D ( 'NONE', #87, #810, #3158 ) ;
#59 = AXIS2_PLACEMENT_3D ( 'NONE', #680, #1779, #745 ) ;
#60 = LINE ( 'NONE', #1045, #898 ) ;
#61 = DIRECTION ( 'NONE',  ( 1.000000000000000000, -0.000000000000000000, 0.000000000000000000 ) ) ;
#62 = VECTOR ( 'NONE', #3063, 1000.000000000000000 ) ;
#63 = PLANE ( 'NONE',  #2404 ) ;
#64 = DIRECTION ( 'NONE',  ( 0.000000000000000000, 1.000000000000000000, 0.000000000000000000 ) ) ;
#65 = VECTOR ( 'NONE', #1780, 1000.000000000000000 ) ;
#66 = DIRECTION ( 'NONE',  ( -0.5000000000000042188, -9.389466242107220033E-16, -0.8660254037844362651 ) ) ;
#67 = LINE ( 'NONE', #1008, #3625 ) ;
#69 = EDGE_CURVE ( 'NONE', #1157, #2151, #2003, .T. ) ;
#68 = CARTESIAN_POINT ( 'NONE',  ( -7.500000000000193623, 5.400000000000074962, 0.6000000000001144418 ) ) ;
#70 = CIRCLE ( 'NONE', #1195, 0.8000000000000009326 ) ;
#71 = ADVANCED_FACE ( 'NONE', ( #3354, #2435, #3439, #2089, #3746, #1052, #3769 ), #2717, .F. ) ;
#72 = CARTESIAN_POINT ( 'NONE',  ( -9.617949192431309413, 1.900000000000073630, -1.599999999999935252 ) ) ;
#73 = ORIENTED_EDGE ( 'NONE', *, *, #2889, .F. ) ;
#74 = EDGE_CURVE ( 'NONE', #4197, #3293, #3564, .T. ) ;
#75 = EDGE_CURVE ( 'NONE', #3617, #3240, #1732, .T. ) ;
#76 = DIRECTION ( 'NONE',  ( -1.000000000000000000, 0.000000000000000000, -0.000000000000000000 ) ) ;
#77 = ORIENTED_EDGE ( 'NONE', *, *, #3160, .F. ) ;
#78 = ORIENTED_EDGE ( 'NONE', *, *, #260, .T. ) ;
#79 = CARTESIAN_POINT ( 'NONE',  ( -12.88205080756906895, -1.301042606982605321E-15, -1.599999999999935252 ) ) ;
#80 = EDGE_CURVE ( 'NONE', #3529, #1263, #2694, .T. ) ;
#81 = DIRECTION ( 'NONE',  ( 0.000000000000000000, -0.000000000000000000, 1.000000000000000000 ) ) ;
#82 = ORIENTED_EDGE ( 'NONE', *, *, #3160, .T. ) ;
#83 = VERTEX_POINT ( 'NONE', #1027 ) ;
#84 = LINE ( 'NONE', #1724, #1948 ) ;
#85 = DIRECTION ( 'NONE',  ( 0.000000000000000000, 0.000000000000000000, 1.000000000000000000 ) ) ;
#86 = CARTESIAN_POINT ( 'NONE',  ( -12.11794919243130941, 1.900000000000073630, -1.599999999999934808 ) ) ;
#87 = CARTESIAN_POINT ( 'NONE',  ( -12.50000000000012612, -1.301042606982605321E-15, 8.326672684688674053E-14 ) ) ;
#88 = ORIENTED_EDGE ( 'NONE', *, *, #2870, .F. ) ;
#89 = LINE ( 'NONE', #1051, #2430 ) ;
#90 = CARTESIAN_POINT ( 'NONE',  ( -0.4500000000001933009, 6.400000000000075850, -2.099999999999938360 ) ) ;
#91 = CARTESIAN_POINT ( 'NONE',  ( 2.399999999999784084, 6.100000000000076028, -0.4881197846482365210 ) ) ;
#92 = ADVANCED_FACE ( 'NONE', ( #4056 ), #2764, .T. ) ;
#93 = AXIS2_PLACEMENT_3D ( 'NONE', #1999, #3327, #323 ) ;
#94 = FACE_OUTER_BOUND ( 'NONE', #2566, .T. ) ;
#95 = EDGE_LOOP ( 'NONE', ( #2633, #1168, #1890, #1104 ) ) ;
#96 = VECTOR ( 'NONE', #3283, 1000.000000000000000 ) ;
#97 = CARTESIAN_POINT ( 'NONE',  ( -7.050000000000193445, 6.900000000000074074, -2.099999999999938360 ) ) ;
#98 = ORIENTED_EDGE ( 'NONE', *, *, #3431, .F. ) ;
#99 = VERTEX_POINT ( 'NONE', #3679 ) ;
#100 = EDGE_CURVE ( 'NONE', #3994, #990, #1187, .T. ) ;
#101 = VECTOR ( 'NONE', #1717, 1000.000000000000000 ) ;
#102 = CARTESIAN_POINT ( 'NONE',  ( -2.500000000000127010, -1.301042606982605321E-15, -0.4999999999999868994 ) ) ;
#103 = CARTESIAN_POINT ( 'NONE',  ( 1.599999999999806466, 6.100000000000076028, 1.500000000000062839 ) ) ;
#104 = VERTEX_POINT ( 'NONE', #3420 ) ;
#105 = ORIENTED_EDGE ( 'NONE', *, *, #4024, .T. ) ;
#106 = EDGE_CURVE ( 'NONE', #252, #2857, #2368, .T. ) ;
#107 = DIRECTION ( 'NONE',  ( -2.837848136965480861E-16, 0.000000000000000000, 1.000000000000000000 ) ) ;
#108 = CARTESIAN_POINT ( 'NONE',  ( -12.50000000000019185, 5.400000000000074962, -0.9999999999998553379 ) ) ;
#109 = LINE ( 'NONE', #1752, #3943 ) ;
#110 = CARTESIAN_POINT ( 'NONE',  ( -4.350000000000193268, -1.301042606982605321E-15, -2.599999999999935252 ) ) ;
#111 = VERTEX_POINT ( 'NONE', #4076 ) ;
#112 = DIRECTION ( 'NONE',  ( 0.000000000000000000, -1.000000000000000000, -3.540251991789403391E-16 ) ) ;
#113 = CARTESIAN_POINT ( 'NONE',  ( -0.4500000000001933009, 6.400000000000075850, -1.599999999999938582 ) ) ;
#114 = DIRECTION ( 'NONE',  ( -0.000000000000000000, -1.000000000000000000, -3.540251991789403391E-16 ) ) ;
#115 = PLANE ( 'NONE',  #3614 ) ;
#116 = ORIENTED_EDGE ( 'NONE', *, *, #1585, .F. ) ;
#117 = CARTESIAN_POINT ( 'NONE',  ( -4.000000000000193623, 6.400000000000074074, -1.599999999999938582 ) ) ;
#118 = LINE ( 'NONE', #1170, #2975 ) ;
#119 = ORIENTED_EDGE ( 'NONE', *, *, #2670, .F. ) ;
#120 = ORIENTED_EDGE ( 'NONE', *, *, #10, .F. ) ;
#121 = DIRECTION ( 'NONE',  ( 1.000000000000000000, -0.000000000000000000, 0.000000000000000000 ) ) ;
#122 = VECTOR ( 'NONE', #2674, 1000.000000000000000 ) ;
#123 = DIRECTION ( 'NONE',  ( 0.000000000000000000, 0.000000000000000000, 1.000000000000000000 ) ) ;
#124 = EDGE_CURVE ( 'NONE', #917, #2967, #2025, .T. ) ;
#125 = VERTEX_POINT ( 'NONE', #43 ) ;
#126 = ORIENTED_EDGE ( 'NONE', *, *, #3719, .T. ) ;
#127 = VECTOR ( 'NONE', #3531, 1000.000000000000000 ) ;
#128 = CARTESIAN_POINT ( 'NONE',  ( 1.599999999999806466, 6.900000000000074074, -2.099999999999938360 ) ) ;
#129 = DIRECTION ( 'NONE',  ( 0.000000000000000000, 1.000000000000000000, 0.000000000000000000 ) ) ;
#130 = DIRECTION ( 'NONE',  ( 1.000000000000000000, 0.000000000000000000, 0.000000000000000000 ) ) ;
#131 = EDGE_CURVE ( 'NONE', #4292, #3850, #3070, .T. ) ;
#132 = AXIS2_PLACEMENT_3D ( 'NONE', #1985, #373, #2678 ) ;
#133 = CARTESIAN_POINT ( 'NONE',  ( -0.4500000000001933009, 6.900000000000074074, -2.099999999999938360 ) ) ;
#134 = ORIENTED_EDGE ( 'NONE', *, *, #3213, .T. ) ;
#135 = DIRECTION ( 'NONE',  ( -0.000000000000000000, 1.000000000000000000, 3.614007241618348278E-16 ) ) ;
#136 = PLANE ( 'NONE',  #4191 ) ;
#137 = CARTESIAN_POINT ( 'NONE',  ( -2.500000000000192291, 6.400000000000074074, -0.1999999999999229061 ) ) ;
#138 = VECTOR ( 'NONE', #2302, 1000.000000000000000 ) ;
#139 = LINE ( 'NONE', #4146, #2577 ) ;
#140 = ORIENTED_EDGE ( 'NONE', *, *, #2565, .F. ) ;
#141 = VECTOR ( 'NONE', #1876, 1000.000000000000000 ) ;
#142 = CARTESIAN_POINT ( 'NONE',  ( -2.050000000000193001, 6.400000000000075850, -2.099999999999938360 ) ) ;
#143 = CARTESIAN_POINT ( 'NONE',  ( -5.000000000000126121, -1.301042606982605321E-15, 3.122502256758252770E-14 ) ) ;
#144 = VERTEX_POINT ( 'NONE', #90 ) ;
#145 = ORIENTED_EDGE ( 'NONE', *, *, #1091, .F. ) ;
#146 = EDGE_CURVE ( 'NONE', #3892, #2102, #1756, .T. ) ;
#147 = CARTESIAN_POINT ( 'NONE',  ( -12.20000000000019291, 6.900000000000074074, 1.500000000000061284 ) ) ;
#148 = DESIGN_CONTEXT ( 'detailed design', #3650, 'design' ) ;
#149 = CARTESIAN_POINT ( 'NONE',  ( 2.399999999999806732, 6.900000000000074074, -3.399999999999935518 ) ) ;
#150 = ORIENTED_EDGE ( 'NONE', *, *, #1360, .F. ) ;
#151 = VERTEX_POINT ( 'NONE', #4098 ) ;
#152 = EDGE_CURVE ( 'NONE', #2530, #1330, #1390, .T. ) ;
#153 = DATE_AND_TIME ( #1823, #4259 ) ;
#154 = LINE ( 'NONE', #2846, #3073 ) ;
#155 = FACE_OUTER_BOUND ( 'NONE', #164, .T. ) ;
#156 = CARTESIAN_POINT ( 'NONE',  ( -1.283695372222837250E-13, -1.301042606982605321E-15, 0.4999999999999968914 ) ) ;
#157 = ORIENTED_EDGE ( 'NONE', *, *, #1174, .T. ) ;
#158 = EDGE_CURVE ( 'NONE', #3437, #144, #1689, .T. ) ;
#159 = LINE ( 'NONE', #3203, #3556 ) ;
#160 = CARTESIAN_POINT ( 'NONE',  ( 0.4999999999998078759, 1.000000000000074607, 2.300000000000063327 ) ) ;
#161 = CARTESIAN_POINT ( 'NONE',  ( -12.05000000000019433, 6.400000000000075850, -2.099999999999938360 ) ) ;
#162 = EDGE_CURVE ( 'NONE', #2749, #826, #67, .T. ) ;
#163 = FACE_OUTER_BOUND ( 'NONE', #95, .T. ) ;
#164 = EDGE_LOOP ( 'NONE', ( #2383, #1070, #958, #1862 ) ) ;
#165 = DIRECTION ( 'NONE',  ( -1.000000000000000000, 0.000000000000000000, -0.000000000000000000 ) ) ;
#166 = FACE_OUTER_BOUND ( 'NONE', #3917, .T. ) ;
#167 = ORIENTED_EDGE ( 'NONE', *, *, #3045, .T. ) ;
#168 = VERTEX_POINT ( 'NONE', #3397 ) ;
#169 = LINE ( 'NONE', #103, #1856 ) ;
#170 = ORIENTED_EDGE ( 'NONE', *, *, #1950, .T. ) ;
#171 = ORIENTED_EDGE ( 'NONE', *, *, #2474, .T. ) ;
#172 = AXIS2_PLACEMENT_3D ( 'NONE', #4312, #3323, #2585 ) ;
#173 = DIRECTION ( 'NONE',  ( 0.000000000000000000, 0.000000000000000000, 1.000000000000000000 ) ) ;
#174 = FACE_OUTER_BOUND ( 'NONE', #1086, .T. ) ;
#175 = VECTOR ( 'NONE', #2032, 1000.000000000000000 ) ;
#176 = LINE ( 'NONE', #1471, #445 ) ;
#177 = LINE ( 'NONE', #3858, #483 ) ;
#178 = ORIENTED_EDGE ( 'NONE', *, *, #585, .T. ) ;
#179 = CARTESIAN_POINT ( 'NONE',  ( 1.599999999999806466, 6.900000000000074074, 0.8000000000000636602 ) ) ;
#180 = CYLINDRICAL_SURFACE ( 'NONE', #1258, 0.5000000000000007772 ) ;
#181 = LINE ( 'NONE', #884, #4203 ) ;
#182 = EDGE_CURVE ( 'NONE', #1617, #2930, #391, .T. ) ;
#183 = DIRECTION ( 'NONE',  ( 0.000000000000000000, -1.000000000000000000, -3.540251991789403391E-16 ) ) ;
#184 = EDGE_LOOP ( 'NONE', ( #522, #1702, #2538, #3261 ) ) ;
#185 = CARTESIAN_POINT ( 'NONE',  ( -5.450000000000193801, 6.900000000000074074, -1.599999999999938360 ) ) ;
#186 = LINE ( 'NONE', #515, #2624 ) ;
#187 = EDGE_CURVE ( 'NONE', #1117, #1742, #1364, .T. ) ;
#188 = ORIENTED_EDGE ( 'NONE', *, *, #3471, .T. ) ;
#189 = ORIENTED_EDGE ( 'NONE', *, *, #1984, .F. ) ;
#190 = PLANE ( 'NONE',  #2207 ) ;
#191 = ORIENTED_EDGE ( 'NONE', *, *, #982, .F. ) ;
#192 = ORIENTED_EDGE ( 'NONE', *, *, #4277, .F. ) ;
#193 = CIRCLE ( 'NONE', #2504, 0.5000000000000007772 ) ;
#194 = DIRECTION ( 'NONE',  ( 0.000000000000000000, 1.000000000000000000, 3.614007241618348278E-16 ) ) ;
#195 = LINE ( 'NONE', #548, #4295 ) ;
#196 = PLANE ( 'NONE',  #3057 ) ;
#197 = AXIS2_PLACEMENT_3D ( 'NONE', #37, #783, #4049 ) ;
#198 = VERTEX_POINT ( 'NONE', #1832 ) ;
#199 = CARTESIAN_POINT ( 'NONE',  ( -2.500000000000127010, -1.301042606982605321E-15, 1.387778780781445676E-14 ) ) ;
#200 = VECTOR ( 'NONE', #284, 1000.000000000000000 ) ;
#201 = DIRECTION ( 'NONE',  ( -1.000000000000000000, 0.000000000000000000, 0.000000000000000000 ) ) ;
#202 = LINE ( 'NONE', #2811, #844 ) ;
#203 = VECTOR ( 'NONE', #3024, 1000.000000000000000 ) ;
#204 = CARTESIAN_POINT ( 'NONE',  ( -4.000000000000193623, 6.400000000000074074, 0.8000000000000619949 ) ) ;
#205 = ADVANCED_FACE ( 'NONE', ( #1190 ), #3486, .F. ) ;
#206 = VERTEX_POINT ( 'NONE', #1850 ) ;
#207 = CYLINDRICAL_SURFACE ( 'NONE', #3007, 0.5000000000000007772 ) ;
#208 = VECTOR ( 'NONE', #1231, 1000.000000000000000 ) ;
#209 = DIRECTION ( 'NONE',  ( -1.000000000000000000, 0.000000000000000000, 1.381149264312744580E-16 ) ) ;
#210 = VERTEX_POINT ( 'NONE', #3837 ) ;
#211 = ADVANCED_FACE ( 'NONE', ( #1213 ), #490, .F. ) ;
#212 = VERTEX_POINT ( 'NONE', #4187 ) ;
#213 = LINE ( 'NONE', #1555, #2834 ) ;
#214 = ORIENTED_EDGE ( 'NONE', *, *, #2318, .F. ) ;
#215 = ORIENTED_EDGE ( 'NONE', *, *, #2296, .T. ) ;
#216 = EDGE_CURVE ( 'NONE', #378, #4263, #3791, .T. ) ;
#217 = PERSON_AND_ORGANIZATION_ROLE ( 'design_supplier' ) ;
#218 = FACE_OUTER_BOUND ( 'NONE', #1188, .T. ) ;
#219 = CARTESIAN_POINT ( 'NONE',  ( -1.283695372222837250E-13, -1.301042606982605321E-15, -3.903127820947815962E-15 ) ) ;
#220 = FACE_OUTER_BOUND ( 'NONE', #357, .T. ) ;
#221 = ORIENTED_EDGE ( 'NONE', *, *, #3684, .T. ) ;
#222 = DIRECTION ( 'NONE',  ( 1.000000000000000000, 0.000000000000000000, 0.000000000000000000 ) ) ;
#223 = CARTESIAN_POINT ( 'NONE',  ( -3.500000000000193623, 6.400000000000074074, 0.8000000000000619949 ) ) ;
#224 = CARTESIAN_POINT ( 'NONE',  ( -12.50000000000019185, 5.400000000000074962, -0.1999999999998535172 ) ) ;
#225 = LINE ( 'NONE', #3270, #397 ) ;
#226 = ORIENTED_EDGE ( 'NONE', *, *, #2511, .F. ) ;
#227 = FACE_OUTER_BOUND ( 'NONE', #3408, .T. ) ;
#228 = DIRECTION ( 'NONE',  ( 0.000000000000000000, 0.000000000000000000, 1.000000000000000000 ) ) ;
#229 = EDGE_LOOP ( 'NONE', ( #2938, #2123 ) ) ;
#230 = EDGE_LOOP ( 'NONE', ( #2735, #1620, #4155, #2513 ) ) ;
#231 = CARTESIAN_POINT ( 'NONE',  ( -11.50000000000019362, 6.900000000000074074, -3.399999999999935518 ) ) ;
#232 = ORIENTED_EDGE ( 'NONE', *, *, #1507, .T. ) ;
#233 = EDGE_CURVE ( 'NONE', #2676, #2489, #2200, .T. ) ;
#234 = ORIENTED_EDGE ( 'NONE', *, *, #1818, .F. ) ;
#235 = COORDINATED_UNIVERSAL_TIME_OFFSET ( 5, 0, .BEHIND. ) ;
#236 = EDGE_CURVE ( 'NONE', #3897, #990, #3183, .T. ) ;
#237 = CARTESIAN_POINT ( 'NONE',  ( 1.599999999999806466, 6.900000000000074074, -1.599999999999938360 ) ) ;
#238 = CARTESIAN_POINT ( 'NONE',  ( -12.05000000000019433, 6.400000000000075850, -1.599999999999938582 ) ) ;
#239 = AXIS2_PLACEMENT_3D ( 'NONE', #4226, #587, #1232 ) ;
#240 = EDGE_CURVE ( 'NONE', #2515, #4003, #2480, .T. ) ;
#241 = ORIENTED_EDGE ( 'NONE', *, *, #3926, .F. ) ;
#242 = VECTOR ( 'NONE', #3031, 1000.000000000000000 ) ;
#243 = CARTESIAN_POINT ( 'NONE',  ( 1.599999999999806466, 6.100000000000074252, -3.399999999999935518 ) ) ;
#244 = CARTESIAN_POINT ( 'NONE',  ( -11.00000000000019362, 6.400000000000074074, 0.8000000000000619949 ) ) ;
#245 = LINE ( 'NONE', #1317, #2201 ) ;
#246 = CARTESIAN_POINT ( 'NONE',  ( -12.20000000000019291, 6.900000000000074074, 2.300000000000063327 ) ) ;
#247 = ORIENTED_EDGE ( 'NONE', *, *, #1762, .F. ) ;
#248 = CARTESIAN_POINT ( 'NONE',  ( -1.283695372222837250E-13, -1.414213562373098254, -3.903127820947815962E-15 ) ) ;
#249 = ORIENTED_EDGE ( 'NONE', *, *, #1418, .F. ) ;
#250 = ORIENTED_EDGE ( 'NONE', *, *, #2243, .T. ) ;
#251 = LINE ( 'NONE', #567, #2411 ) ;
#252 = VERTEX_POINT ( 'NONE', #3510 ) ;
#253 = ORIENTED_EDGE ( 'NONE', *, *, #1525, .T. ) ;
#254 = EDGE_CURVE ( 'NONE', #1288, #3668, #1803, .T. ) ;
#255 = LINE ( 'NONE', #1596, #3918 ) ;
#256 = CARTESIAN_POINT ( 'NONE',  ( -2.500000000000127010, -1.414213562373098254, -0.4999999999999868994 ) ) ;
#257 = ORIENTED_EDGE ( 'NONE', *, *, #821, .T. ) ;
#258 = CIRCLE ( 'NONE', #58, 0.5000000000000007772 ) ;
#259 = CARTESIAN_POINT ( 'NONE',  ( -2.050000000000193001, 6.400000000000075850, -1.599999999999938582 ) ) ;
#260 = EDGE_CURVE ( 'NONE', #1812, #1986, #883, .T. ) ;
#261 = DIRECTION ( 'NONE',  ( 0.000000000000000000, 1.000000000000000000, 3.540251991789403391E-16 ) ) ;
#262 = VECTOR ( 'NONE', #3724, 1000.000000000000000 ) ;
#263 = CARTESIAN_POINT ( 'NONE',  ( -3.500000000000193623, 6.400000000000075850, -1.599999999999938582 ) ) ;
#264 = VECTOR ( 'NONE', #3227, 1000.000000000000000 ) ;
#265 = DIRECTION ( 'NONE',  ( 0.000000000000000000, 0.000000000000000000, 1.000000000000000000 ) ) ;
#266 = ADVANCED_FACE ( 'NONE', ( #2458 ), #3532, .F. ) ;
#267 = ORIENTED_EDGE ( 'NONE', *, *, #3817, .T. ) ;
#268 = LINE ( 'NONE', #947, #698 ) ;
#269 = VECTOR ( 'NONE', #1023, 1000.000000000000000 ) ;
#270 = ORIENTED_EDGE ( 'NONE', *, *, #1079, .F. ) ;
#271 = AXIS2_PLACEMENT_3D ( 'NONE', #4250, #1257, #943 ) ;
#272 = EDGE_LOOP ( 'NONE', ( #4090, #644 ) ) ;
#273 = VECTOR ( 'NONE', #1680, 1000.000000000000000 ) ;
#274 = VECTOR ( 'NONE', #1298, 1000.000000000000114 ) ;
#275 = DIRECTION ( 'NONE',  ( -0.000000000000000000, 1.000000000000000000, 3.614007241618348278E-16 ) ) ;
#276 = ORIENTED_EDGE ( 'NONE', *, *, #534, .T. ) ;
#277 = EDGE_LOOP ( 'NONE', ( #685, #3728, #313, #4125 ) ) ;
#278 = VECTOR ( 'NONE', #3706, 1000.000000000000000 ) ;
#279 = PLANE ( 'NONE',  #1744 ) ;
#280 = AXIS2_PLACEMENT_3D ( 'NONE', #2695, #4033, #1028 ) ;
#281 = LINE ( 'NONE', #238, #588 ) ;
#282 = VERTEX_POINT ( 'NONE', #223 ) ;
#283 = ADVANCED_FACE ( 'NONE', ( #532 ), #180, .F. ) ;
#284 = DIRECTION ( 'NONE',  ( 1.000000000000000000, 0.000000000000000000, 0.000000000000000000 ) ) ;
#285 = CARTESIAN_POINT ( 'NONE',  ( -12.95000000000019469, 6.400000000000075850, -1.599999999999938582 ) ) ;
#286 = CARTESIAN_POINT ( 'NONE',  ( -12.95000000000019469, 6.400000000000075850, -1.599999999999938582 ) ) ;
#287 = EDGE_CURVE ( 'NONE', #2729, #1567, #2851, .T. ) ;
#288 = DIRECTION ( 'NONE',  ( 0.8660254037844362651, 0.000000000000000000, 0.5000000000000042188 ) ) ;
#289 = CARTESIAN_POINT ( 'NONE',  ( -5.000000000000191847, 5.400000000000074962, 0.6000000000000971223 ) ) ;
#290 = LINE ( 'NONE', #2004, #4199 ) ;
#291 = EDGE_LOOP ( 'NONE', ( #3562, #1860, #4204, #4108 ) ) ;
#292 = ADVANCED_FACE ( 'NONE', ( #462 ), #136, .F. ) ;
#293 = CYLINDRICAL_SURFACE ( 'NONE', #3271, 0.8000000000000025979 ) ;
#294 = ORIENTED_EDGE ( 'NONE', *, *, #236, .T. ) ;
#295 = CARTESIAN_POINT ( 'NONE',  ( -9.550000000000194333, 6.400000000000075850, -2.099999999999938360 ) ) ;
#296 = ORIENTED_EDGE ( 'NONE', *, *, #3476, .F. ) ;
#297 = ORIENTED_EDGE ( 'NONE', *, *, #2757, .T. ) ;
#298 = PLANE ( 'NONE',  #2306 ) ;
#299 = AXIS2_PLACEMENT_3D ( 'NONE', #2346, #3655, #656 ) ;
#300 = LINE ( 'NONE', #2564, #3383 ) ;
#301 = ORIENTED_EDGE ( 'NONE', *, *, #3600, .T. ) ;
#302 = FACE_OUTER_BOUND ( 'NONE', #1589, .T. ) ;
#303 = DIRECTION ( 'NONE',  ( 0.08662961636484224626, 0.9962405881956829523, 0.000000000000000000 ) ) ;
#304 = AXIS2_PLACEMENT_3D ( 'NONE', #12, #2075, #3691 ) ;
#305 = DIRECTION ( 'NONE',  ( 0.000000000000000000, 1.000000000000000000, 3.540251991789403391E-16 ) ) ;
#306 = LINE ( 'NONE', #889, #440 ) ;
#307 = DIRECTION ( 'NONE',  ( 0.000000000000000000, 1.000000000000000000, 0.000000000000000000 ) ) ;
#308 = DIRECTION ( 'NONE',  ( -0.000000000000000000, 1.000000000000000000, 3.614007241618348278E-16 ) ) ;
#310 = EDGE_CURVE ( 'NONE', #2560, #1903, #3163, .T. ) ;
#309 = PLANE ( 'NONE',  #2173 ) ;
#311 = ORIENTED_EDGE ( 'NONE', *, *, #1206, .F. ) ;
#312 = FACE_BOUND ( 'NONE', #272, .T. ) ;
#313 = ORIENTED_EDGE ( 'NONE', *, *, #667, .F. ) ;
#314 = EDGE_CURVE ( 'NONE', #1117, #3860, #1544, .T. ) ;
#315 = DIRECTION ( 'NONE',  ( -0.000000000000000000, -1.770125995894702188E-16, 1.000000000000000000 ) ) ;
#316 = ORIENTED_EDGE ( 'NONE', *, *, #4297, .T. ) ;
#317 = ORIENTED_EDGE ( 'NONE', *, *, #2598, .T. ) ;
#318 = CARTESIAN_POINT ( 'NONE',  ( -0.4500000000001933009, 6.400000000000075850, -1.599999999999938582 ) ) ;
#319 = DIRECTION ( 'NONE',  ( 0.000000000000000000, 0.000000000000000000, -1.000000000000000000 ) ) ;
#320 = ORIENTED_EDGE ( 'NONE', *, *, #1697, .T. ) ;
#321 = CARTESIAN_POINT ( 'NONE',  ( -2.882050807569068951, 1.900000000000073630, -1.599999999999935252 ) ) ;
#322 = FACE_OUTER_BOUND ( 'NONE', #2298, .T. ) ;
#323 = DIRECTION ( 'NONE',  ( 1.000000000000000000, 0.000000000000000000, 2.837848136965480861E-16 ) ) ;
#324 = CARTESIAN_POINT ( 'NONE',  ( -2.950000000000193356, 6.400000000000075850, -1.599999999999938582 ) ) ;
#325 = CARTESIAN_POINT ( 'NONE',  ( -9.550000000000194333, 6.900000000000074074, -1.599999999999938360 ) ) ;
#326 = VECTOR ( 'NONE', #1166, 1000.000000000000000 ) ;
#327 = VERTEX_POINT ( 'NONE', #2153 ) ;
#328 = CARTESIAN_POINT ( 'NONE',  ( -10.38205080756906895, 1.900000000000073630, -1.599999999999935252 ) ) ;
#329 = VERTEX_POINT ( 'NONE', #1141 ) ;
#330 = AXIS2_PLACEMENT_3D ( 'NONE', #2979, #4314, #2778 ) ;
#331 = ADVANCED_FACE ( 'NONE', ( #3463 ), #1496, .F. ) ;
#332 = LINE ( 'NONE', #2371, #1024 ) ;
#333 = ORIENTED_EDGE ( 'NONE', *, *, #3258, .F. ) ;
#334 = FACE_OUTER_BOUND ( 'NONE', #1754, .T. ) ;
#335 = EDGE_LOOP ( 'NONE', ( #3147, #171 ) ) ;
#336 = EDGE_LOOP ( 'NONE', ( #1683, #1093 ) ) ;
#337 = EDGE_CURVE ( 'NONE', #1146, #1117, #3925, .T. ) ;
#338 = VECTOR ( 'NONE', #3116, 1000.000000000000000 ) ;
#339 = CARTESIAN_POINT ( 'NONE',  ( -4.550000000000193445, 6.900000000000074074, -3.399999999999935518 ) ) ;
#340 = CARTESIAN_POINT ( 'NONE',  ( -13.50000000000019362, 6.400000000000075850, -1.599999999999938582 ) ) ;
#341 = VECTOR ( 'NONE', #1927, 1000.000000000000000 ) ;
#342 = ORIENTED_EDGE ( 'NONE', *, *, #1843, .F. ) ;
#343 = EDGE_CURVE ( 'NONE', #356, #1032, #635, .T. ) ;
#345 = VECTOR ( 'NONE', #2677, 1000.000000000000000 ) ;
#344 = DIRECTION ( 'NONE',  ( 0.9659258262890701996, -0.000000000000000000, 0.2588190451025139671 ) ) ;
#346 = CARTESIAN_POINT ( 'NONE',  ( -10.00000000000019362, 5.400000000000074962, -0.9999999999998736566 ) ) ;
#347 = FACE_BOUND ( 'NONE', #2790, .T. ) ;
#348 = LINE ( 'NONE', #3234, #649 ) ;
#349 = DIRECTION ( 'NONE',  ( -1.000000000000000000, -0.000000000000000000, -0.000000000000000000 ) ) ;
#350 = DIRECTION ( 'NONE',  ( 1.000000000000000000, 0.000000000000000000, 0.000000000000000000 ) ) ;
#351 = DIRECTION ( 'NONE',  ( -0.000000000000000000, -1.000000000000000000, -0.000000000000000000 ) ) ;
#352 = CARTESIAN_POINT ( 'NONE',  ( 1.599999999999806466, 6.900000000000074074, -1.599999999999938360 ) ) ;
#353 = EDGE_LOOP ( 'NONE', ( #879, #3106, #2057, #2416 ) ) ;
#354 = EDGE_CURVE ( 'NONE', #1146, #1961, #1976, .T. ) ;
#355 = LINE ( 'NONE', #707, #242 ) ;
#356 = VERTEX_POINT ( 'NONE', #3611 ) ;
#357 = EDGE_LOOP ( 'NONE', ( #3540, #3059 ) ) ;
#358 = LINE ( 'NONE', #1371, #2800 ) ;
#359 = CARTESIAN_POINT ( 'NONE',  ( 1.599999999999806466, 6.900000000000074074, 0.8000000000000636602 ) ) ;
#360 = EDGE_CURVE ( 'NONE', #1567, #3566, #923, .T. ) ;
#361 = ORIENTED_EDGE ( 'NONE', *, *, #821, .F. ) ;
#362 = ORIENTED_EDGE ( 'NONE', *, *, #3738, .F. ) ;
#363 = LINE ( 'NONE', #2425, #682 ) ;
#364 = FACE_OUTER_BOUND ( 'NONE', #1529, .T. ) ;
#365 = DIRECTION ( 'NONE',  ( -0.000000000000000000, 1.000000000000000000, 3.614007241618348278E-16 ) ) ;
#366 = EDGE_CURVE ( 'NONE', #3916, #2471, #3592, .T. ) ;
#367 = CARTESIAN_POINT ( 'NONE',  ( -2.117949192431308081, 1.900000000000073630, -1.599999999999934808 ) ) ;
#368 = AXIS2_PLACEMENT_3D ( 'NONE', #1774, #2043, #4028 ) ;
#369 = FACE_OUTER_BOUND ( 'NONE', #498, .T. ) ;
#370 = CARTESIAN_POINT ( 'NONE',  ( 1.599999999999806466, 3.450000000000073896, 1.500000000000061950 ) ) ;
#371 = FACE_OUTER_BOUND ( 'NONE', #184, .T. ) ;
#372 = VECTOR ( 'NONE', #81, 1000.000000000000000 ) ;
#373 = DIRECTION ( 'NONE',  ( -0.000000000000000000, 6.240012503513693999E-17, 1.000000000000000000 ) ) ;
#374 = ORIENTED_EDGE ( 'NONE', *, *, #2252, .F. ) ;
#375 = AXIS2_PLACEMENT_3D ( 'NONE', #3953, #1306, #951 ) ;
#376 = DIRECTION ( 'NONE',  ( 0.000000000000000000, 3.540251991789403391E-16, -1.000000000000000000 ) ) ;
#377 = ORIENTED_EDGE ( 'NONE', *, *, #1206, .T. ) ;
#378 = VERTEX_POINT ( 'NONE', #2651 ) ;
#379 = DIRECTION ( 'NONE',  ( 0.000000000000000000, 1.000000000000000000, 0.000000000000000000 ) ) ;
#380 = PLANE ( 'NONE',  #3877 ) ;
#381 = ORIENTED_EDGE ( 'NONE', *, *, #4040, .T. ) ;
#382 = VERTEX_POINT ( 'NONE', #4275 ) ;
#383 = EDGE_CURVE ( 'NONE', #2053, #4193, #2609, .T. ) ;
#384 = CARTESIAN_POINT ( 'NONE',  ( -1.000000000000193401, 6.900000000000074074, 0.8000000000000619949 ) ) ;
#385 = CARTESIAN_POINT ( 'NONE',  ( -10.00000000000019362, 5.400000000000074962, 0.6000000000001317613 ) ) ;
#386 = LINE ( 'NONE', #3414, #3803 ) ;
#387 = LINE ( 'NONE', #2691, #269 ) ;
#388 = EDGE_CURVE ( 'NONE', #212, #2515, #3575, .T. ) ;
#389 = EDGE_CURVE ( 'NONE', #3491, #4193, #2630, .T. ) ;
#390 = CARTESIAN_POINT ( 'NONE',  ( -2.882050807569068951, 1.900000000000073630, -1.599999999999935252 ) ) ;
#391 = LINE ( 'NONE', #2348, #203 ) ;
#392 = CARTESIAN_POINT ( 'NONE',  ( -13.00000000000019362, 3.450000000000073896, 2.300000000000063327 ) ) ;
#393 = VECTOR ( 'NONE', #2082, 1000.000000000000000 ) ;
#394 = ADVANCED_FACE ( 'NONE', ( #3652 ), #1583, .F. ) ;
#395 = FACE_OUTER_BOUND ( 'NONE', #1369, .T. ) ;
#396 = ORIENTED_EDGE ( 'NONE', *, *, #3555, .T. ) ;
#398 = CARTESIAN_POINT ( 'NONE',  ( -13.15000000000019398, 1.900000000000073630, -2.599999999999935252 ) ) ;
#397 = VECTOR ( 'NONE', #3557, 1000.000000000000000 ) ;
#399 = ORIENTED_EDGE ( 'NONE', *, *, #158, .F. ) ;
#400 = VERTEX_POINT ( 'NONE', #3267 ) ;
#401 = ADVANCED_FACE ( 'NONE', ( #4232 ), #2590, .F. ) ;
#402 = AXIS2_PLACEMENT_3D ( 'NONE', #3390, #3759, #3433 ) ;
#403 = CARTESIAN_POINT ( 'NONE',  ( 2.399999999999784084, 12.10000000000007425, -0.4881197846482434599 ) ) ;
#404 = CARTESIAN_POINT ( 'NONE',  ( -13.00000000000019362, 3.450000000000073896, 1.500000000000062839 ) ) ;
#405 = EDGE_LOOP ( 'NONE', ( #651, #2902, #3609, #472 ) ) ;
#406 = CC_DESIGN_SECURITY_CLASSIFICATION ( #2300, ( #3693 ) ) ;
#407 = ORIENTED_EDGE ( 'NONE', *, *, #3738, .T. ) ;
#408 = VECTOR ( 'NONE', #789, 1000.000000000000000 ) ;
#409 = CARTESIAN_POINT ( 'NONE',  ( -2.500000000000192291, 5.400000000000074962, -0.1999999999999233224 ) ) ;
#410 = CIRCLE ( 'NONE', #838, 0.4999999999999998890 ) ;
#411 = FACE_OUTER_BOUND ( 'NONE', #2190, .T. ) ;
#412 = ADVANCED_FACE ( 'NONE', ( #1237 ), #654, .F. ) ;
#413 = DIRECTION ( 'NONE',  ( 0.000000000000000000, 1.000000000000000000, 0.000000000000000000 ) ) ;
#414 = ORIENTED_EDGE ( 'NONE', *, *, #2945, .F. ) ;
#415 = VECTOR ( 'NONE', #3930, 1000.000000000000000 ) ;
#416 = LINE ( 'NONE', #1755, #1026 ) ;
#417 = DIRECTION ( 'NONE',  ( -0.000000000000000000, -1.000000000000000000, 2.312964634635742957E-16 ) ) ;
#418 = CARTESIAN_POINT ( 'NONE',  ( -7.882050807569068951, 1.900000000000073630, -1.599999999999935252 ) ) ;
#419 = VECTOR ( 'NONE', #2202, 1000.000000000000000 ) ;
#420 = EDGE_CURVE ( 'NONE', #2168, #507, #1997, .T. ) ;
#421 = DIRECTION ( 'NONE',  ( -0.000000000000000000, -1.000000000000000000, -3.540251991789403391E-16 ) ) ;
#422 = EDGE_CURVE ( 'NONE', #3474, #2706, #2440, .T. ) ;
#423 = ORIENTED_EDGE ( 'NONE', *, *, #1413, .T. ) ;
#424 = DIRECTION ( 'NONE',  ( 0.000000000000000000, 1.000000000000000000, 3.614007241618348278E-16 ) ) ;
#425 = ADVANCED_FACE ( 'NONE', ( #611 ), #1955, .F. ) ;
#426 = EDGE_LOOP ( 'NONE', ( #1138, #3658, #940, #1099 ) ) ;
#427 = ORIENTED_EDGE ( 'NONE', *, *, #3608, .T. ) ;
#428 = DIRECTION ( 'NONE',  ( 0.000000000000000000, 1.000000000000000000, 0.000000000000000000 ) ) ;
#429 = CARTESIAN_POINT ( 'NONE',  ( -8.150000000000193978, 1.900000000000073630, -2.599999999999935252 ) ) ;
#430 = ORIENTED_EDGE ( 'NONE', *, *, #3236, .F. ) ;
#431 = LINE ( 'NONE', #128, #52 ) ;
#432 = CARTESIAN_POINT ( 'NONE',  ( -2.050000000000193001, 6.400000000000075850, -2.099999999999938360 ) ) ;
#433 = FACE_BOUND ( 'NONE', #1352, .T. ) ;
#434 = DIRECTION ( 'NONE',  ( 0.000000000000000000, 0.000000000000000000, 1.000000000000000000 ) ) ;
#435 = VERTEX_POINT ( 'NONE', #2959 ) ;
#436 = APPROVAL ( #1182, 'UNSPECIFIED' ) ;
#437 = LINE ( 'NONE', #4118, #4038 ) ;
#438 = CARTESIAN_POINT ( 'NONE',  ( -4.617949192431308525, -1.301042606982605321E-15, -1.599999999999935030 ) ) ;
#439 = LINE ( 'NONE', #2765, #3496 ) ;
#440 = VECTOR ( 'NONE', #209, 1000.000000000000000 ) ;
#441 = LINE ( 'NONE', #3424, #2293 ) ;
#442 = EDGE_CURVE ( 'NONE', #2229, #2698, #2980, .T. ) ;
#443 = ORIENTED_EDGE ( 'NONE', *, *, #254, .T. ) ;
#444 = LINE ( 'NONE', #1126, #1546 ) ;
#445 = VECTOR ( 'NONE', #3876, 1000.000000000000000 ) ;
#446 = CARTESIAN_POINT ( 'NONE',  ( -8.500000000000193623, 6.900000000000074074, -1.599999999999938360 ) ) ;
#447 = ORIENTED_EDGE ( 'NONE', *, *, #1974, .T. ) ;
#448 = ORIENTED_EDGE ( 'NONE', *, *, #614, .T. ) ;
#449 = VECTOR ( 'NONE', #1347, 1000.000000000000000 ) ;
#450 = EDGE_CURVE ( 'NONE', #1590, #1013, #1913, .T. ) ;
#451 = CARTESIAN_POINT ( 'NONE',  ( -6.500000000000192735, 6.400000000000075850, 0.8000000000000627720 ) ) ;
#452 = DIRECTION ( 'NONE',  ( 0.8660254037844361541, 8.850629979473586130E-17, -0.5000000000000042188 ) ) ;
#453 = EDGE_LOOP ( 'NONE', ( #2754, #2120, #873, #226 ) ) ;
#454 = ORIENTED_EDGE ( 'NONE', *, *, #74, .F. ) ;
#455 = VECTOR ( 'NONE', #1127, 1000.000000000000000 ) ;
#456 = DIRECTION ( 'NONE',  ( -0.08662961636484246830, 0.9962405881956829523, -2.504640487049266987E-16 ) ) ;
#457 = CARTESIAN_POINT ( 'NONE',  ( -8.500000000000193623, 6.400000000000075850, -1.599999999999938582 ) ) ;
#458 = CARTESIAN_POINT ( 'NONE',  ( -10.00000000000012257, -1.414213562373098254, 6.591949208711866959E-14 ) ) ;
#459 = CARTESIAN_POINT ( 'NONE',  ( -14.10000000000019149, 6.100000000000074252, 1.500000000000062839 ) ) ;
#460 = ORIENTED_EDGE ( 'NONE', *, *, #957, .T. ) ;
#461 = FACE_OUTER_BOUND ( 'NONE', #30, .T. ) ;
#462 = FACE_OUTER_BOUND ( 'NONE', #3376, .T. ) ;
#463 = PLANE ( 'NONE',  #2730 ) ;
#464 = ADVANCED_FACE ( 'NONE', ( #902 ), #1002, .F. ) ;
#465 = DIRECTION ( 'NONE',  ( -0.9659258262890679791, 0.000000000000000000, 0.2588190451025220162 ) ) ;
#466 = ORIENTED_EDGE ( 'NONE', *, *, #3626, .T. ) ;
#467 = FACE_OUTER_BOUND ( 'NONE', #3416, .T. ) ;
#468 = CARTESIAN_POINT ( 'NONE',  ( -14.10000000000012577, -1.301042606982605321E-15, 1.549999999999996714 ) ) ;
#469 = ORIENTED_EDGE ( 'NONE', *, *, #1600, .F. ) ;
#470 = EDGE_CURVE ( 'NONE', #2232, #1346, #4339, .T. ) ;
#471 = VECTOR ( 'NONE', #1325, 1000.000000000000000 ) ;
#472 = ORIENTED_EDGE ( 'NONE', *, *, #36, .T. ) ;
#473 = PLANE ( 'NONE',  #2703 ) ;
#474 = AXIS2_PLACEMENT_3D ( 'NONE', #512, #535, #265 ) ;
#475 = CARTESIAN_POINT ( 'NONE',  ( -12.95000000000019469, 6.400000000000075850, -2.099999999999938360 ) ) ;
#476 = EDGE_LOOP ( 'NONE', ( #1653, #3303, #3151, #1152, #1056, #3879, #3730, #3508 ) ) ;
#477 = EDGE_CURVE ( 'NONE', #2954, #1233, #2671, .T. ) ;
#478 = VERTEX_POINT ( 'NONE', #1021 ) ;
#479 = VECTOR ( 'NONE', #723, 1000.000000000000000 ) ;
#480 = COORDINATED_UNIVERSAL_TIME_OFFSET ( 5, 0, .BEHIND. ) ;
#481 = DIRECTION ( 'NONE',  ( 0.000000000000000000, 0.000000000000000000, -1.000000000000000000 ) ) ;
#482 = CARTESIAN_POINT ( 'NONE',  ( -12.05000000000019433, 6.400000000000075850, -1.599999999999938582 ) ) ;
#483 = VECTOR ( 'NONE', #3832, 1000.000000000000000 ) ;
#484 = CARTESIAN_POINT ( 'NONE',  ( -1.283083048823263448E-13, -1.414213562373098254, -0.5000000000000046629 ) ) ;
#485 = CLOSED_SHELL ( 'NONE', ( #283, #4176, #911, #3823, #1260, #4308, #1119, #3451, #3638, #394, #2434, #1729, #3333, #4282, #925, #744, #2421, #1230, #412, #71, #3587, #1060, #1476, #3096, #4095, #1759, #3360, #2040, #2611, #721, #1085, #4111, #92, #2228, #292, #2010, #936, #2567, #464, #3377, #331, #2063, #486, #560, #1309, #1010, #4227, #2188, #1181, #3934, #2456, #3134, #2078, #1630, #1392, #3604, #2968, #2199, #425, #3981, #3504, #3269, #601, #2802, #2142, #3548, #2812, #3742, #855, #401, #205, #15, #2608, #3366, #2164, #1636, #1712, #1498, #1808, #1065, #1902, #3708, #2808, #41, #1682, #2395, #677, #3362, #3264, #2971, #580, #4113, #4198, #3989, #3703, #211, #3184, #1494, #1029, #4089, #3206, #3957, #3735, #4244, #1736, #1979, #1110, #1054, #1314, #3631, #2775, #709, #266, #3656, #1848, #3230, #1267, #4145, #2266, #1792, #3561, #1788, #4190, #3681, #1907, #3535, #2354, #3078, #4166, #796, #857, #2273, #3155, #1693, #1303, #2036, #4140, #1123, #790, #2118, #1175, #4310 ) ) ;
#486 = ADVANCED_FACE ( 'NONE', ( #4092 ), #1404, .F. ) ;
#487 = VERTEX_POINT ( 'NONE', #346 ) ;
#489 = AXIS2_PLACEMENT_3D ( 'NONE', #4294, #3288, #1622 ) ;
#488 = LINE ( 'NONE', #1870, #1101 ) ;
#490 = CYLINDRICAL_SURFACE ( 'NONE', #1466, 0.8000000000000025979 ) ;
#491 = CARTESIAN_POINT ( 'NONE',  ( -7.500000000000124345, 4.499999999999999112, 4.857225732735059864E-14 ) ) ;
#492 = VECTOR ( 'NONE', #3680, 1000.000000000000000 ) ;
#493 = CARTESIAN_POINT ( 'NONE',  ( 1.599999999999806466, 6.100000000000072475, 1.500000000000061284 ) ) ;
#494 = ORIENTED_EDGE ( 'NONE', *, *, #803, .T. ) ;
#495 = VECTOR ( 'NONE', #3398, 1000.000000000000000 ) ;
#496 = FACE_OUTER_BOUND ( 'NONE', #4063, .T. ) ;
#497 = DIRECTION ( 'NONE',  ( -0.2588190451025139671, -0.000000000000000000, 0.9659258262890701996 ) ) ;
#498 = EDGE_LOOP ( 'NONE', ( #407, #2665, #668, #3765 ) ) ;
#499 = ORIENTED_EDGE ( 'NONE', *, *, #2565, .T. ) ;
#500 = LINE ( 'NONE', #475, #27 ) ;
#501 = VERTEX_POINT ( 'NONE', #2385 ) ;
#502 = ORIENTED_EDGE ( 'NONE', *, *, #2327, .F. ) ;
#503 = EDGE_CURVE ( 'NONE', #435, #3169, #1067, .T. ) ;
#504 = CARTESIAN_POINT ( 'NONE',  ( -8.500000000000193623, 6.400000000000075850, -1.599999999999938582 ) ) ;
#505 = DIRECTION ( 'NONE',  ( -1.000000000000000000, -0.000000000000000000, -0.000000000000000000 ) ) ;
#506 = DIRECTION ( 'NONE',  ( 0.000000000000000000, 3.540251991789403391E-16, -1.000000000000000000 ) ) ;
#507 = VERTEX_POINT ( 'NONE', #3698 ) ;
#508 = PLANE ( 'NONE',  #3485 ) ;
#509 = EDGE_CURVE ( 'NONE', #1738, #917, #3019, .T. ) ;
#510 = DIRECTION ( 'NONE',  ( 0.000000000000000000, 1.000000000000000000, 0.000000000000000000 ) ) ;
#511 = CARTESIAN_POINT ( 'NONE',  ( -3.500000000000193623, 6.400000000000075850, -1.599999999999938582 ) ) ;
#512 = CARTESIAN_POINT ( 'NONE',  ( -5.000000000000191847, 6.400000000000074074, -0.1999999999999051148 ) ) ;
#513 = EDGE_LOOP ( 'NONE', ( #4064, #868, #1375, #316 ) ) ;
#514 = LINE ( 'NONE', #1855, #3775 ) ;
#515 = CARTESIAN_POINT ( 'NONE',  ( -11.00000000000019362, 6.400000000000075850, 0.8000000000000619949 ) ) ;
#516 = ORIENTED_EDGE ( 'NONE', *, *, #1234, .F. ) ;
#517 = AXIS2_PLACEMENT_3D ( 'NONE', #263, #984, #2325 ) ;
#518 = VERTEX_POINT ( 'NONE', #718 ) ;
#519 = VECTOR ( 'NONE', #2386, 1000.000000000000000 ) ;
#520 = PLANE ( 'NONE',  #2061 ) ;
#521 = ORIENTED_EDGE ( 'NONE', *, *, #4034, .T. ) ;
#522 = ORIENTED_EDGE ( 'NONE', *, *, #3512, .T. ) ;
#523 = AXIS2_PLACEMENT_3D ( 'NONE', #3921, #3263, #2647 ) ;
#524 = DATE_AND_TIME ( #2539, #754 ) ;
#525 = DIRECTION ( 'NONE',  ( 0.000000000000000000, 1.000000000000000000, 3.614007241618348278E-16 ) ) ;
#526 = VECTOR ( 'NONE', #2253, 1000.000000000000000 ) ;
#527 = PLANE ( 'NONE',  #2684 ) ;
#528 = DIRECTION ( 'NONE',  ( 0.000000000000000000, 0.000000000000000000, -1.000000000000000000 ) ) ;
#529 = ORIENTED_EDGE ( 'NONE', *, *, #3795, .F. ) ;
#530 = EDGE_CURVE ( 'NONE', #710, #1349, #762, .T. ) ;
#531 = CARTESIAN_POINT ( 'NONE',  ( -10.00000000000012257, -1.301042606982605321E-15, -0.4999999999999339972 ) ) ;
#532 = FACE_OUTER_BOUND ( 'NONE', #2163, .T. ) ;
#533 = DIRECTION ( 'NONE',  ( 0.000000000000000000, 1.000000000000000000, 3.540251991789403391E-16 ) ) ;
#534 = EDGE_CURVE ( 'NONE', #3936, #852, #2427, .T. ) ;
#535 = DIRECTION ( 'NONE',  ( 0.000000000000000000, 1.000000000000000000, 3.614007241618348278E-16 ) ) ;
#536 = ORIENTED_EDGE ( 'NONE', *, *, #2692, .F. ) ;
#537 = CARTESIAN_POINT ( 'NONE',  ( -10.00000000000019362, 5.400000000000074962, -0.1999999999998708644 ) ) ;
#538 = DIRECTION ( 'NONE',  ( -0.000000000000000000, -1.000000000000000000, -0.000000000000000000 ) ) ;
#539 = ORIENTED_EDGE ( 'NONE', *, *, #4253, .F. ) ;
#540 = EDGE_CURVE ( 'NONE', #144, #252, #2042, .T. ) ;
#541 = ORIENTED_EDGE ( 'NONE', *, *, #3848, .T. ) ;
#542 = CARTESIAN_POINT ( 'NONE',  ( -2.117949192431308081, -1.301042606982605321E-15, -1.599999999999935030 ) ) ;
#543 = ORIENTED_EDGE ( 'NONE', *, *, #1520, .F. ) ;
#544 = VERTEX_POINT ( 'NONE', #2710 ) ;
#545 = AXIS2_PLACEMENT_3D ( 'NONE', #3251, #1897, #886 ) ;
#546 = APPLICATION_PROTOCOL_DEFINITION ( 'international standard', 'config_control_design', 1994, #3650 ) ;
#547 = LINE ( 'NONE', #1909, #1113 ) ;
#548 = CARTESIAN_POINT ( 'NONE',  ( 0.3820508075686916971, 1.900000000000073630, -1.599999999999935252 ) ) ;
#549 = DIRECTION ( 'NONE',  ( -0.2588190451025139671, -0.000000000000000000, 0.9659258262890701996 ) ) ;
#550 =( GEOMETRIC_REPRESENTATION_CONTEXT ( 3 ) GLOBAL_UNCERTAINTY_ASSIGNED_CONTEXT ( ( #2773 ) ) GLOBAL_UNIT_ASSIGNED_CONTEXT ( ( #2709, #2845, #1864 ) ) REPRESENTATION_CONTEXT ( 'NONE', 'WORKASPACE' ) );
#551 = ORIENTED_EDGE ( 'NONE', *, *, #3417, .T. ) ;
#552 = CARTESIAN_POINT ( 'NONE',  ( -6.500000000000192735, 6.400000000000074074, 0.8000000000000619949 ) ) ;
#553 = DIRECTION ( 'NONE',  ( 0.000000000000000000, 0.000000000000000000, -1.000000000000000000 ) ) ;
#554 = CARTESIAN_POINT ( 'NONE',  ( 0.4999999999998078759, 1.000000000000074607, 2.300000000000063327 ) ) ;
#555 = AXIS2_PLACEMENT_3D ( 'NONE', #2942, #2280, #574 ) ;
#556 = VECTOR ( 'NONE', #1957, 1000.000000000000000 ) ;
#557 = CARTESIAN_POINT ( 'NONE',  ( -6.250000000000127010, 4.499999999999999112, -3.035766082959412415E-15 ) ) ;
#558 = EDGE_LOOP ( 'NONE', ( #2213, #4326, #1407, #1989 ) ) ;
#560 = ADVANCED_FACE ( 'NONE', ( #2406 ), #38, .F. ) ;
#559 = LINE ( 'NONE', #2574, #841 ) ;
#561 = AXIS2_PLACEMENT_3D ( 'NONE', #1490, #1445, #2824 ) ;
#562 = LINE ( 'NONE', #3888, #1783 ) ;
#563 = ORIENTED_EDGE ( 'NONE', *, *, #1547, .T. ) ;
#564 = AXIS2_PLACEMENT_3D ( 'NONE', #2903, #2160, #1147 ) ;
#565 = ORIENTED_EDGE ( 'NONE', *, *, #4034, .F. ) ;
#566 = EDGE_CURVE ( 'NONE', #3522, #1785, #3369, .T. ) ;
#567 = CARTESIAN_POINT ( 'NONE',  ( 1.599999999999872413, -1.301042606982605321E-15, -2.550000000000004707 ) ) ;
#568 = VERTEX_POINT ( 'NONE', #3392 ) ;
#569 = ORIENTED_EDGE ( 'NONE', *, *, #2511, .T. ) ;
#570 = CARTESIAN_POINT ( 'NONE',  ( 0.9999999999998065991, 6.900000000000074074, -1.599999999999938360 ) ) ;
#571 = CARTESIAN_POINT ( 'NONE',  ( -7.050000000000193445, 6.900000000000074074, -1.599999999999938360 ) ) ;
#572 = ORIENTED_EDGE ( 'NONE', *, *, #3515, .F. ) ;
#573 = CARTESIAN_POINT ( 'NONE',  ( -2.500000000000127010, -1.301042606982605321E-15, 0.5000000000000146549 ) ) ;
#574 = DIRECTION ( 'NONE',  ( 0.000000000000000000, 0.000000000000000000, 1.000000000000000000 ) ) ;
#575 = CARTESIAN_POINT ( 'NONE',  ( -9.550000000000194333, 6.400000000000075850, -1.599999999999938360 ) ) ;
#576 = PLANE ( 'NONE',  #3553 ) ;
#577 = ORIENTED_EDGE ( 'NONE', *, *, #4083, .F. ) ;
#578 = CARTESIAN_POINT ( 'NONE',  ( -7.117949192431307637, 1.900000000000073630, -1.599999999999935030 ) ) ;
#579 = ORIENTED_EDGE ( 'NONE', *, *, #4004, .F. ) ;
#580 = ADVANCED_FACE ( 'NONE', ( #364 ), #3675, .T. ) ;
#581 = VERTEX_POINT ( 'NONE', #385 ) ;
#582 = DIRECTION ( 'NONE',  ( -1.000000000000000000, 0.000000000000000000, 0.000000000000000000 ) ) ;
#583 = ORIENTED_EDGE ( 'NONE', *, *, #4010, .F. ) ;
#584 = ORIENTED_EDGE ( 'NONE', *, *, #3600, .F. ) ;
#585 = EDGE_CURVE ( 'NONE', #2706, #3474, #1958, .T. ) ;
#586 = FACE_OUTER_BOUND ( 'NONE', #1995, .T. ) ;
#587 = DIRECTION ( 'NONE',  ( 0.000000000000000000, 3.540251991789403391E-16, -1.000000000000000000 ) ) ;
#588 = VECTOR ( 'NONE', #319, 1000.000000000000000 ) ;
#589 = ORIENTED_EDGE ( 'NONE', *, *, #980, .T. ) ;
#590 = VECTOR ( 'NONE', #2910, 1000.000000000000000 ) ;
#591 = CARTESIAN_POINT ( 'NONE',  ( -7.117949192431307637, -1.301042606982605321E-15, -1.599999999999935252 ) ) ;
#592 = DIRECTION ( 'NONE',  ( 0.000000000000000000, 3.540251991789403391E-16, -1.000000000000000000 ) ) ;
#593 = LINE ( 'NONE', #963, #1500 ) ;
#594 = DIRECTION ( 'NONE',  ( -0.9962405881956829523, -0.08662961636484224626, 0.000000000000000000 ) ) ;
#595 = PLANE ( 'NONE',  #620 ) ;
#596 = CARTESIAN_POINT ( 'NONE',  ( -1.283083048823263448E-13, 4.499999999999999112, -0.5000000000000046629 ) ) ;
#597 = EDGE_CURVE ( 'NONE', #2916, #435, #2031, .T. ) ;
#598 = EDGE_CURVE ( 'NONE', #3293, #4197, #410, .T. ) ;
#599 = ORIENTED_EDGE ( 'NONE', *, *, #2645, .F. ) ;
#600 = ORIENTED_EDGE ( 'NONE', *, *, #4029, .T. ) ;
#601 = ADVANCED_FACE ( 'NONE', ( #322 ), #1663, .F. ) ;
#602 = DIRECTION ( 'NONE',  ( 0.000000000000000000, 0.000000000000000000, 1.000000000000000000 ) ) ;
#603 = EDGE_LOOP ( 'NONE', ( #626, #1879, #1269, #3796 ) ) ;
#604 = ORIENTED_EDGE ( 'NONE', *, *, #759, .F. ) ;
#605 = CARTESIAN_POINT ( 'NONE',  ( -1.500000000000193845, 6.400000000000074074, -1.599999999999938582 ) ) ;
#606 = CARTESIAN_POINT ( 'NONE',  ( -1.283083048823263448E-13, -1.301042606982605321E-15, -0.5000000000000046629 ) ) ;
#607 = EDGE_CURVE ( 'NONE', #282, #2102, #3175, .T. ) ;
#608 = ORIENTED_EDGE ( 'NONE', *, *, #597, .F. ) ;
#609 = VECTOR ( 'NONE', #4325, 1000.000000000000000 ) ;
#610 = DIRECTION ( 'NONE',  ( -0.000000000000000000, -1.000000000000000000, -0.000000000000000000 ) ) ;
#611 = FACE_OUTER_BOUND ( 'NONE', #2660, .T. ) ;
#612 = CIRCLE ( 'NONE', #823, 0.8000000000000025979 ) ;
#613 = CARTESIAN_POINT ( 'NONE',  ( -4.550000000000193445, 6.400000000000075850, -2.099999999999938360 ) ) ;
#614 = EDGE_CURVE ( 'NONE', #749, #2746, #3422, .T. ) ;
#615 = LINE ( 'NONE', #964, #3410 ) ;
#616 = EDGE_LOOP ( 'NONE', ( #3660, #871, #2544, #3801, #253, #1485, #787 ) ) ;
#617 = CARTESIAN_POINT ( 'NONE',  ( 0.4499999999998064437, 6.400000000000075850, -1.599999999999938360 ) ) ;
#618 = VECTOR ( 'NONE', #3753, 1000.000000000000114 ) ;
#619 = VERTEX_POINT ( 'NONE', #2520 ) ;
#620 = AXIS2_PLACEMENT_3D ( 'NONE', #2308, #308, #1648 ) ;
#621 = DIRECTION ( 'NONE',  ( 0.000000000000000000, 0.000000000000000000, 1.000000000000000000 ) ) ;
#622 = VERTEX_POINT ( 'NONE', #1824 ) ;
#623 = AXIS2_PLACEMENT_3D ( 'NONE', #409, #3087, #3760 ) ;
#624 = FACE_OUTER_BOUND ( 'NONE', #3620, .T. ) ;
#625 = EDGE_LOOP ( 'NONE', ( #2740, #3537, #3952, #2882 ) ) ;
#626 = ORIENTED_EDGE ( 'NONE', *, *, #2156, .T. ) ;
#627 = CIRCLE ( 'NONE', #1192, 0.5000000000000007772 ) ;
#628 = EDGE_CURVE ( 'NONE', #914, #329, #2370, .T. ) ;
#629 = CARTESIAN_POINT ( 'NONE',  ( -8.136602540378655490, 1.900000000000073630, -2.550000000000003375 ) ) ;
#630 = VECTOR ( 'NONE', #1545, 1000.000000000000000 ) ;
#631 = CARTESIAN_POINT ( 'NONE',  ( -11.00000000000019362, 6.400000000000074074, 0.8000000000000619949 ) ) ;
#632 = ORIENTED_EDGE ( 'NONE', *, *, #75, .T. ) ;
#633 = EDGE_CURVE ( 'NONE', #2967, #104, #4158, .T. ) ;
#634 = DIRECTION ( 'NONE',  ( 0.000000000000000000, 1.000000000000000000, 0.000000000000000000 ) ) ;
#635 = LINE ( 'NONE', #2919, #2716 ) ;
#636 = FACE_BOUND ( 'NONE', #4221, .T. ) ;
#637 = CARTESIAN_POINT ( 'NONE',  ( -0.8000000000001928901, 6.100000000000072475, 2.300000000000063327 ) ) ;
#638 = EDGE_CURVE ( 'NONE', #2471, #2818, #2779, .T. ) ;
#639 = CARTESIAN_POINT ( 'NONE',  ( -10.45000000000019291, 6.400000000000075850, -1.599999999999938582 ) ) ;
#640 = ORIENTED_EDGE ( 'NONE', *, *, #3795, .T. ) ;
#641 = DIRECTION ( 'NONE',  ( 1.000000000000000000, 0.000000000000000000, 2.837848136965480861E-16 ) ) ;
#642 = ORIENTED_EDGE ( 'NONE', *, *, #3187, .T. ) ;
#643 = PLANE ( 'NONE',  #3140 ) ;
#644 = ORIENTED_EDGE ( 'NONE', *, *, #714, .F. ) ;
#645 = PLANE ( 'NONE',  #1781 ) ;
#646 = ORIENTED_EDGE ( 'NONE', *, *, #4335, .F. ) ;
#647 = VERTEX_POINT ( 'NONE', #1844 ) ;
#648 = LINE ( 'NONE', #3144, #4268 ) ;
#649 = VECTOR ( 'NONE', #1197, 999.9999999999998863 ) ;
#650 = FACE_OUTER_BOUND ( 'NONE', #1656, .T. ) ;
#651 = ORIENTED_EDGE ( 'NONE', *, *, #1172, .T. ) ;
#652 = AXIS2_PLACEMENT_3D ( 'NONE', #86, #2760, #3762 ) ;
#653 = CARTESIAN_POINT ( 'NONE',  ( -6.250000000000127010, 4.499999999999999112, -3.035766082959412415E-15 ) ) ;
#654 = PLANE ( 'NONE',  #4331 ) ;
#655 = PLANE ( 'NONE',  #93 ) ;
#656 = DIRECTION ( 'NONE',  ( 0.000000000000000000, 0.000000000000000000, -1.000000000000000000 ) ) ;
#657 = VECTOR ( 'NONE', #1615, 1000.000000000000000 ) ;
#658 = CARTESIAN_POINT ( 'NONE',  ( -1.934216675714139910E-13, 5.400000000000074962, -0.1999999999999389488 ) ) ;
#659 = VECTOR ( 'NONE', #3351, 1000.000000000000000 ) ;
#660 = CARTESIAN_POINT ( 'NONE',  ( -5.450000000000193801, 6.900000000000074074, -2.099999999999938360 ) ) ;
#661 = CARTESIAN_POINT ( 'NONE',  ( 1.599999999999806466, 6.900000000000074074, 0.8000000000000636602 ) ) ;
#662 = EDGE_CURVE ( 'NONE', #83, #819, #3457, .T. ) ;
#663 = ORIENTED_EDGE ( 'NONE', *, *, #1767, .F. ) ;
#664 = DIRECTION ( 'NONE',  ( 0.000000000000000000, -3.614007241618348278E-16, 1.000000000000000000 ) ) ;
#665 = ORIENTED_EDGE ( 'NONE', *, *, #684, .T. ) ;
#666 = DIRECTION ( 'NONE',  ( -0.000000000000000000, 1.000000000000000000, -0.000000000000000000 ) ) ;
#667 = EDGE_CURVE ( 'NONE', #806, #826, #154, .T. ) ;
#668 = ORIENTED_EDGE ( 'NONE', *, *, #607, .T. ) ;
#669 = ORIENTED_EDGE ( 'NONE', *, *, #4283, .T. ) ;
#670 = DIRECTION ( 'NONE',  ( 0.000000000000000000, 3.540251991789403391E-16, -1.000000000000000000 ) ) ;
#671 = CARTESIAN_POINT ( 'NONE',  ( -9.617949192431309413, 1.900000000000073630, -1.599999999999934808 ) ) ;
#672 = ORIENTED_EDGE ( 'NONE', *, *, #1236, .T. ) ;
#673 = FACE_OUTER_BOUND ( 'NONE', #4069, .T. ) ;
#674 = DIRECTION ( 'NONE',  ( 0.000000000000000000, -3.614007241618348278E-16, 1.000000000000000000 ) ) ;
#675 = CARTESIAN_POINT ( 'NONE',  ( -12.95000000000019469, 6.400000000000075850, -2.099999999999938360 ) ) ;
#676 = CARTESIAN_POINT ( 'NONE',  ( -12.11794919243130941, 1.900000000000073630, -1.599999999999935252 ) ) ;
#677 = ADVANCED_FACE ( 'NONE', ( #3434, #174 ), #2148, .T. ) ;
#678 = DIRECTION ( 'NONE',  ( 1.000000000000000000, 0.000000000000000000, 0.000000000000000000 ) ) ;
#679 = VECTOR ( 'NONE', #2282, 1000.000000000000000 ) ;
#680 = CARTESIAN_POINT ( 'NONE',  ( -10.00000000000012257, 4.499999999999999112, 6.591949208711866959E-14 ) ) ;
#681 = LINE ( 'NONE', #2330, #345 ) ;
#682 = VECTOR ( 'NONE', #717, 1000.000000000000000 ) ;
#683 = DIRECTION ( 'NONE',  ( 0.000000000000000000, 0.000000000000000000, -1.000000000000000000 ) ) ;
#684 = EDGE_CURVE ( 'NONE', #4021, #3687, #1543, .T. ) ;
#685 = ORIENTED_EDGE ( 'NONE', *, *, #3662, .T. ) ;
#686 = AXIS2_PLACEMENT_3D ( 'NONE', #4183, #506, #1846 ) ;
#687 = CARTESIAN_POINT ( 'NONE',  ( -11.70000000000019291, 1.000000000000075051, 1.500000000000062839 ) ) ;
#688 = ORIENTED_EDGE ( 'NONE', *, *, #3241, .T. ) ;
#689 = ORIENTED_EDGE ( 'NONE', *, *, #80, .T. ) ;
#690 = VECTOR ( 'NONE', #2067, 1000.000000000000000 ) ;
#691 = EDGE_CURVE ( 'NONE', #3324, #1829, #1207, .T. ) ;
#692 = DIRECTION ( 'NONE',  ( 0.000000000000000000, 1.000000000000000000, 0.000000000000000000 ) ) ;
#693 = DIRECTION ( 'NONE',  ( 0.000000000000000000, 1.000000000000000000, 0.000000000000000000 ) ) ;
#694 = ORIENTED_EDGE ( 'NONE', *, *, #2993, .T. ) ;
#695 = VECTOR ( 'NONE', #4136, 1000.000000000000000 ) ;
#696 = ORIENTED_EDGE ( 'NONE', *, *, #930, .T. ) ;
#698 = VECTOR ( 'NONE', #351, 1000.000000000000000 ) ;
#697 = FACE_OUTER_BOUND ( 'NONE', #2467, .T. ) ;
#699 = CARTESIAN_POINT ( 'NONE',  ( -7.117949192431307637, 1.900000000000073630, -2.550000000000003375 ) ) ;
#700 = FACE_BOUND ( 'NONE', #3382, .T. ) ;
#701 = LINE ( 'NONE', #1049, #393 ) ;
#702 = LINE ( 'NONE', #2045, #3685 ) ;
#703 = DIRECTION ( 'NONE',  ( 0.000000000000000000, 0.000000000000000000, -1.000000000000000000 ) ) ;
#704 = DIRECTION ( 'NONE',  ( -0.8660254037844362651, 0.000000000000000000, -0.5000000000000042188 ) ) ;
#705 = CARTESIAN_POINT ( 'NONE',  ( -11.00000000000019362, 6.400000000000075850, -1.599999999999938582 ) ) ;
#706 = ORIENTED_EDGE ( 'NONE', *, *, #2366, .T. ) ;
#707 = CARTESIAN_POINT ( 'NONE',  ( -7.500000000000124345, -1.414213562373098254, -0.4999999999999515388 ) ) ;
#708 = VERTEX_POINT ( 'NONE', #432 ) ;
#709 = ADVANCED_FACE ( 'NONE', ( #2194 ), #2804, .T. ) ;
#710 = VERTEX_POINT ( 'NONE', #784 ) ;
#711 = DIRECTION ( 'NONE',  ( -0.000000000000000000, -1.770125995894702188E-16, 1.000000000000000000 ) ) ;
#712 = CARTESIAN_POINT ( 'NONE',  ( -6.500000000000192735, 6.400000000000075850, -1.599999999999938582 ) ) ;
#713 = VERTEX_POINT ( 'NONE', #3199 ) ;
#714 = EDGE_CURVE ( 'NONE', #3687, #4021, #3982, .T. ) ;
#715 = EDGE_CURVE ( 'NONE', #3774, #1044, #2540, .T. ) ;
#716 = ORIENTED_EDGE ( 'NONE', *, *, #2757, .F. ) ;
#717 = DIRECTION ( 'NONE',  ( -0.000000000000000000, -1.000000000000000000, -0.000000000000000000 ) ) ;
#718 = CARTESIAN_POINT ( 'NONE',  ( 1.599999999999872413, 4.699999999999999289, -2.550000000000004707 ) ) ;
#719 = CARTESIAN_POINT ( 'NONE',  ( -7.050000000000193445, 6.400000000000075850, -1.599999999999938582 ) ) ;
#720 = FACE_OUTER_BOUND ( 'NONE', #3365, .T. ) ;
#721 = ADVANCED_FACE ( 'NONE', ( #4207 ), #2496, .F. ) ;
#722 = AXIS2_PLACEMENT_3D ( 'NONE', #458, #1561, #2874 ) ;
#723 = DIRECTION ( 'NONE',  ( -1.000000000000000000, 0.000000000000000000, -0.000000000000000000 ) ) ;
#724 = AXIS2_PLACEMENT_3D ( 'NONE', #4094, #3394, #1359 ) ;
#725 = DIRECTION ( 'NONE',  ( 0.000000000000000000, 0.000000000000000000, 1.000000000000000000 ) ) ;
#726 = LINE ( 'NONE', #2068, #495 ) ;
#727 = PLANE ( 'NONE',  #2783 ) ;
#728 = VERTEX_POINT ( 'NONE', #830 ) ;
#729 = AXIS2_PLACEMENT_3D ( 'NONE', #1968, #582, #1922 ) ;
#730 = CARTESIAN_POINT ( 'NONE',  ( -2.950000000000193801, 6.900000000000074074, -1.599999999999938360 ) ) ;
#731 = ORIENTED_EDGE ( 'NONE', *, *, #2542, .F. ) ;
#732 = VERTEX_POINT ( 'NONE', #3875 ) ;
#733 = CARTESIAN_POINT ( 'NONE',  ( -13.50000000000019362, 6.400000000000075850, -1.599999999999938582 ) ) ;
#734 = EDGE_CURVE ( 'NONE', #732, #749, #3110, .T. ) ;
#735 = CARTESIAN_POINT ( 'NONE',  ( -14.10000000000019149, 6.100000000000077804, 1.500000000000061284 ) ) ;
#736 = ORIENTED_EDGE ( 'NONE', *, *, #3961, .T. ) ;
#737 = CYLINDRICAL_SURFACE ( 'NONE', #402, 0.5000000000000007772 ) ;
#738 = EDGE_CURVE ( 'NONE', #1701, #125, #4114, .T. ) ;
#739 = DIRECTION ( 'NONE',  ( 0.000000000000000000, 0.000000000000000000, 1.000000000000000000 ) ) ;
#740 = CARTESIAN_POINT ( 'NONE',  ( -11.70000000000019291, 6.100000000000072475, 2.300000000000063327 ) ) ;
#741 = CARTESIAN_POINT ( 'NONE',  ( -11.00000000000019362, 6.900000000000074074, -1.599999999999938360 ) ) ;
#742 = ORIENTED_EDGE ( 'NONE', *, *, #3956, .T. ) ;
#743 = CARTESIAN_POINT ( 'NONE',  ( 0.6499999999998069544, 1.900000000000073630, -2.599999999999935252 ) ) ;
#744 = ADVANCED_FACE ( 'NONE', ( #4245 ), #279, .F. ) ;
#745 = DIRECTION ( 'NONE',  ( 0.000000000000000000, 0.000000000000000000, 1.000000000000000000 ) ) ;
#746 = FACE_OUTER_BOUND ( 'NONE', #3782, .T. ) ;
#747 = VECTOR ( 'NONE', #1778, 999.9999999999998863 ) ;
#748 = LINE ( 'NONE', #4100, #4180 ) ;
#749 = VERTEX_POINT ( 'NONE', #2935 ) ;
#751 = DIRECTION ( 'NONE',  ( -0.000000000000000000, 1.000000000000000000, 3.614007241618348278E-16 ) ) ;
#750 = VECTOR ( 'NONE', #3456, 1000.000000000000000 ) ;
#752 = ORIENTED_EDGE ( 'NONE', *, *, #2939, .T. ) ;
#753 = ORIENTED_EDGE ( 'NONE', *, *, #738, .T. ) ;
#754 = LOCAL_TIME ( 19, 53, 55.00000000000000000, #3242 ) ;
#755 = CARTESIAN_POINT ( 'NONE',  ( -1.500000000000193845, 6.900000000000074074, 0.8000000000000627720 ) ) ;
#756 = DIRECTION ( 'NONE',  ( -1.000000000000000000, 0.000000000000000000, 0.000000000000000000 ) ) ;
#757 = ORIENTED_EDGE ( 'NONE', *, *, #240, .F. ) ;
#758 = VERTEX_POINT ( 'NONE', #1273 ) ;
#759 = EDGE_CURVE ( 'NONE', #4082, #329, #955, .T. ) ;
#760 = AXIS2_PLACEMENT_3D ( 'NONE', #2964, #3005, #1981 ) ;
#761 = DIRECTION ( 'NONE',  ( 0.2588190451025210170, 0.000000000000000000, 0.9659258262890680902 ) ) ;
#762 = LINE ( 'NONE', #2362, #2444 ) ;
#763 = VECTOR ( 'NONE', #854, 1000.000000000000000 ) ;
#764 = LINE ( 'NONE', #3435, #3103 ) ;
#765 = CARTESIAN_POINT ( 'NONE',  ( -1.283695372222837250E-13, 4.499999999999999112, -3.903127820947815962E-15 ) ) ;
#766 = EDGE_LOOP ( 'NONE', ( #82, #3999, #2455, #2814, #2770, #466, #1483, #777 ) ) ;
#767 = EDGE_CURVE ( 'NONE', #4163, #1326, #3546, .T. ) ;
#768 = AXIS2_PLACEMENT_3D ( 'NONE', #1690, #2390, #2133 ) ;
#769 = CARTESIAN_POINT ( 'NONE',  ( -14.10000000000012577, -1.301042606982605321E-15, -2.550000000000002487 ) ) ;
#770 = DIRECTION ( 'NONE',  ( 0.000000000000000000, -1.000000000000000000, -1.770125995894702188E-16 ) ) ;
#771 = DIRECTION ( 'NONE',  ( 0.000000000000000000, 0.000000000000000000, 1.000000000000000000 ) ) ;
#772 = EDGE_CURVE ( 'NONE', #1288, #3860, #3282, .T. ) ;
#773 = CARTESIAN_POINT ( 'NONE',  ( -1.283695372222837250E-13, 4.499999999999999112, -3.903127820947815962E-15 ) ) ;
#774 = ORIENTED_EDGE ( 'NONE', *, *, #1332, .T. ) ;
#775 = FACE_OUTER_BOUND ( 'NONE', #1964, .T. ) ;
#776 = DIRECTION ( 'NONE',  ( -0.000000000000000000, -1.000000000000000000, -0.000000000000000000 ) ) ;
#777 = ORIENTED_EDGE ( 'NONE', *, *, #1960, .T. ) ;
#778 = ORIENTED_EDGE ( 'NONE', *, *, #2856, .F. ) ;
#779 = FACE_OUTER_BOUND ( 'NONE', #4047, .T. ) ;
#780 = CARTESIAN_POINT ( 'NONE',  ( -2.500000000000127010, 4.499999999999999112, 1.387778780781445676E-14 ) ) ;
#781 = ORIENTED_EDGE ( 'NONE', *, *, #3423, .F. ) ;
#782 = ORIENTED_EDGE ( 'NONE', *, *, #1385, .T. ) ;
#783 = DIRECTION ( 'NONE',  ( 0.000000000000000000, 1.000000000000000000, 0.000000000000000000 ) ) ;
#784 = CARTESIAN_POINT ( 'NONE',  ( -13.13660254037865549, -1.301042606982605321E-15, -2.550000000000002487 ) ) ;
#785 = DIRECTION ( 'NONE',  ( 0.000000000000000000, 0.000000000000000000, -1.000000000000000000 ) ) ;
#786 = LINE ( 'NONE', #110, #959 ) ;
#787 = ORIENTED_EDGE ( 'NONE', *, *, #509, .T. ) ;
#788 = LINE ( 'NONE', #2066, #3275 ) ;
#789 = DIRECTION ( 'NONE',  ( -0.000000000000000000, -1.770125995894702188E-16, 1.000000000000000000 ) ) ;
#790 = ADVANCED_FACE ( 'NONE', ( #586 ), #2955, .F. ) ;
#791 = CARTESIAN_POINT ( 'NONE',  ( 0.3820508075686916971, -1.301042606982605321E-15, -1.599999999999935030 ) ) ;
#792 = CIRCLE ( 'NONE', #3248, 0.8000000000000019318 ) ;
#793 = DIRECTION ( 'NONE',  ( -0.000000000000000000, -1.000000000000000000, 0.000000000000000000 ) ) ;
#794 = ORIENTED_EDGE ( 'NONE', *, *, #146, .F. ) ;
#796 = ADVANCED_FACE ( 'NONE', ( #3627 ), #1250, .F. ) ;
#795 = DIRECTION ( 'NONE',  ( 1.000000000000000000, 0.000000000000000000, -0.000000000000000000 ) ) ;
#797 = VECTOR ( 'NONE', #3406, 1000.000000000000000 ) ;
#798 = DIRECTION ( 'NONE',  ( -0.000000000000000000, -1.000000000000000000, -3.540251991789403391E-16 ) ) ;
#799 = EDGE_LOOP ( 'NONE', ( #150, #2186, #3340, #1271 ) ) ;
#800 = ORIENTED_EDGE ( 'NONE', *, *, #1677, .F. ) ;
#801 = VECTOR ( 'NONE', #3686, 1000.000000000000000 ) ;
#802 = CARTESIAN_POINT ( 'NONE',  ( -9.550000000000194333, 6.400000000000075850, -1.599999999999938360 ) ) ;
#803 = EDGE_CURVE ( 'NONE', #2333, #1263, #547, .T. ) ;
#804 = DIRECTION ( 'NONE',  ( 0.000000000000000000, 1.000000000000000000, -0.000000000000000000 ) ) ;
#805 = EDGE_LOOP ( 'NONE', ( #4084, #1305, #2316, #3806 ) ) ;
#806 = VERTEX_POINT ( 'NONE', #570 ) ;
#807 = PERSON_AND_ORGANIZATION ( #2460, #1598 ) ;
#808 = CARTESIAN_POINT ( 'NONE',  ( -1.500000000000193845, 6.400000000000074074, -1.599999999999938582 ) ) ;
#809 = LINE ( 'NONE', #1136, #1000 ) ;
#810 = DIRECTION ( 'NONE',  ( -0.000000000000000000, 1.000000000000000000, -0.000000000000000000 ) ) ;
#811 = ORIENTED_EDGE ( 'NONE', *, *, #2426, .T. ) ;
#812 = PLANE ( 'NONE',  #1535 ) ;
#813 = DIRECTION ( 'NONE',  ( 0.000000000000000000, 1.000000000000000000, 0.000000000000000000 ) ) ;
#814 = FACE_OUTER_BOUND ( 'NONE', #1863, .T. ) ;
#815 = CARTESIAN_POINT ( 'NONE',  ( -1.925543058334255875E-13, 3.450000000000073896, 2.300000000000063327 ) ) ;
#816 = ORIENTED_EDGE ( 'NONE', *, *, #1852, .F. ) ;
#817 = PLANE ( 'NONE',  #564 ) ;
#818 = DIRECTION ( 'NONE',  ( 0.000000000000000000, 0.000000000000000000, 1.000000000000000000 ) ) ;
#819 = VERTEX_POINT ( 'NONE', #605 ) ;
#820 = VECTOR ( 'NONE', #1105, 999.9999999999998863 ) ;
#821 = EDGE_CURVE ( 'NONE', #1812, #2818, #3243, .T. ) ;
#822 = ORIENTED_EDGE ( 'NONE', *, *, #158, .T. ) ;
#823 = AXIS2_PLACEMENT_3D ( 'NONE', #2437, #3794, #1501 ) ;
#824 = DIRECTION ( 'NONE',  ( 0.2588190451025219607, 0.000000000000000000, 0.9659258262890678681 ) ) ;
#825 = ORIENTED_EDGE ( 'NONE', *, *, #715, .F. ) ;
#826 = VERTEX_POINT ( 'NONE', #2294 ) ;
#827 = AXIS2_PLACEMENT_3D ( 'NONE', #4164, #3881, #2917 ) ;
#828 = EDGE_CURVE ( 'NONE', #2623, #3892, #2584, .T. ) ;
#829 = PERSON_AND_ORGANIZATION ( #2460, #1598 ) ;
#830 = CARTESIAN_POINT ( 'NONE',  ( -12.88205080756906895, 1.900000000000073630, -1.599999999999935252 ) ) ;
#831 = CC_DESIGN_APPROVAL ( #1867, ( #2300 ) ) ;
#832 = CARTESIAN_POINT ( 'NONE',  ( -10.63660254037865549, -1.301042606982605321E-15, -2.550000000000002931 ) ) ;
#833 = VECTOR ( 'NONE', #793, 1000.000000000000000 ) ;
#834 = CARTESIAN_POINT ( 'NONE',  ( -3.500000000000193623, 6.400000000000075850, -1.599999999999938582 ) ) ;
#835 = VECTOR ( 'NONE', #839, 1000.000000000000000 ) ;
#836 = ORIENTED_EDGE ( 'NONE', *, *, #3188, .F. ) ;
#838 = AXIS2_PLACEMENT_3D ( 'NONE', #1089, #1424, #2106 ) ;
#837 = DIRECTION ( 'NONE',  ( -0.000000000000000000, 1.000000000000000000, 3.614007241618348278E-16 ) ) ;
#839 = DIRECTION ( 'NONE',  ( -1.000000000000000000, -0.000000000000000000, -0.000000000000000000 ) ) ;
#840 = DIRECTION ( 'NONE',  ( -0.000000000000000000, 1.000000000000000000, 3.614007241618348278E-16 ) ) ;
#841 = VECTOR ( 'NONE', #845, 1000.000000000000000 ) ;
#842 = PLANE ( 'NONE',  #1880 ) ;
#843 = VERTEX_POINT ( 'NONE', #2214 ) ;
#844 = VECTOR ( 'NONE', #2832, 1000.000000000000000 ) ;
#845 = DIRECTION ( 'NONE',  ( -1.000000000000000000, -0.000000000000000000, -0.000000000000000000 ) ) ;
#846 = DIRECTION ( 'NONE',  ( 0.000000000000000000, 0.000000000000000000, 1.000000000000000000 ) ) ;
#847 = ORIENTED_EDGE ( 'NONE', *, *, #4335, .T. ) ;
#848 = ORIENTED_EDGE ( 'NONE', *, *, #1953, .F. ) ;
#849 = CARTESIAN_POINT ( 'NONE',  ( -4.617949192431308525, 1.900000000000073630, -1.599999999999935252 ) ) ;
#850 = EDGE_CURVE ( 'NONE', #3812, #2746, #2563, .T. ) ;
#851 = EDGE_LOOP ( 'NONE', ( #2030, #3712, #2957, #3470, #646, #3245, #2849, #3428 ) ) ;
#852 = VERTEX_POINT ( 'NONE', #629 ) ;
#853 = APPROVAL_DATE_TIME ( #3894, #1998 ) ;
#854 = DIRECTION ( 'NONE',  ( -1.000000000000000000, 0.000000000000000000, -0.000000000000000000 ) ) ;
#855 = ADVANCED_FACE ( 'NONE', ( #218 ), #1886, .F. ) ;
#856 = DIRECTION ( 'NONE',  ( 0.000000000000000000, 0.000000000000000000, -1.000000000000000000 ) ) ;
#857 = ADVANCED_FACE ( 'NONE', ( #2892 ), #298, .F. ) ;
#858 = LINE ( 'NONE', #2848, #3477 ) ;
#859 = VERTEX_POINT ( 'NONE', #937 ) ;
#860 = DIRECTION ( 'NONE',  ( 0.000000000000000000, 1.000000000000000000, 0.000000000000000000 ) ) ;
#861 = CARTESIAN_POINT ( 'NONE',  ( -1.000000000000193401, 6.900000000000074074, -3.399999999999935518 ) ) ;
#862 = CARTESIAN_POINT ( 'NONE',  ( -12.50000000000019362, 3.450000000000073896, 2.300000000000063327 ) ) ;
#863 = EDGE_CURVE ( 'NONE', #1986, #3519, #2976, .T. ) ;
#864 = DIRECTION ( 'NONE',  ( 0.000000000000000000, -1.000000000000000000, 0.000000000000000000 ) ) ;
#865 = VERTEX_POINT ( 'NONE', #1578 ) ;
#866 = DIRECTION ( 'NONE',  ( -2.837848136965480861E-16, 0.000000000000000000, 1.000000000000000000 ) ) ;
#867 = DIRECTION ( 'NONE',  ( 0.000000000000000000, 0.000000000000000000, 1.000000000000000000 ) ) ;
#868 = ORIENTED_EDGE ( 'NONE', *, *, #3050, .T. ) ;
#869 = AXIS2_PLACEMENT_3D ( 'NONE', #675, #4052, #1090 ) ;
#870 = VECTOR ( 'NONE', #3436, 1000.000000000000000 ) ;
#871 = ORIENTED_EDGE ( 'NONE', *, *, #1929, .T. ) ;
#872 = DIRECTION ( 'NONE',  ( -0.000000000000000000, 1.000000000000000000, -0.000000000000000000 ) ) ;
#873 = ORIENTED_EDGE ( 'NONE', *, *, #3291, .F. ) ;
#874 = EDGE_LOOP ( 'NONE', ( #1459, #502, #3749, #2748 ) ) ;
#875 = EDGE_CURVE ( 'NONE', #1219, #3936, #2914, .T. ) ;
#876 = DIRECTION ( 'NONE',  ( 0.000000000000000000, 1.000000000000000000, -0.000000000000000000 ) ) ;
#877 = LINE ( 'NONE', #2215, #2478 ) ;
#878 = DIRECTION ( 'NONE',  ( 0.000000000000000000, -3.614007241618348278E-16, 1.000000000000000000 ) ) ;
#879 = ORIENTED_EDGE ( 'NONE', *, *, #1697, .F. ) ;
#880 = VECTOR ( 'NONE', #3168, 1000.000000000000000 ) ;
#881 = EDGE_CURVE ( 'NONE', #1961, #1742, #255, .T. ) ;
#882 = CARTESIAN_POINT ( 'NONE',  ( -4.000000000000193623, 6.900000000000074074, 0.8000000000000627720 ) ) ;
#883 = LINE ( 'NONE', #3552, #3145 ) ;
#884 = CARTESIAN_POINT ( 'NONE',  ( -12.05000000000019433, 6.400000000000075850, -1.599999999999938360 ) ) ;
#885 = EDGE_CURVE ( 'NONE', #2886, #2949, #4044, .T. ) ;
#886 = DIRECTION ( 'NONE',  ( 0.000000000000000000, -0.000000000000000000, -1.000000000000000000 ) ) ;
#887 = ORIENTED_EDGE ( 'NONE', *, *, #1796, .F. ) ;
#888 = FACE_OUTER_BOUND ( 'NONE', #3563, .T. ) ;
#889 = CARTESIAN_POINT ( 'NONE',  ( -4.617949192431308525, 1.900000000000073630, -2.550000000000003819 ) ) ;
#890 = ORIENTED_EDGE ( 'NONE', *, *, #389, .T. ) ;
#891 = ORIENTED_EDGE ( 'NONE', *, *, #3312, .F. ) ;
#892 = CARTESIAN_POINT ( 'NONE',  ( -2.117949192431308969, -1.301042606982605321E-15, -1.599999999999935252 ) ) ;
#893 = ORIENTED_EDGE ( 'NONE', *, *, #4329, .T. ) ;
#894 = ORIENTED_EDGE ( 'NONE', *, *, #585, .F. ) ;
#895 = AXIS2_PLACEMENT_3D ( 'NONE', #2594, #2505, #2262 ) ;
#896 = DIRECTION ( 'NONE',  ( 0.9659258262890701996, -0.000000000000000000, 0.2588190451025139671 ) ) ;
#897 = DIRECTION ( 'NONE',  ( -0.000000000000000000, -1.770125995894702188E-16, 1.000000000000000000 ) ) ;
#898 = VECTOR ( 'NONE', #2803, 1000.000000000000114 ) ;
#899 = ORIENTED_EDGE ( 'NONE', *, *, #881, .T. ) ;
#900 = LINE ( 'NONE', #243, #4110 ) ;
#901 = AXIS2_PLACEMENT_3D ( 'NONE', #3178, #1888, #1516 ) ;
#902 = FACE_OUTER_BOUND ( 'NONE', #3279, .T. ) ;
#903 = CYLINDRICAL_SURFACE ( 'NONE', #3081, 0.8000000000000025979 ) ;
#904 = EDGE_CURVE ( 'NONE', #35, #710, #358, .T. ) ;
#905 = AXIS2_PLACEMENT_3D ( 'NONE', #1431, #2111, #4032 ) ;
#906 = CARTESIAN_POINT ( 'NONE',  ( -2.950000000000193801, 6.900000000000074074, -2.099999999999938360 ) ) ;
#907 = ORIENTED_EDGE ( 'NONE', *, *, #2721, .F. ) ;
#908 = DIRECTION ( 'NONE',  ( 0.000000000000000000, 0.000000000000000000, 1.000000000000000000 ) ) ;
#909 = VECTOR ( 'NONE', #3588, 1000.000000000000000 ) ;
#910 = CARTESIAN_POINT ( 'NONE',  ( 1.599999999999789146, 6.900000000000074074, -0.9499999999999413358 ) ) ;
#911 = ADVANCED_FACE ( 'NONE', ( #1786 ), #2319, .F. ) ;
#912 = EDGE_LOOP ( 'NONE', ( #3448, #3518, #3543, #3969 ) ) ;
#913 = AXIS2_PLACEMENT_3D ( 'NONE', #328, #1982, #4300 ) ;
#914 = VERTEX_POINT ( 'NONE', #3690 ) ;
#915 = CARTESIAN_POINT ( 'NONE',  ( -2.500000000000192291, 5.400000000000074962, -0.1999999999999233224 ) ) ;
#916 = ORIENTED_EDGE ( 'NONE', *, *, #885, .F. ) ;
#917 = VERTEX_POINT ( 'NONE', #2338 ) ;
#918 = CARTESIAN_POINT ( 'NONE',  ( 1.599999999999806466, 6.900000000000074074, 1.500000000000061284 ) ) ;
#919 = DIRECTION ( 'NONE',  ( 0.000000000000000000, -1.000000000000000000, -2.209838822900390589E-16 ) ) ;
#920 = ORIENTED_EDGE ( 'NONE', *, *, #3312, .T. ) ;
#921 = CARTESIAN_POINT ( 'NONE',  ( -12.95000000000019469, 6.900000000000074074, -2.099999999999938360 ) ) ;
#922 = EDGE_CURVE ( 'NONE', #1370, #252, #2464, .T. ) ;
#923 = LINE ( 'NONE', #3305, #1324 ) ;
#924 = CARTESIAN_POINT ( 'NONE',  ( 1.599999999999789146, 12.10000000000007425, -0.9499999999999465539 ) ) ;
#925 = ADVANCED_FACE ( 'NONE', ( #775 ), #1658, .F. ) ;
#926 = FACE_OUTER_BOUND ( 'NONE', #2587, .T. ) ;
#927 = ORIENTED_EDGE ( 'NONE', *, *, #3291, .T. ) ;
#928 = CARTESIAN_POINT ( 'NONE',  ( -14.10000000000012577, -1.301042606982605321E-15, -2.550000000000002487 ) ) ;
#929 = ORIENTED_EDGE ( 'NONE', *, *, #2176, .F. ) ;
#930 = EDGE_CURVE ( 'NONE', #581, #4021, #2666, .T. ) ;
#931 = ORIENTED_EDGE ( 'NONE', *, *, #715, .T. ) ;
#932 = AXIS2_PLACEMENT_3D ( 'NONE', #2673, #2208, #985 ) ;
#933 = FACE_BOUND ( 'NONE', #2822, .T. ) ;
#934 = EDGE_LOOP ( 'NONE', ( #145, #2561, #757, #3783, #374, #1764, #3466, #3084 ) ) ;
#935 = ORIENTED_EDGE ( 'NONE', *, *, #3793, .T. ) ;
#936 = ADVANCED_FACE ( 'NONE', ( #2116 ), #2995, .F. ) ;
#937 = CARTESIAN_POINT ( 'NONE',  ( -8.136602540378655490, -1.301042606982605321E-15, -2.550000000000003375 ) ) ;
#938 = PLANE ( 'NONE',  #3594 ) ;
#939 = VECTOR ( 'NONE', #804, 1000.000000000000000 ) ;
#940 = ORIENTED_EDGE ( 'NONE', *, *, #1782, .F. ) ;
#941 = VECTOR ( 'NONE', #2334, 1000.000000000000000 ) ;
#942 = PLANE ( 'NONE',  #2297 ) ;
#943 = DIRECTION ( 'NONE',  ( 0.000000000000000000, 0.000000000000000000, 1.000000000000000000 ) ) ;
#944 = LINE ( 'NONE', #2631, #3983 ) ;
#945 = CARTESIAN_POINT ( 'NONE',  ( -12.20000000000019291, 6.900000000000074074, 2.300000000000063327 ) ) ;
#946 = VERTEX_POINT ( 'NONE', #117 ) ;
#947 = CARTESIAN_POINT ( 'NONE',  ( -12.11794919243130941, 1.900000000000073630, -1.599999999999935252 ) ) ;
#948 = ORIENTED_EDGE ( 'NONE', *, *, #4172, .F. ) ;
#949 = LINE ( 'NONE', #3709, #1389 ) ;
#950 = ORIENTED_EDGE ( 'NONE', *, *, #2913, .F. ) ;
#951 = DIRECTION ( 'NONE',  ( 0.000000000000000000, 1.084202172485504828E-15, 1.000000000000000000 ) ) ;
#952 = ORIENTED_EDGE ( 'NONE', *, *, #566, .T. ) ;
#953 = EDGE_CURVE ( 'NONE', #1329, #2728, #977, .T. ) ;
#954 = ORIENTED_EDGE ( 'NONE', *, *, #3499, .T. ) ;
#955 = LINE ( 'NONE', #1618, #2099 ) ;
#956 = CARTESIAN_POINT ( 'NONE',  ( -13.50000000000019362, 6.900000000000074074, -1.599999999999938360 ) ) ;
#957 = EDGE_CURVE ( 'NONE', #819, #4202, #3363, .T. ) ;
#958 = ORIENTED_EDGE ( 'NONE', *, *, #976, .T. ) ;
#959 = VECTOR ( 'NONE', #1427, 999.9999999999998863 ) ;
#960 = LINE ( 'NONE', #3286, #3758 ) ;
#961 = CARTESIAN_POINT ( 'NONE',  ( -12.20000000000019291, 6.900000000000074074, 2.300000000000063327 ) ) ;
#962 = AXIS2_PLACEMENT_3D ( 'NONE', #3490, #2114, #2391 ) ;
#963 = CARTESIAN_POINT ( 'NONE',  ( 1.599999999999806466, 6.100000000000079581, 1.500000000000061284 ) ) ;
#964 = CARTESIAN_POINT ( 'NONE',  ( -14.10000000000019149, 4.699999999999999289, 1.500000000000063727 ) ) ;
#965 = ORIENTED_EDGE ( 'NONE', *, *, #1703, .F. ) ;
#966 = LINE ( 'NONE', #928, #492 ) ;
#967 = ORIENTED_EDGE ( 'NONE', *, *, #1960, .F. ) ;
#968 = VECTOR ( 'NONE', #983, 1000.000000000000000 ) ;
#969 = CARTESIAN_POINT ( 'NONE',  ( 1.599999999999806466, 4.699999999999999289, -2.599999999999935696 ) ) ;
#970 = ORIENTED_EDGE ( 'NONE', *, *, #4274, .F. ) ;
#971 = VECTOR ( 'NONE', #4027, 1000.000000000000000 ) ;
#972 = CARTESIAN_POINT ( 'NONE',  ( -6.000000000000193623, 6.400000000000075850, -1.599999999999938582 ) ) ;
#973 = ORIENTED_EDGE ( 'NONE', *, *, #2993, .F. ) ;
#974 = ORIENTED_EDGE ( 'NONE', *, *, #75, .F. ) ;
#975 = AXIS2_PLACEMENT_3D ( 'NONE', #3616, #2026, #2634 ) ;
#976 = EDGE_CURVE ( 'NONE', #4336, #3293, #648, .T. ) ;
#977 = LINE ( 'NONE', #3647, #2310 ) ;
#978 = LINE ( 'NONE', #1619, #3455 ) ;
#979 = EDGE_LOOP ( 'NONE', ( #1125, #1443, #3622, #1108 ) ) ;
#980 = EDGE_CURVE ( 'NONE', #3519, #1233, #444, .T. ) ;
#981 = DIRECTION ( 'NONE',  ( 0.000000000000000000, -1.000000000000000000, 0.000000000000000000 ) ) ;
#982 = EDGE_CURVE ( 'NONE', #151, #3173, #1699, .T. ) ;
#983 = DIRECTION ( 'NONE',  ( -1.000000000000000000, -0.000000000000000000, -0.000000000000000000 ) ) ;
#984 = DIRECTION ( 'NONE',  ( -0.000000000000000000, 1.000000000000000000, 3.614007241618348278E-16 ) ) ;
#985 = DIRECTION ( 'NONE',  ( 0.000000000000000000, 1.084202172485504828E-15, 1.000000000000000000 ) ) ;
#986 = CARTESIAN_POINT ( 'NONE',  ( -5.000000000000126121, -1.414213562373098254, 3.122502256758252770E-14 ) ) ;
#987 = EDGE_CURVE ( 'NONE', #647, #2145, #3120, .T. ) ;
#988 = EDGE_LOOP ( 'NONE', ( #2311, #3694, #2094, #516 ) ) ;
#989 = CARTESIAN_POINT ( 'NONE',  ( -2.117949192431308081, 1.900000000000073630, -2.550000000000004263 ) ) ;
#990 = VERTEX_POINT ( 'NONE', #32 ) ;
#991 = DIRECTION ( 'NONE',  ( -0.000000000000000000, -1.770125995894702188E-16, 1.000000000000000000 ) ) ;
#992 = VERTEX_POINT ( 'NONE', #2138 ) ;
#993 = LINE ( 'NONE', #3468, #2555 ) ;
#994 = ORIENTED_EDGE ( 'NONE', *, *, #182, .T. ) ;
#995 = EDGE_LOOP ( 'NONE', ( #2682, #1162, #3623, #688 ) ) ;
#996 = DIRECTION ( 'NONE',  ( 0.000000000000000000, -1.000000000000000000, 0.000000000000000000 ) ) ;
#997 = CARTESIAN_POINT ( 'NONE',  ( -7.950000000000192912, 6.400000000000075850, -2.099999999999938360 ) ) ;
#998 = EDGE_LOOP ( 'NONE', ( #1281, #3710, #1941, #3166, #3284, #1129, #221, #3475, #848, #3332, #3601 ) ) ;
#999 = EDGE_CURVE ( 'NONE', #1064, #2177, #1100, .T. ) ;
#1000 = VECTOR ( 'NONE', #1160, 1000.000000000000000 ) ;
#1001 = CARTESIAN_POINT ( 'NONE',  ( -10.00000000000012257, -1.414213562373098254, 6.591949208711866959E-14 ) ) ;
#1002 = PLANE ( 'NONE',  #3702 ) ;
#1003 = VECTOR ( 'NONE', #505, 1000.000000000000000 ) ;
#1004 = PLANE ( 'NONE',  #1114 ) ;
#1005 = DIRECTION ( 'NONE',  ( 0.000000000000000000, 1.000000000000000000, 3.614007241618348278E-16 ) ) ;
#1006 = EDGE_CURVE ( 'NONE', #1243, #1990, #4001, .T. ) ;
#1007 = DIRECTION ( 'NONE',  ( 0.000000000000000000, 1.000000000000000000, 0.000000000000000000 ) ) ;
#1008 = CARTESIAN_POINT ( 'NONE',  ( 0.9999999999998065991, 6.400000000000074074, -1.599999999999938582 ) ) ;
#1009 = LINE ( 'NONE', #1649, #415 ) ;
#1010 = ADVANCED_FACE ( 'NONE', ( #467 ), #1809, .F. ) ;
#1011 = VECTOR ( 'NONE', #2769, 1000.000000000000000 ) ;
#1012 = DIRECTION ( 'NONE',  ( 1.000000000000000000, 0.000000000000000000, 0.000000000000000000 ) ) ;
#1013 = VERTEX_POINT ( 'NONE', #3014 ) ;
#1014 = FACE_OUTER_BOUND ( 'NONE', #2606, .T. ) ;
#1015 = VERTEX_POINT ( 'NONE', #4022 ) ;
#1016 = ORIENTED_EDGE ( 'NONE', *, *, #2908, .F. ) ;
#1017 = FACE_OUTER_BOUND ( 'NONE', #1858, .T. ) ;
#1018 = DIRECTION ( 'NONE',  ( -1.000000000000000000, -0.000000000000000000, -0.000000000000000000 ) ) ;
#1019 = EDGE_LOOP ( 'NONE', ( #499, #836, #3427, #4240 ) ) ;
#1020 = CARTESIAN_POINT ( 'NONE',  ( 1.599999999999806466, -0.8499999999999259259, 1.500000000000062839 ) ) ;
#1021 = CARTESIAN_POINT ( 'NONE',  ( -0.8000000000001928901, 1.000000000000074607, 2.300000000000063327 ) ) ;
#1022 = DIRECTION ( 'NONE',  ( -0.000000000000000000, 1.000000000000000000, 3.614007241618348278E-16 ) ) ;
#1023 = DIRECTION ( 'NONE',  ( -0.000000000000000000, 1.000000000000000000, 3.614007241618348278E-16 ) ) ;
#1024 = VECTOR ( 'NONE', #1966, 1000.000000000000000 ) ;
#1025 = CARTESIAN_POINT ( 'NONE',  ( -12.50000000000019185, 5.400000000000074962, 0.6000000000001484146 ) ) ;
#1026 = VECTOR ( 'NONE', #1730, 1000.000000000000000 ) ;
#1027 = CARTESIAN_POINT ( 'NONE',  ( -1.500000000000193845, 6.400000000000074074, 0.8000000000000619949 ) ) ;
#1029 = ADVANCED_FACE ( 'NONE', ( #1017 ), #3887, .T. ) ;
#1028 = DIRECTION ( 'NONE',  ( 0.000000000000000000, 0.000000000000000000, -1.000000000000000000 ) ) ;
#1030 = APPROVAL_PERSON_ORGANIZATION ( #3154, #1998, #2891 ) ;
#1031 = CARTESIAN_POINT ( 'NONE',  ( -12.95000000000019469, 6.400000000000075850, -2.099999999999938360 ) ) ;
#1032 = VERTEX_POINT ( 'NONE', #3538 ) ;
#1033 = CC_DESIGN_APPROVAL ( #1998, ( #1222 ) ) ;
#1034 = EDGE_CURVE ( 'NONE', #3260, #2471, #1917, .T. ) ;
#1035 = VECTOR ( 'NONE', #1492, 1000.000000000000000 ) ;
#1036 = VECTOR ( 'NONE', #3883, 1000.000000000000000 ) ;
#1037 = CARTESIAN_POINT ( 'NONE',  ( -13.50000000000019362, 6.900000000000074074, 0.8000000000000619949 ) ) ;
#1038 = ORIENTED_EDGE ( 'NONE', *, *, #216, .F. ) ;
#1039 = EDGE_LOOP ( 'NONE', ( #2470, #778, #584, #2923 ) ) ;
#1040 = CARTESIAN_POINT ( 'NONE',  ( -5.450000000000193801, 6.900000000000074074, -3.399999999999935518 ) ) ;
#1041 = EDGE_CURVE ( 'NONE', #1883, #713, #627, .T. ) ;
#1042 = DIRECTION ( 'NONE',  ( -0.000000000000000000, -1.000000000000000000, -0.000000000000000000 ) ) ;
#1043 = ORIENTED_EDGE ( 'NONE', *, *, #1624, .T. ) ;
#1044 = VERTEX_POINT ( 'NONE', #2531 ) ;
#1046 = VECTOR ( 'NONE', #1122, 1000.000000000000000 ) ;
#1045 = CARTESIAN_POINT ( 'NONE',  ( -12.88205080756906895, -1.301042606982605321E-15, -1.599999999999935252 ) ) ;
#1047 = DIRECTION ( 'NONE',  ( -1.000000000000000000, 0.000000000000000000, 1.381149264312744580E-16 ) ) ;
#1048 = FACE_BOUND ( 'NONE', #3239, .T. ) ;
#1049 = CARTESIAN_POINT ( 'NONE',  ( -2.050000000000193001, 6.900000000000074074, -3.399999999999935518 ) ) ;
#1050 = APPLICATION_CONTEXT ( 'configuration controlled 3d designs of mechanical parts and assemblies' ) ;
#1051 = CARTESIAN_POINT ( 'NONE',  ( -14.10000000000019149, 6.900000000000074074, 1.500000000000061284 ) ) ;
#1052 = FACE_BOUND ( 'NONE', #1399, .T. ) ;
#1053 = CARTESIAN_POINT ( 'NONE',  ( -3.500000000000193623, 6.400000000000075850, -1.599999999999938582 ) ) ;
#1054 = ADVANCED_FACE ( 'NONE', ( #888 ), #4171, .T. ) ;
#1055 = CARTESIAN_POINT ( 'NONE',  ( -10.45000000000019291, 6.400000000000075850, -1.599999999999938582 ) ) ;
#1056 = ORIENTED_EDGE ( 'NONE', *, *, #3021, .T. ) ;
#1057 = LINE ( 'NONE', #4081, #175 ) ;
#1058 = EDGE_LOOP ( 'NONE', ( #234, #73 ) ) ;
#1059 = EDGE_LOOP ( 'NONE', ( #577, #447, #1748, #604 ) ) ;
#1060 = ADVANCED_FACE ( 'NONE', ( #496 ), #817, .F. ) ;
#1061 = FACE_BOUND ( 'NONE', #3789, .T. ) ;
#1062 = DIRECTION ( 'NONE',  ( 0.000000000000000000, -1.000000000000000000, -3.540251991789403391E-16 ) ) ;
#1063 = ORIENTED_EDGE ( 'NONE', *, *, #1340, .T. ) ;
#1064 = VERTEX_POINT ( 'NONE', #1836 ) ;
#1065 = ADVANCED_FACE ( 'NONE', ( #2507 ), #3819, .F. ) ;
#1066 = LINE ( 'NONE', #4112, #2644 ) ;
#1067 = LINE ( 'NONE', #1685, #2589 ) ;
#1068 = PLANE ( 'NONE',  #869 ) ;
#1069 = DIRECTION ( 'NONE',  ( -1.000000000000000000, -0.000000000000000000, -0.000000000000000000 ) ) ;
#1070 = ORIENTED_EDGE ( 'NONE', *, *, #2274, .F. ) ;
#1071 = AXIS2_PLACEMENT_3D ( 'NONE', #3589, #1251, #2320 ) ;
#1072 = CARTESIAN_POINT ( 'NONE',  ( -5.450000000000193801, 6.400000000000075850, -2.099999999999938360 ) ) ;
#1073 = CARTESIAN_POINT ( 'NONE',  ( 1.599999999999806466, 6.900000000000074074, 1.500000000000061284 ) ) ;
#1074 = CARTESIAN_POINT ( 'NONE',  ( -4.617949192431308525, 1.900000000000073630, -1.599999999999935252 ) ) ;
#1075 = CIRCLE ( 'NONE', #3034, 0.5000000000000007772 ) ;
#1076 = CARTESIAN_POINT ( 'NONE',  ( -12.88205080756906895, 1.900000000000073630, -1.599999999999935252 ) ) ;
#1077 = VERTEX_POINT ( 'NONE', #2224 ) ;
#1078 = CIRCLE ( 'NONE', #3671, 0.5000000000000001110 ) ;
#1079 = EDGE_CURVE ( 'NONE', #806, #1617, #1169, .T. ) ;
#1080 = CARTESIAN_POINT ( 'NONE',  ( -7.950000000000192912, 6.400000000000075850, -1.599999999999938582 ) ) ;
#1081 = EDGE_LOOP ( 'NONE', ( #4, #2336, #3590, #1179 ) ) ;
#1082 = ORIENTED_EDGE ( 'NONE', *, *, #759, .T. ) ;
#1083 = CARTESIAN_POINT ( 'NONE',  ( -6.250000000000127010, 4.499999999999999112, -3.035766082959412415E-15 ) ) ;
#1084 = PLANE ( 'NONE',  #1504 ) ;
#1085 = ADVANCED_FACE ( 'NONE', ( #3212 ), #2486, .F. ) ;
#1086 = EDGE_LOOP ( 'NONE', ( #2723, #4041, #3197, #753, #2335, #1841, #2424, #2558 ) ) ;
#1087 = ORIENTED_EDGE ( 'NONE', *, *, #4010, .T. ) ;
#1088 = PLANE ( 'NONE',  #3137 ) ;
#1089 = CARTESIAN_POINT ( 'NONE',  ( -10.00000000000012257, 4.499999999999999112, 6.591949208711866959E-14 ) ) ;
#1090 = DIRECTION ( 'NONE',  ( 0.000000000000000000, 0.000000000000000000, 1.000000000000000000 ) ) ;
#1091 = EDGE_CURVE ( 'NONE', #400, #2039, #559, .T. ) ;
#1092 = DIRECTION ( 'NONE',  ( 1.000000000000000000, -0.000000000000000000, 0.000000000000000000 ) ) ;
#1093 = ORIENTED_EDGE ( 'NONE', *, *, #1843, .T. ) ;
#1094 = CARTESIAN_POINT ( 'NONE',  ( -6.000000000000193623, 6.900000000000074074, 0.8000000000000619949 ) ) ;
#1095 = DIRECTION ( 'NONE',  ( -1.000000000000000000, 0.000000000000000000, -0.000000000000000000 ) ) ;
#1096 = CARTESIAN_POINT ( 'NONE',  ( -6.850000000000192379, 1.900000000000073630, -2.599999999999935252 ) ) ;
#1097 = AXIS2_PLACEMENT_3D ( 'NONE', #2222, #3841, #3210 ) ;
#1098 = DIRECTION ( 'NONE',  ( -0.000000000000000000, -1.000000000000000000, -3.540251991789403391E-16 ) ) ;
#1099 = ORIENTED_EDGE ( 'NONE', *, *, #4287, .T. ) ;
#1100 = LINE ( 'NONE', #339, #2378 ) ;
#1102 = LINE ( 'NONE', #2838, #3186 ) ;
#1101 = VECTOR ( 'NONE', #1518, 1000.000000000000000 ) ;
#1103 = ORIENTED_EDGE ( 'NONE', *, *, #1499, .F. ) ;
#1104 = ORIENTED_EDGE ( 'NONE', *, *, #2345, .T. ) ;
#1105 = DIRECTION ( 'NONE',  ( -0.2588190451025139671, -0.000000000000000000, 0.9659258262890701996 ) ) ;
#1106 = LINE ( 'NONE', #3126, #4085 ) ;
#1107 = ORIENTED_EDGE ( 'NONE', *, *, #383, .T. ) ;
#1108 = ORIENTED_EDGE ( 'NONE', *, *, #3385, .T. ) ;
#1109 = VECTOR ( 'NONE', #1477, 1000.000000000000000 ) ;
#1110 = ADVANCED_FACE ( 'NONE', ( #3253 ), #207, .F. ) ;
#1111 = DIRECTION ( 'NONE',  ( 0.000000000000000000, -0.000000000000000000, 1.000000000000000000 ) ) ;
#1112 = DIRECTION ( 'NONE',  ( 0.000000000000000000, -1.000000000000000000, 0.000000000000000000 ) ) ;
#1113 = VECTOR ( 'NONE', #4290, 1000.000000000000000 ) ;
#1114 = AXIS2_PLACEMENT_3D ( 'NONE', #613, #1339, #305 ) ;
#1115 = CARTESIAN_POINT ( 'NONE',  ( -7.500000000000124345, -1.301042606982605321E-15, 4.857225732735059864E-14 ) ) ;
#1116 = DIRECTION ( 'NONE',  ( 0.000000000000000000, 1.000000000000000000, 0.000000000000000000 ) ) ;
#1117 = VERTEX_POINT ( 'NONE', #2184 ) ;
#1118 = AXIS2_PLACEMENT_3D ( 'NONE', #1456, #692, #11 ) ;
#1119 = ADVANCED_FACE ( 'NONE', ( #227 ), #1196, .F. ) ;
#1120 = DIRECTION ( 'NONE',  ( -0.000000000000000000, 1.000000000000000000, -0.000000000000000000 ) ) ;
#1121 = DIRECTION ( 'NONE',  ( 0.000000000000000000, 0.000000000000000000, 1.000000000000000000 ) ) ;
#1122 = DIRECTION ( 'NONE',  ( 1.000000000000000000, 0.000000000000000000, -0.000000000000000000 ) ) ;
#1123 = ADVANCED_FACE ( 'NONE', ( #3580 ), #2837, .F. ) ;
#1124 = PLANE ( 'NONE',  #962 ) ;
#1125 = ORIENTED_EDGE ( 'NONE', *, *, #1585, .T. ) ;
#1126 = CARTESIAN_POINT ( 'NONE',  ( -10.45000000000019291, 6.400000000000075850, -1.599999999999938582 ) ) ;
#1127 = DIRECTION ( 'NONE',  ( 1.000000000000000000, 0.000000000000000000, 0.000000000000000000 ) ) ;
#1128 = ORIENTED_EDGE ( 'NONE', *, *, #3854, .F. ) ;
#1129 = ORIENTED_EDGE ( 'NONE', *, *, #1827, .T. ) ;
#1130 = PLANE ( 'NONE',  #4260 ) ;
#1131 = DIRECTION ( 'NONE',  ( 0.9659258262890701996, -0.000000000000000000, 0.2588190451025139671 ) ) ;
#1132 = ORIENTED_EDGE ( 'NONE', *, *, #2648, .F. ) ;
#1133 = ORIENTED_EDGE ( 'NONE', *, *, #3423, .T. ) ;
#1134 = DATE_AND_TIME ( #3569, #3761 ) ;
#1135 = DIRECTION ( 'NONE',  ( 0.000000000000000000, -3.614007241618348278E-16, 1.000000000000000000 ) ) ;
#1136 = CARTESIAN_POINT ( 'NONE',  ( -9.000000000000193623, 6.400000000000075850, -1.599999999999938582 ) ) ;
#1137 = DIRECTION ( 'NONE',  ( 1.000000000000000000, 0.000000000000000000, 0.000000000000000000 ) ) ;
#1138 = ORIENTED_EDGE ( 'NONE', *, *, #1413, .F. ) ;
#1139 = CIRCLE ( 'NONE', #1627, 0.8000000000000019318 ) ;
#1140 = PLANE ( 'NONE',  #1382 ) ;
#1141 = CARTESIAN_POINT ( 'NONE',  ( -2.500000000000127010, 4.499999999999999112, 0.5000000000000146549 ) ) ;
#1142 = DIRECTION ( 'NONE',  ( 0.000000000000000000, 0.000000000000000000, 1.000000000000000000 ) ) ;
#1143 = EDGE_CURVE ( 'NONE', #168, #2314, #514, .T. ) ;
#1144 = AXIS2_PLACEMENT_3D ( 'NONE', #1115, #1208, #2522 ) ;
#1145 = CARTESIAN_POINT ( 'NONE',  ( -8.500000000000193623, 6.400000000000074074, 0.8000000000000619949 ) ) ;
#1146 = VERTEX_POINT ( 'NONE', #185 ) ;
#1147 = DIRECTION ( 'NONE',  ( 0.000000000000000000, -0.000000000000000000, -1.000000000000000000 ) ) ;
#1148 = VECTOR ( 'NONE', #1910, 999.9999999999998863 ) ;
#1149 = DIRECTION ( 'NONE',  ( -1.000000000000000000, 0.000000000000000000, 1.381149264312744580E-16 ) ) ;
#1150 = EDGE_CURVE ( 'NONE', #435, #2916, #3986, .T. ) ;
#1151 = ORIENTED_EDGE ( 'NONE', *, *, #982, .T. ) ;
#1152 = ORIENTED_EDGE ( 'NONE', *, *, #3217, .F. ) ;
#1153 = CIRCLE ( 'NONE', #3598, 0.5000000000000007772 ) ;
#1154 = EDGE_LOOP ( 'NONE', ( #3583, #927, #1918, #1655 ) ) ;
#1155 = CARTESIAN_POINT ( 'NONE',  ( 1.599999999999806466, 6.100000000000076028, -2.599999999999935696 ) ) ;
#1156 = ORIENTED_EDGE ( 'NONE', *, *, #4248, .F. ) ;
#1157 = VERTEX_POINT ( 'NONE', #2206 ) ;
#1158 = SECURITY_CLASSIFICATION_LEVEL ( 'unclassified' ) ;
#1159 = DIRECTION ( 'NONE',  ( -1.000000000000000000, 0.000000000000000000, 0.000000000000000000 ) ) ;
#1160 = DIRECTION ( 'NONE',  ( -0.000000000000000000, -1.000000000000000000, -3.540251991789403391E-16 ) ) ;
#1161 = CARTESIAN_POINT ( 'NONE',  ( -4.363397459621729979, -1.301042606982605321E-15, -2.550000000000003819 ) ) ;
#1162 = ORIENTED_EDGE ( 'NONE', *, *, #980, .F. ) ;
#1163 = LINE ( 'NONE', #2526, #4186 ) ;
#1164 = CARTESIAN_POINT ( 'NONE',  ( -7.050000000000193445, 6.400000000000075850, -2.099999999999938360 ) ) ;
#1165 = DIRECTION ( 'NONE',  ( 0.000000000000000000, 0.000000000000000000, 1.000000000000000000 ) ) ;
#1166 = DIRECTION ( 'NONE',  ( -0.000000000000000000, 0.000000000000000000, 1.000000000000000000 ) ) ;
#1167 = EDGE_CURVE ( 'NONE', #3860, #4096, #2658, .T. ) ;
#1168 = ORIENTED_EDGE ( 'NONE', *, *, #1607, .F. ) ;
#1169 = LINE ( 'NONE', #1550, #141 ) ;
#1170 = CARTESIAN_POINT ( 'NONE',  ( -11.00000000000019362, 6.900000000000074074, -3.399999999999935518 ) ) ;
#1171 = EDGE_LOOP ( 'NONE', ( #1285, #1819, #811, #427 ) ) ;
#1172 = EDGE_CURVE ( 'NONE', #1747, #568, #681, .T. ) ;
#1173 = AXIS2_PLACEMENT_3D ( 'NONE', #3663, #3619, #621 ) ;
#1174 = EDGE_CURVE ( 'NONE', #1077, #4219, #290, .T. ) ;
#1175 = ADVANCED_FACE ( 'NONE', ( #3331 ), #1282, .F. ) ;
#1176 = VERTEX_POINT ( 'NONE', #4013 ) ;
#1177 = DIRECTION ( 'NONE',  ( 0.000000000000000000, 1.000000000000000000, -0.000000000000000000 ) ) ;
#1178 = ORIENTED_EDGE ( 'NONE', *, *, #2625, .F. ) ;
#1179 = ORIENTED_EDGE ( 'NONE', *, *, #4248, .T. ) ;
#1180 = CIRCLE ( 'NONE', #2230, 0.5000000000000007772 ) ;
#1181 = ADVANCED_FACE ( 'NONE', ( #3311 ), #309, .F. ) ;
#1182 = APPROVAL_STATUS ( 'not_yet_approved' ) ;
#1183 = DIRECTION ( 'NONE',  ( 0.000000000000000000, 0.000000000000000000, 1.000000000000000000 ) ) ;
#1184 = DIRECTION ( 'NONE',  ( -0.000000000000000000, -1.000000000000000000, -0.000000000000000000 ) ) ;
#1185 = VECTOR ( 'NONE', #991, 1000.000000000000000 ) ;
#1186 = PLANE ( 'NONE',  #2583 ) ;
#1187 = CIRCLE ( 'NONE', #905, 0.5000000000000001110 ) ;
#1188 = EDGE_LOOP ( 'NONE', ( #2776, #1969, #361, #78 ) ) ;
#1189 = LINE ( 'NONE', #2568, #264 ) ;
#1190 = FACE_OUTER_BOUND ( 'NONE', #2973, .T. ) ;
#1191 = DIRECTION ( 'NONE',  ( 0.000000000000000000, 1.000000000000000000, 3.614007241618348278E-16 ) ) ;
#1192 = AXIS2_PLACEMENT_3D ( 'NONE', #4237, #2883, #4148 ) ;
#1193 = DIRECTION ( 'NONE',  ( -0.000000000000000000, -0.000000000000000000, 1.000000000000000000 ) ) ;
#1194 = ORIENTED_EDGE ( 'NONE', *, *, #2692, .T. ) ;
#1195 = AXIS2_PLACEMENT_3D ( 'NONE', #137, #4213, #1142 ) ;
#1196 = CYLINDRICAL_SURFACE ( 'NONE', #2374, 0.8000000000000019318 ) ;
#1197 = DIRECTION ( 'NONE',  ( -0.2588190451025139671, -0.000000000000000000, 0.9659258262890701996 ) ) ;
#1198 = ORIENTED_EDGE ( 'NONE', *, *, #2086, .F. ) ;
#1199 = EDGE_CURVE ( 'NONE', #3668, #946, #1009, .T. ) ;
#1200 = ORIENTED_EDGE ( 'NONE', *, *, #2595, .F. ) ;
#1201 = CARTESIAN_POINT ( 'NONE',  ( 1.599999999999806466, 6.900000000000074074, 0.8000000000000636602 ) ) ;
#1202 = ORIENTED_EDGE ( 'NONE', *, *, #3476, .T. ) ;
#1203 = EDGE_CURVE ( 'NONE', #2728, #151, #1301, .T. ) ;
#1204 = EDGE_LOOP ( 'NONE', ( #2771, #1906, #3128, #3911 ) ) ;
#1205 = APPROVAL_ROLE ( '' ) ;
#1206 = EDGE_CURVE ( 'NONE', #2285, #3541, #1322, .T. ) ;
#1207 = LINE ( 'NONE', #3130, #1892 ) ;
#1208 = DIRECTION ( 'NONE',  ( -0.000000000000000000, 1.000000000000000000, -0.000000000000000000 ) ) ;
#1209 = CARTESIAN_POINT ( 'NONE',  ( -9.000000000000193623, 6.400000000000074074, -1.599999999999938582 ) ) ;
#1210 = EDGE_CURVE ( 'NONE', #619, #2895, #1264, .T. ) ;
#1211 = VERTEX_POINT ( 'NONE', #617 ) ;
#1212 = FACE_OUTER_BOUND ( 'NONE', #1039, .T. ) ;
#1213 = FACE_OUTER_BOUND ( 'NONE', #2524, .T. ) ;
#1214 = CARTESIAN_POINT ( 'NONE',  ( 1.599999999999806466, -0.8499999999999259259, -2.599999999999934808 ) ) ;
#1215 = PLANE ( 'NONE',  #3618 ) ;
#1216 = EDGE_LOOP ( 'NONE', ( #1473, #2534, #2129, #1839 ) ) ;
#1217 = DIRECTION ( 'NONE',  ( 0.000000000000000000, -3.614007241618348278E-16, 1.000000000000000000 ) ) ;
#1218 = LINE ( 'NONE', #3022, #4009 ) ;
#1219 = VERTEX_POINT ( 'NONE', #3948 ) ;
#1220 = CIRCLE ( 'NONE', #2898, 0.8000000000000025979 ) ;
#1221 = EDGE_LOOP ( 'NONE', ( #2581, #608, #3193, #954 ) ) ;
#1222 = PRODUCT_DEFINITION ( 'UNKNOWN', '', #3693, #148 ) ;
#1223 = VECTOR ( 'NONE', #2977, 1000.000000000000000 ) ;
#1224 = DIRECTION ( 'NONE',  ( 0.000000000000000000, 1.000000000000000000, 3.614007241618348278E-16 ) ) ;
#1225 = ORIENTED_EDGE ( 'NONE', *, *, #2007, .T. ) ;
#1226 = EDGE_LOOP ( 'NONE', ( #3172, #2049, #232, #1678 ) ) ;
#1227 = CIRCLE ( 'NONE', #3949, 0.5000000000000001110 ) ;
#1228 = VECTOR ( 'NONE', #1318, 1000.000000000000000 ) ;
#1229 = APPLICATION_PROTOCOL_DEFINITION ( 'international standard', 'config_control_design', 1994, #1050 ) ;
#1230 = ADVANCED_FACE ( 'NONE', ( #1962 ), #4321, .T. ) ;
#1231 = DIRECTION ( 'NONE',  ( 0.000000000000000000, 1.000000000000000000, -0.000000000000000000 ) ) ;
#1232 = DIRECTION ( 'NONE',  ( 0.000000000000000000, 1.000000000000000000, 3.540251991789403391E-16 ) ) ;
#1233 = VERTEX_POINT ( 'NONE', #3 ) ;
#1234 = EDGE_CURVE ( 'NONE', #1330, #843, #2349, .T. ) ;
#1235 = CARTESIAN_POINT ( 'NONE',  ( -2.500000000000192291, 5.400000000000074962, -0.1999999999999233224 ) ) ;
#1236 = EDGE_CURVE ( 'NONE', #859, #1641, #966, .T. ) ;
#1237 = FACE_OUTER_BOUND ( 'NONE', #1847, .T. ) ;
#1238 = CARTESIAN_POINT ( 'NONE',  ( 0.9999999999998065991, 6.400000000000075850, -1.599999999999938582 ) ) ;
#1239 = LINE ( 'NONE', #246, #326 ) ;
#1240 = EDGE_LOOP ( 'NONE', ( #3211, #1790, #2205, #3933 ) ) ;
#1241 = DIRECTION ( 'NONE',  ( 0.000000000000000000, 3.540251991789403391E-16, -1.000000000000000000 ) ) ;
#1242 = CARTESIAN_POINT ( 'NONE',  ( -2.500000000000192291, 5.400000000000074962, 0.6000000000000775824 ) ) ;
#1243 = VERTEX_POINT ( 'NONE', #3355 ) ;
#1244 = ORIENTED_EDGE ( 'NONE', *, *, #3829, .F. ) ;
#1245 = DIRECTION ( 'NONE',  ( 0.000000000000000000, -3.614007241618348278E-16, 1.000000000000000000 ) ) ;
#1246 = ORIENTED_EDGE ( 'NONE', *, *, #2398, .T. ) ;
#1247 = ORIENTED_EDGE ( 'NONE', *, *, #1006, .T. ) ;
#1248 = EDGE_CURVE ( 'NONE', #2819, #1441, #268, .T. ) ;
#1249 = VECTOR ( 'NONE', #1688, 1000.000000000000000 ) ;
#1250 = PLANE ( 'NONE',  #3003 ) ;
#1251 = DIRECTION ( 'NONE',  ( 0.000000000000000000, 1.000000000000000000, 0.000000000000000000 ) ) ;
#1252 = AXIS2_PLACEMENT_3D ( 'NONE', #3109, #107, #1444 ) ;
#1253 = ORIENTED_EDGE ( 'NONE', *, *, #3764, .F. ) ;
#1254 = EDGE_CURVE ( 'NONE', #2151, #1769, #2284, .T. ) ;
#1255 = FACE_OUTER_BOUND ( 'NONE', #1719, .T. ) ;
#1256 = AXIS2_PLACEMENT_3D ( 'NONE', #705, #3027, #664 ) ;
#1257 = DIRECTION ( 'NONE',  ( -0.000000000000000000, 1.000000000000000000, 3.614007241618348278E-16 ) ) ;
#1258 = AXIS2_PLACEMENT_3D ( 'NONE', #1871, #510, #1519 ) ;
#1259 = CARTESIAN_POINT ( 'NONE',  ( -5.382050807569068951, -1.301042606982605321E-15, -1.599999999999935252 ) ) ;
#1260 = ADVANCED_FACE ( 'NONE', ( #4258 ), #1628, .F. ) ;
#1261 = VECTOR ( 'NONE', #3902, 1000.000000000000000 ) ;
#1262 = PLANE ( 'NONE',  #895 ) ;
#1263 = VERTEX_POINT ( 'NONE', #3597 ) ;
#1264 = LINE ( 'NONE', #3659, #1611 ) ;
#1265 = VECTOR ( 'NONE', #3262, 1000.000000000000000 ) ;
#1266 = VERTEX_POINT ( 'NONE', #596 ) ;
#1267 = ADVANCED_FACE ( 'NONE', ( #1936 ), #3273, .F. ) ;
#1268 = VECTOR ( 'NONE', #2924, 1000.000000000000000 ) ;
#1269 = ORIENTED_EDGE ( 'NONE', *, *, #2007, .F. ) ;
#1270 = DIRECTION ( 'NONE',  ( -0.000000000000000000, 1.000000000000000000, -0.000000000000000000 ) ) ;
#1271 = ORIENTED_EDGE ( 'NONE', *, *, #885, .T. ) ;
#1272 = VERTEX_POINT ( 'NONE', #418 ) ;
#1273 = CARTESIAN_POINT ( 'NONE',  ( -4.363397459621729979, 1.900000000000073852, -2.550000000000003819 ) ) ;
#1274 = DIRECTION ( 'NONE',  ( -0.000000000000000000, -1.770125995894702188E-16, 1.000000000000000000 ) ) ;
#1275 = MANIFOLD_SOLID_BREP ( 'CONNECTOR,JST XH,F,06 PIN-1-solid1', #485 ) ;
#1276 = VERTEX_POINT ( 'NONE', #3071 ) ;
#1277 = DIRECTION ( 'NONE',  ( 0.000000000000000000, 0.000000000000000000, -1.000000000000000000 ) ) ;
#1278 = DIRECTION ( 'NONE',  ( -0.000000000000000000, -1.000000000000000000, -3.540251991789403391E-16 ) ) ;
#1279 = CARTESIAN_POINT ( 'NONE',  ( -12.50000000000019185, 5.400000000000074962, -0.1999999999998535172 ) ) ;
#1280 = DIRECTION ( 'NONE',  ( 0.000000000000000000, 1.000000000000000000, 3.614007241618348278E-16 ) ) ;
#1281 = ORIENTED_EDGE ( 'NONE', *, *, #3046, .T. ) ;
#1283 = EDGE_CURVE ( 'NONE', #1842, #1738, #2112, .T. ) ;
#1282 = PLANE ( 'NONE',  #913 ) ;
#1284 = ORIENTED_EDGE ( 'NONE', *, *, #4205, .T. ) ;
#1285 = ORIENTED_EDGE ( 'NONE', *, *, #310, .F. ) ;
#1286 = EDGE_CURVE ( 'NONE', #4302, #2819, #3374, .T. ) ;
#1287 = PLANE ( 'NONE',  #375 ) ;
#1288 = VERTEX_POINT ( 'NONE', #3421 ) ;
#1289 = ORIENTED_EDGE ( 'NONE', *, *, #3515, .T. ) ;
#1290 = VECTOR ( 'NONE', #2761, 1000.000000000000000 ) ;
#1291 = DIRECTION ( 'NONE',  ( 0.000000000000000000, 1.000000000000000000, -2.312964634635742957E-16 ) ) ;
#1292 = LINE ( 'NONE', #1640, #3181 ) ;
#1293 = VECTOR ( 'NONE', #3015, 1000.000000000000000 ) ;
#1294 = ORIENTED_EDGE ( 'NONE', *, *, #3766, .T. ) ;
#1295 = AXIS2_PLACEMENT_3D ( 'NONE', #780, #2122, #123 ) ;
#1296 = DIRECTION ( 'NONE',  ( 0.000000000000000000, 0.000000000000000000, 1.000000000000000000 ) ) ;
#1297 = DIRECTION ( 'NONE',  ( 1.000000000000000000, 0.000000000000000000, -0.000000000000000000 ) ) ;
#1298 = DIRECTION ( 'NONE',  ( 0.2588190451025219607, 0.000000000000000000, 0.9659258262890678681 ) ) ;
#1299 = LINE ( 'NONE', #2632, #1528 ) ;
#1300 = ORIENTED_EDGE ( 'NONE', *, *, #1767, .T. ) ;
#1301 = LINE ( 'NONE', #989, #2873 ) ;
#1302 = ORIENTED_EDGE ( 'NONE', *, *, #3931, .T. ) ;
#1303 = ADVANCED_FACE ( 'NONE', ( #2369 ), #1757, .F. ) ;
#1304 = CARTESIAN_POINT ( 'NONE',  ( -7.117949192431307637, 1.900000000000073630, -1.599999999999935252 ) ) ;
#1305 = ORIENTED_EDGE ( 'NONE', *, *, #3072, .T. ) ;
#1306 = DIRECTION ( 'NONE',  ( 0.000000000000000000, 1.000000000000000000, -1.084202172485504828E-15 ) ) ;
#1307 = ORIENTED_EDGE ( 'NONE', *, *, #1553, .F. ) ;
#1308 = ORIENTED_EDGE ( 'NONE', *, *, #254, .F. ) ;
#1309 = ADVANCED_FACE ( 'NONE', ( #371 ), #3094, .F. ) ;
#1310 = CARTESIAN_POINT ( 'NONE',  ( -9.350000000000193268, 1.900000000000073630, -2.599999999999935252 ) ) ;
#1311 = FACE_OUTER_BOUND ( 'NONE', #1081, .T. ) ;
#1312 = EDGE_LOOP ( 'NONE', ( #539, #2109, #2700, #3483 ) ) ;
#1313 = AXIS2_PLACEMENT_3D ( 'NONE', #3395, #1120, #3438 ) ;
#1314 = ADVANCED_FACE ( 'NONE', ( #746 ), #3440, .F. ) ;
#1315 = LINE ( 'NONE', #1355, #1810 ) ;
#1316 = DIRECTION ( 'NONE',  ( 0.000000000000000000, 1.000000000000000000, 0.000000000000000000 ) ) ;
#1317 = CARTESIAN_POINT ( 'NONE',  ( 1.599999999999806466, 6.900000000000074074, -3.399999999999935518 ) ) ;
#1318 = DIRECTION ( 'NONE',  ( -0.000000000000000000, -1.000000000000000000, -0.000000000000000000 ) ) ;
#1319 = CC_DESIGN_APPROVAL ( #436, ( #3693 ) ) ;
#1320 = CARTESIAN_POINT ( 'NONE',  ( -1.283695372222837250E-13, -1.414213562373098254, 0.4999999999999968914 ) ) ;
#1321 = ORIENTED_EDGE ( 'NONE', *, *, #2550, .T. ) ;
#1322 = LINE ( 'NONE', #3640, #2035 ) ;
#1323 = ORIENTED_EDGE ( 'NONE', *, *, #22, .T. ) ;
#1324 = VECTOR ( 'NONE', #1297, 1000.000000000000000 ) ;
#1325 = DIRECTION ( 'NONE',  ( 0.000000000000000000, 0.000000000000000000, 1.000000000000000000 ) ) ;
#1326 = VERTEX_POINT ( 'NONE', #3025 ) ;
#1327 = VECTOR ( 'NONE', #876, 1000.000000000000000 ) ;
#1328 = FACE_OUTER_BOUND ( 'NONE', #558, .T. ) ;
#1329 = VERTEX_POINT ( 'NONE', #1714 ) ;
#1330 = VERTEX_POINT ( 'NONE', #68 ) ;
#1331 = AXIS2_PLACEMENT_3D ( 'NONE', #578, #866, #3516 ) ;
#1332 = EDGE_CURVE ( 'NONE', #3603, #619, #439, .T. ) ;
#1333 = DIRECTION ( 'NONE',  ( 0.000000000000000000, -1.000000000000000000, 0.000000000000000000 ) ) ;
#1334 = LINE ( 'NONE', #4045, #2551 ) ;
#1335 = EDGE_CURVE ( 'NONE', #2818, #3519, #4099, .T. ) ;
#1336 = ORIENTED_EDGE ( 'NONE', *, *, #360, .F. ) ;
#1337 = CARTESIAN_POINT ( 'NONE',  ( -12.50000000000012612, -1.414213562373098254, 0.5000000000000840439 ) ) ;
#1338 = CARTESIAN_POINT ( 'NONE',  ( -1.934216675714139910E-13, 5.400000000000074962, -0.1999999999999389488 ) ) ;
#1339 = DIRECTION ( 'NONE',  ( 0.000000000000000000, 3.540251991789403391E-16, -1.000000000000000000 ) ) ;
#1340 = EDGE_CURVE ( 'NONE', #1176, #806, #3770, .T. ) ;
#1341 = CARTESIAN_POINT ( 'NONE',  ( -9.617949192431309413, -1.301042606982605321E-15, -1.599999999999935030 ) ) ;
#1342 = PLANE ( 'NONE',  #3133 ) ;
#1343 = FACE_BOUND ( 'NONE', #1455, .T. ) ;
#1344 = CARTESIAN_POINT ( 'NONE',  ( -7.500000000000193623, 5.400000000000074962, 0.6000000000001144418 ) ) ;
#1345 = DIRECTION ( 'NONE',  ( 0.000000000000000000, -1.000000000000000000, -3.540251991789403391E-16 ) ) ;
#1346 = VERTEX_POINT ( 'NONE', #1411 ) ;
#1347 = DIRECTION ( 'NONE',  ( 0.2588190451025218497, 0.000000000000000000, 0.9659258262890679791 ) ) ;
#1348 = ORIENTED_EDGE ( 'NONE', *, *, #2939, .F. ) ;
#1349 = VERTEX_POINT ( 'NONE', #4077 ) ;
#1350 = DIRECTION ( 'NONE',  ( 0.000000000000000000, 0.000000000000000000, -1.000000000000000000 ) ) ;
#1351 = PLANE ( 'NONE',  #2268 ) ;
#1352 = EDGE_LOOP ( 'NONE', ( #3800, #3039 ) ) ;
#1353 = AXIS2_PLACEMENT_3D ( 'NONE', #740, #3020, #1377 ) ;
#1354 = EDGE_CURVE ( 'NONE', #2177, #3190, #3117, .T. ) ;
#1355 = CARTESIAN_POINT ( 'NONE',  ( -11.50000000000019362, 6.400000000000075850, 0.8000000000000627720 ) ) ;
#1356 = DIRECTION ( 'NONE',  ( 0.000000000000000000, 0.000000000000000000, -1.000000000000000000 ) ) ;
#1357 = VECTOR ( 'NONE', #3105, 1000.000000000000000 ) ;
#1358 = CYLINDRICAL_SURFACE ( 'NONE', #1426, 0.8000000000000009326 ) ;
#1359 = DIRECTION ( 'NONE',  ( 0.000000000000000000, 0.000000000000000000, 1.000000000000000000 ) ) ;
#1360 = EDGE_CURVE ( 'NONE', #1990, #2949, #3464, .T. ) ;
#1361 = CIRCLE ( 'NONE', #1994, 0.8000000000000025979 ) ;
#1362 = EDGE_CURVE ( 'NONE', #1527, #282, #1384, .T. ) ;
#1363 = DIRECTION ( 'NONE',  ( 0.000000000000000000, 2.209838822900390589E-16, -1.000000000000000000 ) ) ;
#1364 = LINE ( 'NONE', #1410, #3696 ) ;
#1365 = CARTESIAN_POINT ( 'NONE',  ( -1.283695372222837250E-13, 4.499999999999999112, 0.4999999999999968914 ) ) ;
#1366 = CARTESIAN_POINT ( 'NONE',  ( -1.933236958274821979E-13, 5.400000000000074962, -0.9999999999999399369 ) ) ;
#1367 = ORIENTED_EDGE ( 'NONE', *, *, #2932, .F. ) ;
#1368 = LINE ( 'NONE', #2071, #2904 ) ;
#1369 = EDGE_LOOP ( 'NONE', ( #1905, #1743, #1198, #2321 ) ) ;
#1370 = VERTEX_POINT ( 'NONE', #2788 ) ;
#1371 = CARTESIAN_POINT ( 'NONE',  ( -13.13660254037865549, 1.900000000000073630, -2.550000000000002487 ) ) ;
#1372 = LINE ( 'NONE', #2038, #1293 ) ;
#1373 = ORIENTED_EDGE ( 'NONE', *, *, #3016, .F. ) ;
#1374 = EDGE_CURVE ( 'NONE', #568, #1590, #726, .T. ) ;
#1375 = ORIENTED_EDGE ( 'NONE', *, *, #4172, .T. ) ;
#1376 = CARTESIAN_POINT ( 'NONE',  ( -2.950000000000193356, 6.400000000000075850, -1.599999999999938582 ) ) ;
#1377 = DIRECTION ( 'NONE',  ( 0.000000000000000000, -0.000000000000000000, 1.000000000000000000 ) ) ;
#1378 = EDGE_CURVE ( 'NONE', #1769, #647, #4122, .T. ) ;
#1379 = CARTESIAN_POINT ( 'NONE',  ( -4.000000000000193623, 6.400000000000075850, -1.599999999999938582 ) ) ;
#1380 = VECTOR ( 'NONE', #3399, 1000.000000000000000 ) ;
#1381 = CYLINDRICAL_SURFACE ( 'NONE', #3973, 0.8000000000000025979 ) ;
#1382 = AXIS2_PLACEMENT_3D ( 'NONE', #3115, #66, #2785 ) ;
#1383 = DIRECTION ( 'NONE',  ( 1.000000000000000000, 0.000000000000000000, 2.837848136965480861E-16 ) ) ;
#1384 = LINE ( 'NONE', #1053, #3849 ) ;
#1385 = EDGE_CURVE ( 'NONE', #198, #2333, #24, .T. ) ;
#1386 = VECTOR ( 'NONE', #1996, 1000.000000000000000 ) ;
#1387 = DIRECTION ( 'NONE',  ( -1.000000000000000000, 0.000000000000000000, 1.381149264312744580E-16 ) ) ;
#1388 = VERTEX_POINT ( 'NONE', #1365 ) ;
#1389 = VECTOR ( 'NONE', #1651, 1000.000000000000000 ) ;
#1390 = CIRCLE ( 'NONE', #3069, 0.8000000000000025979 ) ;
#1391 = CARTESIAN_POINT ( 'NONE',  ( -7.500000000000193623, 5.400000000000074962, -0.9999999999998909761 ) ) ;
#1392 = ADVANCED_FACE ( 'NONE', ( #3747 ), #3792, .F. ) ;
#1393 = VERTEX_POINT ( 'NONE', #3533 ) ;
#1394 = EDGE_LOOP ( 'NONE', ( #134, #1884, #899, #1676, #443, #2267, #1562, #3403 ) ) ;
#1395 = AXIS2_PLACEMENT_3D ( 'NONE', #2473, #525, #3785 ) ;
#1396 = VECTOR ( 'NONE', #2943, 1000.000000000000000 ) ;
#1397 = DIRECTION ( 'NONE',  ( 0.000000000000000000, -1.000000000000000000, 0.000000000000000000 ) ) ;
#1398 = DIRECTION ( 'NONE',  ( 0.8660254037844362651, 0.000000000000000000, -0.5000000000000042188 ) ) ;
#1399 = EDGE_LOOP ( 'NONE', ( #2291, #2799, #192, #800, #2578, #1016, #4215, #119 ) ) ;
#1400 = VECTOR ( 'NONE', #2414, 1000.000000000000000 ) ;
#1401 = ORIENTED_EDGE ( 'NONE', *, *, #3854, .T. ) ;
#1403 = VECTOR ( 'NONE', #1804, 1000.000000000000000 ) ;
#1402 = DIRECTION ( 'NONE',  ( -1.000000000000000000, -0.000000000000000000, -0.000000000000000000 ) ) ;
#1404 = PLANE ( 'NONE',  #2869 ) ;
#1405 = DIRECTION ( 'NONE',  ( 1.000000000000000000, 0.000000000000000000, 2.837848136965480861E-16 ) ) ;
#1406 = DIRECTION ( 'NONE',  ( 0.000000000000000000, -0.000000000000000000, 1.000000000000000000 ) ) ;
#1407 = ORIENTED_EDGE ( 'NONE', *, *, #389, .F. ) ;
#1408 = EDGE_CURVE ( 'NONE', #2916, #2009, #202, .T. ) ;
#1409 = CARTESIAN_POINT ( 'NONE',  ( -1.934216675714139910E-13, 5.400000000000074962, 0.6000000000000619282 ) ) ;
#1410 = CARTESIAN_POINT ( 'NONE',  ( -6.000000000000193623, 6.400000000000075850, -1.599999999999938582 ) ) ;
#1411 = CARTESIAN_POINT ( 'NONE',  ( -14.90000000000019398, 6.100000000000074252, -3.399999999999935074 ) ) ;
#1412 = DIRECTION ( 'NONE',  ( 0.000000000000000000, 0.000000000000000000, 1.000000000000000000 ) ) ;
#1413 = EDGE_CURVE ( 'NONE', #2229, #2533, #4167, .T. ) ;
#1414 = ORIENTED_EDGE ( 'NONE', *, *, #388, .T. ) ;
#1415 = CARTESIAN_POINT ( 'NONE',  ( -6.500000000000192735, 6.400000000000075850, -1.599999999999938582 ) ) ;
#1416 = ORIENTED_EDGE ( 'NONE', *, *, #4065, .T. ) ;
#1417 = ORIENTED_EDGE ( 'NONE', *, *, #3626, .F. ) ;
#1418 = EDGE_CURVE ( 'NONE', #732, #3812, #4058, .T. ) ;
#1419 = LINE ( 'NONE', #2380, #3280 ) ;
#1420 = LINE ( 'NONE', #429, #1572 ) ;
#1421 = ORIENTED_EDGE ( 'NONE', *, *, #1929, .F. ) ;
#1422 = ORIENTED_EDGE ( 'NONE', *, *, #1873, .F. ) ;
#1423 = CARTESIAN_POINT ( 'NONE',  ( -12.88205080756906895, 1.900000000000073630, -1.599999999999935252 ) ) ;
#1424 = DIRECTION ( 'NONE',  ( 0.000000000000000000, 1.000000000000000000, 0.000000000000000000 ) ) ;
#1425 = CARTESIAN_POINT ( 'NONE',  ( -12.11794919243130941, 1.900000000000073630, -1.599999999999935030 ) ) ;
#1426 = AXIS2_PLACEMENT_3D ( 'NONE', #2081, #1022, #3700 ) ;
#1427 = DIRECTION ( 'NONE',  ( 0.2588190451025139671, 0.000000000000000000, -0.9659258262890701996 ) ) ;
#1428 = ORIENTED_EDGE ( 'NONE', *, *, #450, .F. ) ;
#1429 = AXIS2_PLACEMENT_3D ( 'NONE', #1659, #919, #1597 ) ;
#1430 = DIRECTION ( 'NONE',  ( 0.000000000000000000, 0.000000000000000000, 1.000000000000000000 ) ) ;
#1431 = CARTESIAN_POINT ( 'NONE',  ( -5.000000000000126121, 4.499999999999999112, 3.122502256758252770E-14 ) ) ;
#1432 = DIRECTION ( 'NONE',  ( 0.000000000000000000, 1.000000000000000000, 0.000000000000000000 ) ) ;
#1433 = CIRCLE ( 'NONE', #3254, 0.4999999999999998890 ) ;
#1434 = CARTESIAN_POINT ( 'NONE',  ( -1.933236958274821979E-13, 6.400000000000074074, -0.9999999999999394928 ) ) ;
#1435 = EDGE_LOOP ( 'NONE', ( #6, #3842 ) ) ;
#1436 = CARTESIAN_POINT ( 'NONE',  ( -5.000000000000126121, -1.301042606982605321E-15, 3.122502256758252770E-14 ) ) ;
#1437 = ORIENTED_EDGE ( 'NONE', *, *, #2409, .T. ) ;
#1438 = ORIENTED_EDGE ( 'NONE', *, *, #1945, .T. ) ;
#1439 = DIRECTION ( 'NONE',  ( 0.000000000000000000, -0.000000000000000000, -1.000000000000000000 ) ) ;
#1440 = DIRECTION ( 'NONE',  ( 0.000000000000000000, 1.000000000000000000, 0.000000000000000000 ) ) ;
#1441 = VERTEX_POINT ( 'NONE', #2181 ) ;
#1442 = EDGE_CURVE ( 'NONE', #125, #622, #2570, .T. ) ;
#1443 = ORIENTED_EDGE ( 'NONE', *, *, #1468, .F. ) ;
#1444 = DIRECTION ( 'NONE',  ( 1.000000000000000000, 0.000000000000000000, 2.837848136965480861E-16 ) ) ;
#1445 = DIRECTION ( 'NONE',  ( 0.000000000000000000, 1.000000000000000000, 3.614007241618348278E-16 ) ) ;
#1446 = CARTESIAN_POINT ( 'NONE',  ( -0.3820508075690690064, 1.900000000000073630, -1.599999999999935252 ) ) ;
#1447 = PLANE ( 'NONE',  #2548 ) ;
#1448 = EDGE_CURVE ( 'NONE', #2443, #3190, #1521, .T. ) ;
#1449 = ORIENTED_EDGE ( 'NONE', *, *, #2401, .F. ) ;
#1450 = DIRECTION ( 'NONE',  ( 0.000000000000000000, 1.000000000000000000, -0.000000000000000000 ) ) ;
#1451 = CARTESIAN_POINT ( 'NONE',  ( -7.500000000000193623, 5.400000000000074962, -0.1999999999998882116 ) ) ;
#1452 = DIRECTION ( 'NONE',  ( 0.000000000000000000, 0.000000000000000000, 1.000000000000000000 ) ) ;
#1453 = VECTOR ( 'NONE', #3231, 1000.000000000000000 ) ;
#1454 = DIRECTION ( 'NONE',  ( 0.000000000000000000, 0.000000000000000000, 1.000000000000000000 ) ) ;
#1455 = EDGE_LOOP ( 'NONE', ( #894, #3107 ) ) ;
#1456 = CARTESIAN_POINT ( 'NONE',  ( -7.500000000000124345, -1.414213562373098254, 4.857225732735059864E-14 ) ) ;
#1458 = DIRECTION ( 'NONE',  ( 0.000000000000000000, 1.000000000000000000, -0.000000000000000000 ) ) ;
#1457 = AXIS2_PLACEMENT_3D ( 'NONE', #1951, #4005, #3651 ) ;
#1459 = ORIENTED_EDGE ( 'NONE', *, *, #1520, .T. ) ;
#1460 = ORIENTED_EDGE ( 'NONE', *, *, #4253, .T. ) ;
#1461 = AXIS2_PLACEMENT_3D ( 'NONE', #1083, #1397, #1439 ) ;
#1462 = FACE_OUTER_BOUND ( 'NONE', #766, .T. ) ;
#1463 = LINE ( 'NONE', #1201, #3534 ) ;
#1464 = ORIENTED_EDGE ( 'NONE', *, *, #470, .F. ) ;
#1465 = ORIENTED_EDGE ( 'NONE', *, *, #2833, .T. ) ;
#1466 = AXIS2_PLACEMENT_3D ( 'NONE', #2180, #2501, #2810 ) ;
#1467 = DIRECTION ( 'NONE',  ( 0.000000000000000000, 0.000000000000000000, 1.000000000000000000 ) ) ;
#1468 = EDGE_CURVE ( 'NONE', #4261, #3260, #3208, .T. ) ;
#1469 = DIRECTION ( 'NONE',  ( 0.000000000000000000, -1.000000000000000000, 0.000000000000000000 ) ) ;
#1470 = VECTOR ( 'NONE', #2060, 1000.000000000000000 ) ;
#1471 = CARTESIAN_POINT ( 'NONE',  ( -12.11794919243130941, -1.301042606982605321E-15, -1.599999999999935030 ) ) ;
#1472 = CARTESIAN_POINT ( 'NONE',  ( -7.500000000000193623, 5.400000000000074962, -0.1999999999998882116 ) ) ;
#1473 = ORIENTED_EDGE ( 'NONE', *, *, #509, .F. ) ;
#1474 = AXIS2_PLACEMENT_3D ( 'NONE', #3866, #1241, #1503 ) ;
#1475 = LINE ( 'NONE', #390, #2360 ) ;
#1476 = ADVANCED_FACE ( 'NONE', ( #2879 ), #463, .F. ) ;
#1477 = DIRECTION ( 'NONE',  ( 1.000000000000000000, 0.000000000000000000, 0.000000000000000000 ) ) ;
#1478 = DIRECTION ( 'NONE',  ( -1.000000000000000000, 0.000000000000000000, -0.000000000000000000 ) ) ;
#1479 = DIRECTION ( 'NONE',  ( 0.000000000000000000, 1.000000000000000000, 0.000000000000000000 ) ) ;
#1480 = EDGE_LOOP ( 'NONE', ( #3615, #3643, #4285, #1557 ) ) ;
#1481 = CARTESIAN_POINT ( 'NONE',  ( -14.10000000000019149, -0.8499999999999259259, 1.500000000000062839 ) ) ;
#1482 = CARTESIAN_POINT ( 'NONE',  ( -1.000000000000193401, 6.400000000000075850, -1.599999999999938582 ) ) ;
#1483 = ORIENTED_EDGE ( 'NONE', *, *, #1143, .T. ) ;
#1484 = ORIENTED_EDGE ( 'NONE', *, *, #1733, .F. ) ;
#1485 = ORIENTED_EDGE ( 'NONE', *, *, #2304, .T. ) ;
#1486 = DIRECTION ( 'NONE',  ( -1.000000000000000000, -0.000000000000000000, -0.000000000000000000 ) ) ;
#1487 = VERTEX_POINT ( 'NONE', #1851 ) ;
#1488 = ORIENTED_EDGE ( 'NONE', *, *, #638, .T. ) ;
#1489 = APPROVAL_DATE_TIME ( #153, #1867 ) ;
#1490 = CARTESIAN_POINT ( 'NONE',  ( -10.00000000000019362, 6.400000000000074074, -0.1999999999998704203 ) ) ;
#1491 = DIRECTION ( 'NONE',  ( 0.2588190451025219607, 0.000000000000000000, 0.9659258262890678681 ) ) ;
#1492 = DIRECTION ( 'NONE',  ( 0.000000000000000000, 1.000000000000000000, 0.000000000000000000 ) ) ;
#1493 = ORIENTED_EDGE ( 'NONE', *, *, #1629, .F. ) ;
#1494 = ADVANCED_FACE ( 'NONE', ( #814 ), #903, .F. ) ;
#1495 = DIRECTION ( 'NONE',  ( -0.000000000000000000, 1.000000000000000000, -0.000000000000000000 ) ) ;
#1496 = PLANE ( 'NONE',  #2865 ) ;
#1497 = DIRECTION ( 'NONE',  ( -0.000000000000000000, -1.000000000000000000, -3.540251991789403391E-16 ) ) ;
#1498 = ADVANCED_FACE ( 'NONE', ( #1565 ), #2244, .F. ) ;
#1499 = EDGE_CURVE ( 'NONE', #1044, #1157, #1894, .T. ) ;
#1500 = VECTOR ( 'NONE', #3593, 1000.000000000000000 ) ;
#1501 = DIRECTION ( 'NONE',  ( 0.000000000000000000, 0.000000000000000000, 1.000000000000000000 ) ) ;
#1502 = EDGE_LOOP ( 'NONE', ( #3688, #2947, #3713, #3274 ) ) ;
#1503 = DIRECTION ( 'NONE',  ( 0.000000000000000000, 1.000000000000000000, 3.540251991789403391E-16 ) ) ;
#1504 = AXIS2_PLACEMENT_3D ( 'NONE', #2774, #2493, #4132 ) ;
#1505 = CYLINDRICAL_SURFACE ( 'NONE', #1698, 0.5000000000000001110 ) ;
#1506 = EDGE_LOOP ( 'NONE', ( #1156, #973, #1554, #3361, #270, #1599, #929, #1038 ) ) ;
#1507 = EDGE_CURVE ( 'NONE', #3169, #2009, #70, .T. ) ;
#1508 = VECTOR ( 'NONE', #4327, 1000.000000000000000 ) ;
#1509 = EDGE_LOOP ( 'NONE', ( #2258, #55, #887, #3673 ) ) ;
#1510 = DIRECTION ( 'NONE',  ( 0.000000000000000000, 0.000000000000000000, -1.000000000000000000 ) ) ;
#1511 = ORIENTED_EDGE ( 'NONE', *, *, #3255, .T. ) ;
#1512 = ORIENTED_EDGE ( 'NONE', *, *, #662, .F. ) ;
#1513 = PERSON_AND_ORGANIZATION_ROLE ( 'creator' ) ;
#1514 = CARTESIAN_POINT ( 'NONE',  ( -9.550000000000194333, 6.400000000000075850, -2.099999999999938360 ) ) ;
#1515 = DIRECTION ( 'NONE',  ( 1.000000000000000000, -0.000000000000000000, 0.000000000000000000 ) ) ;
#1516 = DIRECTION ( 'NONE',  ( 0.2588190451025219607, 0.000000000000000000, 0.9659258262890678681 ) ) ;
#1517 = ORIENTED_EDGE ( 'NONE', *, *, #3766, .F. ) ;
#1518 = DIRECTION ( 'NONE',  ( 0.000000000000000000, 1.000000000000000000, -2.312964634635742957E-16 ) ) ;
#1519 = DIRECTION ( 'NONE',  ( 0.000000000000000000, 0.000000000000000000, 1.000000000000000000 ) ) ;
#1520 = EDGE_CURVE ( 'NONE', #400, #2168, #2155, .T. ) ;
#1521 = LINE ( 'NONE', #3487, #2178 ) ;
#1522 = CARTESIAN_POINT ( 'NONE',  ( -4.000000000000193623, 6.400000000000075850, -1.599999999999938582 ) ) ;
#1523 = ORIENTED_EDGE ( 'NONE', *, *, #2481, .T. ) ;
#1525 = EDGE_CURVE ( 'NONE', #2861, #2254, #2853, .T. ) ;
#1524 = CARTESIAN_POINT ( 'NONE',  ( -2.500000000000192291, 5.400000000000074962, -0.1999999999999233224 ) ) ;
#1526 = CARTESIAN_POINT ( 'NONE',  ( -11.50000000000019362, 6.400000000000074074, 0.8000000000000619949 ) ) ;
#1527 = VERTEX_POINT ( 'NONE', #511 ) ;
#1528 = VECTOR ( 'NONE', #3657, 1000.000000000000000 ) ;
#1529 = EDGE_LOOP ( 'NONE', ( #2376, #3461 ) ) ;
#1530 = VECTOR ( 'NONE', #678, 1000.000000000000000 ) ;
#1531 = EDGE_CURVE ( 'NONE', #2052, #2676, #3863, .T. ) ;
#1532 = CARTESIAN_POINT ( 'NONE',  ( -1.850000000000193490, 1.900000000000073630, -2.599999999999935252 ) ) ;
#1533 = EDGE_LOOP ( 'NONE', ( #1438, #1308, #2599, #3826 ) ) ;
#1534 = VERTEX_POINT ( 'NONE', #3815 ) ;
#1535 = AXIS2_PLACEMENT_3D ( 'NONE', #2152, #1711, #3047 ) ;
#1536 = COORDINATED_UNIVERSAL_TIME_OFFSET ( 5, 0, .BEHIND. ) ;
#1537 = DIRECTION ( 'NONE',  ( -0.08662961636484224626, -0.9962405881956829523, -0.000000000000000000 ) ) ;
#1538 = CARTESIAN_POINT ( 'NONE',  ( -6.500000000000192735, 6.900000000000074074, -3.399999999999935518 ) ) ;
#1539 = DIRECTION ( 'NONE',  ( 0.000000000000000000, 1.000000000000000000, 3.614007241618348278E-16 ) ) ;
#1540 = VECTOR ( 'NONE', #3205, 1000.000000000000000 ) ;
#1541 = ORIENTED_EDGE ( 'NONE', *, *, #987, .T. ) ;
#1543 = CIRCLE ( 'NONE', #561, 0.8000000000000025979 ) ;
#1542 = DIRECTION ( 'NONE',  ( 0.000000000000000000, 0.000000000000000000, -1.000000000000000000 ) ) ;
#1544 = LINE ( 'NONE', #4212, #408 ) ;
#1545 = DIRECTION ( 'NONE',  ( 0.000000000000000000, 1.000000000000000000, -0.000000000000000000 ) ) ;
#1546 = VECTOR ( 'NONE', #4332, 1000.000000000000000 ) ;
#1547 = EDGE_CURVE ( 'NONE', #3683, #1487, #2312, .T. ) ;
#1548 = CARTESIAN_POINT ( 'NONE',  ( -2.117949192431308081, 1.900000000000073630, -1.599999999999935252 ) ) ;
#1549 = ORIENTED_EDGE ( 'NONE', *, *, #2670, .T. ) ;
#1550 = CARTESIAN_POINT ( 'NONE',  ( 1.599999999999806466, 6.900000000000074074, -1.599999999999938360 ) ) ;
#1551 = PLANE ( 'NONE',  #3666 ) ;
#1552 = ORIENTED_EDGE ( 'NONE', *, *, #1034, .T. ) ;
#1553 = EDGE_CURVE ( 'NONE', #212, #2314, #181, .T. ) ;
#1554 = ORIENTED_EDGE ( 'NONE', *, *, #4024, .F. ) ;
#1555 = CARTESIAN_POINT ( 'NONE',  ( -8.136602540378655490, 1.900000000000073630, -2.550000000000003375 ) ) ;
#1556 = ORIENTED_EDGE ( 'NONE', *, *, #1041, .F. ) ;
#1557 = ORIENTED_EDGE ( 'NONE', *, *, #1041, .T. ) ;
#1558 = EDGE_CURVE ( 'NONE', #826, #1211, #4233, .T. ) ;
#1559 = PERSON_AND_ORGANIZATION ( #2460, #1598 ) ;
#1560 = CARTESIAN_POINT ( 'NONE',  ( -10.45000000000019291, 6.400000000000075850, -2.099999999999938360 ) ) ;
#1561 = DIRECTION ( 'NONE',  ( 0.000000000000000000, 1.000000000000000000, 0.000000000000000000 ) ) ;
#1562 = ORIENTED_EDGE ( 'NONE', *, *, #2966, .T. ) ;
#1563 = FACE_OUTER_BOUND ( 'NONE', #1221, .T. ) ;
#1564 = DIRECTION ( 'NONE',  ( -1.000000000000000000, 0.000000000000000000, -0.000000000000000000 ) ) ;
#1565 = FACE_OUTER_BOUND ( 'NONE', #1581, .T. ) ;
#1566 = DIRECTION ( 'NONE',  ( 0.000000000000000000, 3.540251991789403391E-16, -1.000000000000000000 ) ) ;
#1567 = VERTEX_POINT ( 'NONE', #3164 ) ;
#1568 = DIRECTION ( 'NONE',  ( -0.000000000000000000, 1.000000000000000000, 3.614007241618348278E-16 ) ) ;
#1569 = LINE ( 'NONE', #637, #1228 ) ;
#1570 = EDGE_LOOP ( 'NONE', ( #2795, #4280, #920, #3148 ) ) ;
#1571 = ORIENTED_EDGE ( 'NONE', *, *, #3318, .T. ) ;
#1572 = VECTOR ( 'NONE', #3036, 1000.000000000000114 ) ;
#1573 = EDGE_CURVE ( 'NONE', #1785, #3529, #4188, .T. ) ;
#1574 = CARTESIAN_POINT ( 'NONE',  ( -7.500000000000124345, -1.414213562373098254, 0.5000000000000487388 ) ) ;
#1575 = EDGE_LOOP ( 'NONE', ( #57, #2953, #1336, #891 ) ) ;
#1576 = ORIENTED_EDGE ( 'NONE', *, *, #4323, .F. ) ;
#1577 = CARTESIAN_POINT ( 'NONE',  ( 0.000000000000000000, 0.000000000000000000, 0.000000000000000000 ) ) ;
#1578 = CARTESIAN_POINT ( 'NONE',  ( 0.6366025403782699099, -1.301042606982605321E-15, -2.550000000000004707 ) ) ;
#1579 = CARTESIAN_POINT ( 'NONE',  ( -2.050000000000193001, 6.400000000000075850, -2.099999999999938360 ) ) ;
#1580 = EDGE_CURVE ( 'NONE', #3937, #1961, #3927, .T. ) ;
#1581 = EDGE_LOOP ( 'NONE', ( #1761, #77, #8, #2553 ) ) ;
#1582 = DIRECTION ( 'NONE',  ( 1.000000000000000000, 0.000000000000000000, -0.000000000000000000 ) ) ;
#1583 = CYLINDRICAL_SURFACE ( 'NONE', #271, 0.8000000000000025979 ) ;
#1584 = DIRECTION ( 'NONE',  ( 0.000000000000000000, 1.000000000000000000, 3.614007241618348278E-16 ) ) ;
#1585 = EDGE_CURVE ( 'NONE', #3718, #3260, #2672, .T. ) ;
#1586 = FACE_OUTER_BOUND ( 'NONE', #2925, .T. ) ;
#1587 = ORIENTED_EDGE ( 'NONE', *, *, #1924, .F. ) ;
#1588 = DIRECTION ( 'NONE',  ( 0.000000000000000000, -1.000000000000000000, 0.000000000000000000 ) ) ;
#1589 = EDGE_LOOP ( 'NONE', ( #2755, #3299, #2912, #1133, #3097, #2984, #950, #2602, #3179, #3779, #381, #2615, #2331, #297, #2931, #2183, #1151, #1401, #569, #1616, #952, #1696, #4037, #276, #2033, #672, #1571, #3170 ) ) ;
#1590 = VERTEX_POINT ( 'NONE', #1605 ) ;
#1592 = DIRECTION ( 'NONE',  ( 0.000000000000000000, 1.000000000000000000, 3.614007241618348278E-16 ) ) ;
#1591 = VECTOR ( 'NONE', #434, 1000.000000000000000 ) ;
#1593 = EDGE_LOOP ( 'NONE', ( #2683, #2447, #2355, #178 ) ) ;
#1594 = EDGE_LOOP ( 'NONE', ( #1673, #967, #1307, #1414 ) ) ;
#1595 = VECTOR ( 'NONE', #349, 1000.000000000000000 ) ;
#1596 = CARTESIAN_POINT ( 'NONE',  ( -5.450000000000193801, 6.400000000000075850, -1.599999999999938582 ) ) ;
#1597 = DIRECTION ( 'NONE',  ( 0.000000000000000000, 2.209838822900390589E-16, -1.000000000000000000 ) ) ;
#1598 = ORGANIZATION ( 'UNSPECIFIED', 'UNSPECIFIED', '' ) ;
#1599 = ORIENTED_EDGE ( 'NONE', *, *, #1340, .F. ) ;
#1600 = EDGE_CURVE ( 'NONE', #859, #1077, #2610, .T. ) ;
#1601 = DIRECTION ( 'NONE',  ( 1.000000000000000000, -0.000000000000000000, 0.000000000000000000 ) ) ;
#1602 = VECTOR ( 'NONE', #1012, 1000.000000000000000 ) ;
#1603 = DIRECTION ( 'NONE',  ( 0.9962405881956829523, -0.08662961636484224626, 0.000000000000000000 ) ) ;
#1604 = VECTOR ( 'NONE', #1932, 1000.000000000000000 ) ;
#1605 = CARTESIAN_POINT ( 'NONE',  ( 2.399999999999806732, 6.100000000000074252, -3.399999999999935074 ) ) ;
#1606 = VECTOR ( 'NONE', #1183, 1000.000000000000000 ) ;
#1607 = EDGE_CURVE ( 'NONE', #125, #4061, #1914, .T. ) ;
#1608 = LINE ( 'NONE', #4031, #679 ) ;
#1609 = ORIENTED_EDGE ( 'NONE', *, *, #3882, .T. ) ;
#1610 = CARTESIAN_POINT ( 'NONE',  ( -12.50000000000012612, -1.414213562373098254, 8.326672684688674053E-14 ) ) ;
#1611 = VECTOR ( 'NONE', #3006, 1000.000000000000000 ) ;
#1612 = EDGE_LOOP ( 'NONE', ( #907, #294, #1294, #1449 ) ) ;
#1613 = VECTOR ( 'NONE', #1734, 1000.000000000000000 ) ;
#1614 = ORIENTED_EDGE ( 'NONE', *, *, #69, .F. ) ;
#1615 = DIRECTION ( 'NONE',  ( 1.000000000000000000, 0.000000000000000000, 2.837848136965480861E-16 ) ) ;
#1616 = ORIENTED_EDGE ( 'NONE', *, *, #2918, .T. ) ;
#1617 = VERTEX_POINT ( 'NONE', #4007 ) ;
#1618 = CARTESIAN_POINT ( 'NONE',  ( -2.500000000000127010, -1.414213562373098254, 0.5000000000000146549 ) ) ;
#1619 = CARTESIAN_POINT ( 'NONE',  ( -0.3000000000001942224, 6.900000000000074074, -3.399999999999935518 ) ) ;
#1620 = ORIENTED_EDGE ( 'NONE', *, *, #3817, .F. ) ;
#1621 = LINE ( 'NONE', #1337, #1386 ) ;
#1622 = DIRECTION ( 'NONE',  ( 0.000000000000000000, 0.000000000000000000, 1.000000000000000000 ) ) ;
#1623 = CARTESIAN_POINT ( 'NONE',  ( -9.550000000000194333, 6.900000000000074074, -3.399999999999935518 ) ) ;
#1624 = EDGE_CURVE ( 'NONE', #2890, #1738, #3944, .T. ) ;
#1625 = LINE ( 'NONE', #1320, #2926 ) ;
#1626 = DIRECTION ( 'NONE',  ( -0.000000000000000000, 1.000000000000000000, 3.614007241618348278E-16 ) ) ;
#1627 = AXIS2_PLACEMENT_3D ( 'NONE', #2488, #424, #818 ) ;
#1628 = CYLINDRICAL_SURFACE ( 'NONE', #2103, 0.5000000000000007772 ) ;
#1629 = EDGE_CURVE ( 'NONE', #2949, #865, #944, .T. ) ;
#1630 = ADVANCED_FACE ( 'NONE', ( #1665 ), #1004, .F. ) ;
#1631 = ORIENTED_EDGE ( 'NONE', *, *, #3045, .F. ) ;
#1632 = DIRECTION ( 'NONE',  ( 0.000000000000000000, 0.000000000000000000, 1.000000000000000000 ) ) ;
#1633 = ORIENTED_EDGE ( 'NONE', *, *, #2839, .T. ) ;
#1634 = VECTOR ( 'NONE', #2225, 1000.000000000000000 ) ;
#1635 = CARTESIAN_POINT ( 'NONE',  ( 0.4999999999998078759, 6.900000000000074074, 1.500000000000061284 ) ) ;
#1636 = ADVANCED_FACE ( 'NONE', ( #1644 ), #2653, .F. ) ;
#1637 = ORIENTED_EDGE ( 'NONE', *, *, #233, .F. ) ;
#1638 = ORIENTED_EDGE ( 'NONE', *, *, #2401, .T. ) ;
#1639 = DIRECTION ( 'NONE',  ( 0.9659258262890701996, -0.000000000000000000, 0.2588190451025139671 ) ) ;
#1640 = CARTESIAN_POINT ( 'NONE',  ( -6.500000000000192735, 6.400000000000074074, -1.599999999999938582 ) ) ;
#1641 = VERTEX_POINT ( 'NONE', #3249 ) ;
#1642 = PLANE ( 'NONE',  #330 ) ;
#1643 = CARTESIAN_POINT ( 'NONE',  ( -5.450000000000193801, 6.400000000000075850, -1.599999999999938582 ) ) ;
#1644 = FACE_OUTER_BOUND ( 'NONE', #2034, .T. ) ;
#1645 = CARTESIAN_POINT ( 'NONE',  ( -5.000000000000191847, 5.400000000000074962, -0.9999999999999080735 ) ) ;
#1646 = EDGE_CURVE ( 'NONE', #1949, #2191, #593, .T. ) ;
#1647 = LINE ( 'NONE', #2656, #1943 ) ;
#1648 = DIRECTION ( 'NONE',  ( 0.000000000000000000, -3.614007241618348278E-16, 1.000000000000000000 ) ) ;
#1649 = CARTESIAN_POINT ( 'NONE',  ( -4.000000000000193623, 6.400000000000074074, -1.599999999999938582 ) ) ;
#1650 = EDGE_LOOP ( 'NONE', ( #1923, #2098, #296, #694 ) ) ;
#1651 = DIRECTION ( 'NONE',  ( 0.000000000000000000, 1.770125995894702188E-16, -1.000000000000000000 ) ) ;
#1652 = EDGE_CURVE ( 'NONE', #2930, #3437, #1977, .T. ) ;
#1653 = ORIENTED_EDGE ( 'NONE', *, *, #1374, .F. ) ;
#1654 = DIRECTION ( 'NONE',  ( 1.000000000000000000, -0.000000000000000000, 0.000000000000000000 ) ) ;
#1655 = ORIENTED_EDGE ( 'NONE', *, *, #2492, .F. ) ;
#1656 = EDGE_LOOP ( 'NONE', ( #2885, #3998, #551, #2166 ) ) ;
#1657 = EDGE_CURVE ( 'NONE', #2232, #1013, #245, .T. ) ;
#1658 = PLANE ( 'NONE',  #3571 ) ;
#1659 = CARTESIAN_POINT ( 'NONE',  ( 2.449999999999872280, 4.699999999999999289, 0.5499999999999974909 ) ) ;
#1660 = ORIENTED_EDGE ( 'NONE', *, *, #2571, .T. ) ;
#1661 = VECTOR ( 'NONE', #3864, 1000.000000000000000 ) ;
#1662 = DIRECTION ( 'NONE',  ( 0.2588190451025219607, 0.000000000000000000, 0.9659258262890678681 ) ) ;
#1663 = PLANE ( 'NONE',  #4123 ) ;
#1664 = VECTOR ( 'NONE', #2198, 1000.000000000000000 ) ;
#1665 = FACE_OUTER_BOUND ( 'NONE', #4042, .T. ) ;
#1666 = CARTESIAN_POINT ( 'NONE',  ( -11.70000000000019291, 6.100000000000072475, 1.500000000000062839 ) ) ;
#1667 = FACE_OUTER_BOUND ( 'NONE', #912, .T. ) ;
#1668 = CARTESIAN_POINT ( 'NONE',  ( -6.850000000000192379, -1.301042606982605321E-15, -2.599999999999935252 ) ) ;
#1669 = DIRECTION ( 'NONE',  ( 0.000000000000000000, 0.000000000000000000, -1.000000000000000000 ) ) ;
#1670 = ORIENTED_EDGE ( 'NONE', *, *, #314, .T. ) ;
#1671 = AXIS2_PLACEMENT_3D ( 'NONE', #3048, #2413, #2389 ) ;
#1672 = LINE ( 'NONE', #352, #3488 ) ;
#1673 = ORIENTED_EDGE ( 'NONE', *, *, #2719, .T. ) ;
#1674 = VECTOR ( 'NONE', #3900, 1000.000000000000000 ) ;
#1675 = DIRECTION ( 'NONE',  ( 0.000000000000000000, 1.000000000000000000, 3.540251991789403391E-16 ) ) ;
#1676 = ORIENTED_EDGE ( 'NONE', *, *, #3016, .T. ) ;
#1677 = EDGE_CURVE ( 'NONE', #3718, #3916, #2281, .T. ) ;
#1678 = ORIENTED_EDGE ( 'NONE', *, *, #1408, .F. ) ;
#1679 = AXIS2_PLACEMENT_3D ( 'NONE', #2815, #4127, #2685 ) ;
#1680 = DIRECTION ( 'NONE',  ( -0.000000000000000000, -1.000000000000000000, -0.000000000000000000 ) ) ;
#1681 = PLANE ( 'NONE',  #1707 ) ;
#1682 = ADVANCED_FACE ( 'NONE', ( #636, #1933 ), #3268, .T. ) ;
#1683 = ORIENTED_EDGE ( 'NONE', *, *, #2863, .T. ) ;
#1684 = DIRECTION ( 'NONE',  ( 0.2588190451025139671, 0.000000000000000000, -0.9659258262890701996 ) ) ;
#1685 = CARTESIAN_POINT ( 'NONE',  ( -2.500000000000192291, 5.400000000000074962, -0.9999999999999241718 ) ) ;
#1686 = LINE ( 'NONE', #2712, #1987 ) ;
#1687 = CARTESIAN_POINT ( 'NONE',  ( -11.00000000000019362, 6.400000000000075850, -1.599999999999938582 ) ) ;
#1688 = DIRECTION ( 'NONE',  ( 0.000000000000000000, -0.000000000000000000, 1.000000000000000000 ) ) ;
#1689 = LINE ( 'NONE', #4012, #690 ) ;
#1690 = CARTESIAN_POINT ( 'NONE',  ( -2.950000000000193356, 6.400000000000075850, -2.099999999999938360 ) ) ;
#1691 = DIRECTION ( 'NONE',  ( 0.000000000000000000, -3.540251991789403391E-16, 1.000000000000000000 ) ) ;
#1692 = ORIENTED_EDGE ( 'NONE', *, *, #2950, .F. ) ;
#1693 = ADVANCED_FACE ( 'NONE', ( #3653 ), #655, .F. ) ;
#1694 = LINE ( 'NONE', #4062, #801 ) ;
#1695 = ORIENTED_EDGE ( 'NONE', *, *, #2648, .T. ) ;
#1696 = ORIENTED_EDGE ( 'NONE', *, *, #3822, .T. ) ;
#1697 = EDGE_CURVE ( 'NONE', #1441, #327, #2961, .T. ) ;
#1698 = AXIS2_PLACEMENT_3D ( 'NONE', #3845, #4173, #846 ) ;
#1699 = LINE ( 'NONE', #3035, #3223 ) ;
#1700 = DIRECTION ( 'NONE',  ( 0.000000000000000000, 1.000000000000000000, 3.540251991789403391E-16 ) ) ;
#1701 = VERTEX_POINT ( 'NONE', #4296 ) ;
#1702 = ORIENTED_EDGE ( 'NONE', *, *, #1210, .F. ) ;
#1703 = EDGE_CURVE ( 'NONE', #3812, #732, #792, .T. ) ;
#1704 = CARTESIAN_POINT ( 'NONE',  ( 1.599999999999806466, 6.900000000000074074, -1.599999999999938360 ) ) ;
#1705 = EDGE_CURVE ( 'NONE', #4202, #708, #4252, .T. ) ;
#1706 = CARTESIAN_POINT ( 'NONE',  ( -0.4500000000001933009, 6.400000000000075850, -2.099999999999938360 ) ) ;
#1707 = AXIS2_PLACEMENT_3D ( 'NONE', #671, #693, #2996 ) ;
#1708 = FACE_BOUND ( 'NONE', #1435, .T. ) ;
#1709 = CARTESIAN_POINT ( 'NONE',  ( -12.50000000000019362, 3.450000000000073896, 2.300000000000063327 ) ) ;
#1710 = VECTOR ( 'NONE', #3997, 1000.000000000000000 ) ;
#1711 = DIRECTION ( 'NONE',  ( 0.000000000000000000, 3.540251991789403391E-16, -1.000000000000000000 ) ) ;
#1712 = ADVANCED_FACE ( 'NONE', ( #2062 ), #1068, .F. ) ;
#1713 = DIRECTION ( 'NONE',  ( -1.000000000000000000, -0.000000000000000000, -0.000000000000000000 ) ) ;
#1714 = CARTESIAN_POINT ( 'NONE',  ( -1.863397459621730645, -1.301042606982605321E-15, -2.550000000000004263 ) ) ;
#1715 = CARTESIAN_POINT ( 'NONE',  ( -0.3820508075690690064, 1.900000000000073630, -1.599999999999935252 ) ) ;
#1716 = ORIENTED_EDGE ( 'NONE', *, *, #667, .T. ) ;
#1717 = DIRECTION ( 'NONE',  ( 1.000000000000000000, -0.000000000000000000, 0.000000000000000000 ) ) ;
#1718 = ORIENTED_EDGE ( 'NONE', *, *, #738, .F. ) ;
#1719 = EDGE_LOOP ( 'NONE', ( #2197, #965, #4178, #2701 ) ) ;
#1720 = CARTESIAN_POINT ( 'NONE',  ( 1.599999999999806466, 6.100000000000076028, -2.599999999999936140 ) ) ;
#1721 = DIRECTION ( 'NONE',  ( 1.000000000000000000, 0.000000000000000000, 0.000000000000000000 ) ) ;
#1722 = EDGE_LOOP ( 'NONE', ( #4305, #731, #3865, #2352, #3847, #1587, #3502, #1869 ) ) ;
#1723 = EDGE_LOOP ( 'NONE', ( #257, #3447, #3135, #4267 ) ) ;
#1724 = CARTESIAN_POINT ( 'NONE',  ( -1.925543058334255875E-13, 3.450000000000073896, 1.500000000000061950 ) ) ;
#1725 = DIRECTION ( 'NONE',  ( 0.000000000000000000, 1.000000000000000000, 3.614007241618348278E-16 ) ) ;
#1726 = DIRECTION ( 'NONE',  ( -0.000000000000000000, -1.000000000000000000, 0.000000000000000000 ) ) ;
#1727 = DIRECTION ( 'NONE',  ( 0.000000000000000000, 1.000000000000000000, -0.000000000000000000 ) ) ;
#1728 = VECTOR ( 'NONE', #3727, 1000.000000000000000 ) ;
#1729 = ADVANCED_FACE ( 'NONE', ( #3370 ), #1358, .F. ) ;
#1730 = DIRECTION ( 'NONE',  ( -1.000000000000000000, 0.000000000000000000, -0.000000000000000000 ) ) ;
#1731 = VECTOR ( 'NONE', #3816, 1000.000000000000000 ) ;
#1732 = LINE ( 'NONE', #2046, #338 ) ;
#1733 = EDGE_CURVE ( 'NONE', #2530, #3278, #1686, .T. ) ;
#1734 = DIRECTION ( 'NONE',  ( -0.000000000000000000, -1.000000000000000000, -0.000000000000000000 ) ) ;
#1735 = AXIS2_PLACEMENT_3D ( 'NONE', #2342, #344, #1684 ) ;
#1736 = ADVANCED_FACE ( 'NONE', ( #347, #1708, #433, #4115, #1048, #700, #2363 ), #3741, .T. ) ;
#1737 = CARTESIAN_POINT ( 'NONE',  ( -5.382050807569068951, -1.301042606982605321E-15, -1.599999999999935252 ) ) ;
#1738 = VERTEX_POINT ( 'NONE', #3088 ) ;
#1739 = VECTOR ( 'NONE', #53, 1000.000000000000000 ) ;
#1740 = VECTOR ( 'NONE', #3373, 1000.000000000000000 ) ;
#1741 = LINE ( 'NONE', #3380, #941 ) ;
#1742 = VERTEX_POINT ( 'NONE', #2344 ) ;
#1743 = ORIENTED_EDGE ( 'NONE', *, *, #767, .F. ) ;
#1744 = AXIS2_PLACEMENT_3D ( 'NONE', #918, #2235, #1291 ) ;
#1745 = CARTESIAN_POINT ( 'NONE',  ( -4.350000000000193268, 1.900000000000073630, -2.599999999999935252 ) ) ;
#1746 = PLANE ( 'NONE',  #3661 ) ;
#1747 = VERTEX_POINT ( 'NONE', #3722 ) ;
#1748 = ORIENTED_EDGE ( 'NONE', *, *, #628, .T. ) ;
#1750 = AXIS2_PLACEMENT_3D ( 'NONE', #491, #1833, #3229 ) ;
#1749 = LINE ( 'NONE', #4091, #2786 ) ;
#1751 = CARTESIAN_POINT ( 'NONE',  ( -14.90000000000019398, 6.100000000000074252, -3.399999999999935518 ) ) ;
#1752 = CARTESIAN_POINT ( 'NONE',  ( -1.925543058334255875E-13, 3.450000000000073896, 2.300000000000063327 ) ) ;
#1753 = CARTESIAN_POINT ( 'NONE',  ( -6.000000000000193623, 6.400000000000075850, -1.599999999999938582 ) ) ;
#1754 = EDGE_LOOP ( 'NONE', ( #1202, #399, #2600, #105 ) ) ;
#1755 = CARTESIAN_POINT ( 'NONE',  ( -6.500000000000192735, 6.400000000000075850, -1.599999999999938582 ) ) ;
#1756 = LINE ( 'NONE', #3093, #1740 ) ;
#1758 = EDGE_CURVE ( 'NONE', #518, #2978, #3043, .T. ) ;
#1757 = PLANE ( 'NONE',  #2941 ) ;
#1759 = ADVANCED_FACE ( 'NONE', ( #2021 ), #2428, .F. ) ;
#1760 = DIRECTION ( 'NONE',  ( 0.000000000000000000, -1.000000000000000000, -3.540251991789403391E-16 ) ) ;
#1761 = ORIENTED_EDGE ( 'NONE', *, *, #3874, .T. ) ;
#1762 = EDGE_CURVE ( 'NONE', #2115, #2489, #2690, .T. ) ;
#1763 = DIRECTION ( 'NONE',  ( 0.000000000000000000, 1.000000000000000000, 0.000000000000000000 ) ) ;
#1764 = ORIENTED_EDGE ( 'NONE', *, *, #2409, .F. ) ;
#1765 = ORIENTED_EDGE ( 'NONE', *, *, #3951, .F. ) ;
#1766 = CARTESIAN_POINT ( 'NONE',  ( -10.65000000000019220, 1.900000000000073630, -2.599999999999935252 ) ) ;
#1767 = EDGE_CURVE ( 'NONE', #3240, #1393, #109, .T. ) ;
#1768 = DIRECTION ( 'NONE',  ( -0.000000000000000000, -0.000000000000000000, 1.000000000000000000 ) ) ;
#1769 = VERTEX_POINT ( 'NONE', #3350 ) ;
#1770 = ORIENTED_EDGE ( 'NONE', *, *, #2481, .F. ) ;
#1771 = VECTOR ( 'NONE', #2305, 1000.000000000000000 ) ;
#1772 = LINE ( 'NONE', #2384, #4324 ) ;
#1773 = CARTESIAN_POINT ( 'NONE',  ( -6.250000000000127010, 4.499999999999999112, -3.035766082959412415E-15 ) ) ;
#1774 = CARTESIAN_POINT ( 'NONE',  ( -14.10000000000012577, -1.301042606982605321E-15, -2.550000000000002487 ) ) ;
#1775 = DIRECTION ( 'NONE',  ( 0.000000000000000000, 0.000000000000000000, 1.000000000000000000 ) ) ;
#1776 = ORIENTED_EDGE ( 'NONE', *, *, #3040, .T. ) ;
#1777 = AXIS2_PLACEMENT_3D ( 'NONE', #3430, #4067, #1062 ) ;
#1778 = DIRECTION ( 'NONE',  ( -0.2588190451025139671, -0.000000000000000000, 0.9659258262890701996 ) ) ;
#1779 = DIRECTION ( 'NONE',  ( 0.000000000000000000, 1.000000000000000000, 0.000000000000000000 ) ) ;
#1780 = DIRECTION ( 'NONE',  ( 0.000000000000000000, 0.000000000000000000, 1.000000000000000000 ) ) ;
#1781 = AXIS2_PLACEMENT_3D ( 'NONE', #2353, #1654, #2393 ) ;
#1782 = EDGE_CURVE ( 'NONE', #2039, #507, #386, .T. ) ;
#1783 = VECTOR ( 'NONE', #538, 1000.000000000000000 ) ;
#1784 = CARTESIAN_POINT ( 'NONE',  ( -4.000000000000193623, 6.400000000000075850, -1.599999999999938582 ) ) ;
#1785 = VERTEX_POINT ( 'NONE', #3064 ) ;
#1786 = FACE_OUTER_BOUND ( 'NONE', #2495, .T. ) ;
#1787 = LINE ( 'NONE', #2441, #2272 ) ;
#1788 = ADVANCED_FACE ( 'NONE', ( #411 ), #63, .F. ) ;
#1789 = ORIENTED_EDGE ( 'NONE', *, *, #1705, .F. ) ;
#1790 = ORIENTED_EDGE ( 'NONE', *, *, #2113, .F. ) ;
#1791 = VECTOR ( 'NONE', #751, 1000.000000000000000 ) ;
#1792 = ADVANCED_FACE ( 'NONE', ( #2738 ), #2407, .F. ) ;
#1793 = DIRECTION ( 'NONE',  ( -1.000000000000000000, 0.000000000000000000, -0.000000000000000000 ) ) ;
#1794 = LINE ( 'NONE', #2446, #4228 ) ;
#1795 = ORIENTED_EDGE ( 'NONE', *, *, #2274, .T. ) ;
#1796 = EDGE_CURVE ( 'NONE', #1064, #2443, #764, .T. ) ;
#1797 = LINE ( 'NONE', #1423, #2508 ) ;
#1798 = DIRECTION ( 'NONE',  ( 0.000000000000000000, 0.000000000000000000, 1.000000000000000000 ) ) ;
#1799 = CARTESIAN_POINT ( 'NONE',  ( 0.3820508075686916971, 1.900000000000073630, -2.550000000000004707 ) ) ;
#1800 = CARTESIAN_POINT ( 'NONE',  ( -4.000000000000193623, 6.400000000000075850, -1.599999999999938582 ) ) ;
#1801 = ORIENTED_EDGE ( 'NONE', *, *, #3859, .F. ) ;
#1802 = LINE ( 'NONE', #3745, #2084 ) ;
#1803 = LINE ( 'NONE', #3138, #1109 ) ;
#1804 = DIRECTION ( 'NONE',  ( 0.000000000000000000, -0.000000000000000000, -1.000000000000000000 ) ) ;
#1805 = CIRCLE ( 'NONE', #1313, 0.5000000000000007772 ) ;
#1806 = CARTESIAN_POINT ( 'NONE',  ( -8.500000000000193623, 6.400000000000075850, -1.599999999999938582 ) ) ;
#1807 = VERTEX_POINT ( 'NONE', #1446 ) ;
#1808 = ADVANCED_FACE ( 'NONE', ( #2780 ), #17, .F. ) ;
#1809 = PLANE ( 'NONE',  #1895 ) ;
#1811 = CARTESIAN_POINT ( 'NONE',  ( -12.50000000000019185, 6.400000000000074074, 0.6000000000001488587 ) ) ;
#1810 = VECTOR ( 'NONE', #610, 1000.000000000000000 ) ;
#1812 = VERTEX_POINT ( 'NONE', #4137 ) ;
#1813 = VERTEX_POINT ( 'NONE', #3831 ) ;
#1814 = AXIS2_PLACEMENT_3D ( 'NONE', #25, #2008, #4015 ) ;
#1815 = DIRECTION ( 'NONE',  ( 0.000000000000000000, -3.614007241618348278E-16, 1.000000000000000000 ) ) ;
#1816 = VECTOR ( 'NONE', #1095, 1000.000000000000000 ) ;
#1817 = DIRECTION ( 'NONE',  ( -0.000000000000000000, -1.000000000000000000, -3.540251991789403391E-16 ) ) ;
#1818 = EDGE_CURVE ( 'NONE', #843, #3278, #1220, .T. ) ;
#1819 = ORIENTED_EDGE ( 'NONE', *, *, #4065, .F. ) ;
#1820 = VERTEX_POINT ( 'NONE', #2475 ) ;
#1821 = VECTOR ( 'NONE', #2591, 1000.000000000000114 ) ;
#1822 = EDGE_CURVE ( 'NONE', #4074, #4261, #809, .T. ) ;
#1823 = CALENDAR_DATE ( 2022, 28, 2 ) ;
#1824 = CARTESIAN_POINT ( 'NONE',  ( -8.500000000000193623, 6.900000000000074074, 0.8000000000000619949 ) ) ;
#1825 = VECTOR ( 'NONE', #1047, 1000.000000000000000 ) ;
#1826 = CARTESIAN_POINT ( 'NONE',  ( -0.3820508075690690064, 1.900000000000073630, -1.599999999999935252 ) ) ;
#1827 = EDGE_CURVE ( 'NONE', #3984, #544, #4208, .T. ) ;
#1828 = PLANE ( 'NONE',  #901 ) ;
#1829 = VERTEX_POINT ( 'NONE', #832 ) ;
#1830 = VECTOR ( 'NONE', #3776, 1000.000000000000114 ) ;
#1831 = CARTESIAN_POINT ( 'NONE',  ( 1.599999999999806466, 6.900000000000074074, -2.099999999999938360 ) ) ;
#1832 = CARTESIAN_POINT ( 'NONE',  ( -5.382050807569068951, 1.900000000000073630, -1.599999999999935252 ) ) ;
#1833 = DIRECTION ( 'NONE',  ( 0.000000000000000000, 1.000000000000000000, 0.000000000000000000 ) ) ;
#1834 = CARTESIAN_POINT ( 'NONE',  ( -9.000000000000193623, 6.900000000000074074, 0.8000000000000627720 ) ) ;
#1835 = EDGE_LOOP ( 'NONE', ( #4200, #241, #3037, #742 ) ) ;
#1836 = CARTESIAN_POINT ( 'NONE',  ( -4.550000000000193445, 6.900000000000074074, -1.599999999999938360 ) ) ;
#1837 = CARTESIAN_POINT ( 'NONE',  ( 1.599999999999806466, 1.000000000000075051, 1.500000000000062839 ) ) ;
#1838 = ORIENTED_EDGE ( 'NONE', *, *, #131, .F. ) ;
#1839 = ORIENTED_EDGE ( 'NONE', *, *, #2598, .F. ) ;
#1840 = DIRECTION ( 'NONE',  ( 0.000000000000000000, 0.000000000000000000, 1.000000000000000000 ) ) ;
#1841 = ORIENTED_EDGE ( 'NONE', *, *, #1984, .T. ) ;
#1842 = VERTEX_POINT ( 'NONE', #3810 ) ;
#1843 = EDGE_CURVE ( 'NONE', #2423, #3960, #3450, .T. ) ;
#1844 = CARTESIAN_POINT ( 'NONE',  ( -13.00000000000019362, 1.000000000000075051, 2.300000000000063327 ) ) ;
#1845 = CARTESIAN_POINT ( 'NONE',  ( 0.4999999999998078759, 3.450000000000073896, 2.300000000000063327 ) ) ;
#1846 = DIRECTION ( 'NONE',  ( 0.000000000000000000, 1.000000000000000000, 3.540251991789403391E-16 ) ) ;
#1847 = EDGE_LOOP ( 'NONE', ( #1103, #825, #3013, #1511 ) ) ;
#1848 = ADVANCED_FACE ( 'NONE', ( #155 ), #2195, .F. ) ;
#1849 = DIRECTION ( 'NONE',  ( 0.000000000000000000, 0.000000000000000000, 1.000000000000000000 ) ) ;
#1850 = CARTESIAN_POINT ( 'NONE',  ( 2.399999999999806732, 6.100000000000076028, 1.500000000000061284 ) ) ;
#1851 = CARTESIAN_POINT ( 'NONE',  ( -7.500000000000124345, 4.499999999999999112, 0.5000000000000487388 ) ) ;
#1852 = EDGE_CURVE ( 'NONE', #2596, #2070, #2497, .T. ) ;
#1853 = LINE ( 'NONE', #2901, #48 ) ;
#1854 = ORIENTED_EDGE ( 'NONE', *, *, #3471, .F. ) ;
#1855 = CARTESIAN_POINT ( 'NONE',  ( -11.50000000000019362, 6.400000000000075850, -1.599999999999938582 ) ) ;
#1856 = VECTOR ( 'NONE', #1768, 1000.000000000000000 ) ;
#1857 = LINE ( 'NONE', #1482, #1859 ) ;
#1858 = EDGE_LOOP ( 'NONE', ( #4184, #1289 ) ) ;
#1859 = VECTOR ( 'NONE', #3820, 1000.000000000000000 ) ;
#1860 = ORIENTED_EDGE ( 'NONE', *, *, #881, .F. ) ;
#1861 = CARTESIAN_POINT ( 'NONE',  ( -10.38205080756906895, -1.301042606982605321E-15, -1.599999999999935252 ) ) ;
#1862 = ORIENTED_EDGE ( 'NONE', *, *, #598, .T. ) ;
#1863 = EDGE_LOOP ( 'NONE', ( #1631, #1367, #696, #665 ) ) ;
#1864 =( NAMED_UNIT ( * ) SI_UNIT ( $, .STERADIAN. ) SOLID_ANGLE_UNIT ( ) );
#1865 = DIRECTION ( 'NONE',  ( 0.000000000000000000, -0.000000000000000000, -1.000000000000000000 ) ) ;
#1866 = CARTESIAN_POINT ( 'NONE',  ( -12.50000000000012612, 4.499999999999999112, 0.5000000000000840439 ) ) ;
#1867 = APPROVAL ( #2147, 'UNSPECIFIED' ) ;
#1868 = CARTESIAN_POINT ( 'NONE',  ( -11.70000000000019291, 1.000000000000074607, 2.300000000000063327 ) ) ;
#1869 = ORIENTED_EDGE ( 'NONE', *, *, #2056, .F. ) ;
#1870 = CARTESIAN_POINT ( 'NONE',  ( -11.70000000000019291, 6.900000000000074074, 1.500000000000061284 ) ) ;
#1871 = CARTESIAN_POINT ( 'NONE',  ( -12.50000000000012612, -1.414213562373098254, 8.326672684688674053E-14 ) ) ;
#1872 = DIRECTION ( 'NONE',  ( -1.000000000000000000, 0.000000000000000000, 0.000000000000000000 ) ) ;
#1873 = EDGE_CURVE ( 'NONE', #1807, #2886, #195, .T. ) ;
#1874 = FACE_OUTER_BOUND ( 'NONE', #2494, .T. ) ;
#1875 = ORIENTED_EDGE ( 'NONE', *, *, #162, .F. ) ;
#1876 = DIRECTION ( 'NONE',  ( -1.000000000000000000, -0.000000000000000000, -0.000000000000000000 ) ) ;
#1877 = CARTESIAN_POINT ( 'NONE',  ( -6.500000000000192735, 6.400000000000075850, -1.599999999999938582 ) ) ;
#1878 = EDGE_CURVE ( 'NONE', #3295, #1441, #176, .T. ) ;
#1879 = ORIENTED_EDGE ( 'NONE', *, *, #957, .F. ) ;
#1880 = AXIS2_PLACEMENT_3D ( 'NONE', #2182, #3189, #183 ) ;
#1881 = ORIENTED_EDGE ( 'NONE', *, *, #2675, .F. ) ;
#1882 = CARTESIAN_POINT ( 'NONE',  ( -5.000000000000126121, -1.414213562373098254, 0.5000000000000313083 ) ) ;
#1883 = VERTEX_POINT ( 'NONE', #1866 ) ;
#1884 = ORIENTED_EDGE ( 'NONE', *, *, #1580, .T. ) ;
#1885 = CALENDAR_DATE ( 2022, 28, 2 ) ;
#1886 = PLANE ( 'NONE',  #4195 ) ;
#1887 = DIRECTION ( 'NONE',  ( 1.000000000000000000, 0.000000000000000000, -0.000000000000000000 ) ) ;
#1888 = DIRECTION ( 'NONE',  ( -0.9659258262890679791, 0.000000000000000000, 0.2588190451025220162 ) ) ;
#1889 = VECTOR ( 'NONE', #3326, 1000.000000000000000 ) ;
#1890 = ORIENTED_EDGE ( 'NONE', *, *, #1442, .T. ) ;
#1892 = VECTOR ( 'NONE', #2126, 1000.000000000000000 ) ;
#1891 = DIRECTION ( 'NONE',  ( 0.000000000000000000, 0.000000000000000000, 1.000000000000000000 ) ) ;
#1893 = CARTESIAN_POINT ( 'NONE',  ( -9.550000000000194333, 6.400000000000075850, -1.599999999999938582 ) ) ;
#1894 = LINE ( 'NONE', #862, #1403 ) ;
#1895 = AXIS2_PLACEMENT_3D ( 'NONE', #142, #670, #3343 ) ;
#1896 = EDGE_CURVE ( 'NONE', #4247, #2679, #2174, .T. ) ;
#1897 = DIRECTION ( 'NONE',  ( 0.000000000000000000, -1.000000000000000000, 0.000000000000000000 ) ) ;
#1898 = ORIENTED_EDGE ( 'NONE', *, *, #2221, .T. ) ;
#1899 = DIRECTION ( 'NONE',  ( 0.000000000000000000, 1.000000000000000000, 0.000000000000000000 ) ) ;
#1900 = LINE ( 'NONE', #4008, #659 ) ;
#1901 = ORIENTED_EDGE ( 'NONE', *, *, #2056, .T. ) ;
#1902 = ADVANCED_FACE ( 'NONE', ( #3505 ), #3480, .F. ) ;
#1903 = VERTEX_POINT ( 'NONE', #1845 ) ;
#1904 = CARTESIAN_POINT ( 'NONE',  ( 0.4999999999998078759, 3.450000000000073896, 2.300000000000063327 ) ) ;
#1905 = ORIENTED_EDGE ( 'NONE', *, *, #2350, .T. ) ;
#1906 = ORIENTED_EDGE ( 'NONE', *, *, #566, .F. ) ;
#1907 = ADVANCED_FACE ( 'NONE', ( #3526 ), #527, .F. ) ;
#1908 = CALENDAR_DATE ( 2022, 28, 2 ) ;
#1909 = CARTESIAN_POINT ( 'NONE',  ( -4.617949192431308525, 1.900000000000073630, -1.599999999999935252 ) ) ;
#1910 = DIRECTION ( 'NONE',  ( 0.2588190451025139671, 0.000000000000000000, -0.9659258262890701996 ) ) ;
#1911 = EDGE_LOOP ( 'NONE', ( #1132, #1938, #2662, #1549 ) ) ;
#1912 = LINE ( 'NONE', #3484, #127 ) ;
#1913 = LINE ( 'NONE', #3247, #1674 ) ;
#1914 = LINE ( 'NONE', #3289, #1396 ) ;
#1915 = DIRECTION ( 'NONE',  ( 0.000000000000000000, 1.000000000000000000, 0.000000000000000000 ) ) ;
#1916 = ORIENTED_EDGE ( 'NONE', *, *, #162, .T. ) ;
#1917 = LINE ( 'NONE', #3559, #4126 ) ;
#1918 = ORIENTED_EDGE ( 'NONE', *, *, #1385, .F. ) ;
#1919 = CC_DESIGN_PERSON_AND_ORGANIZATION_ASSIGNMENT ( #2192, #217, ( #3693 ) ) ;
#1920 = AXIS2_PLACEMENT_3D ( 'NONE', #482, #3547, #856 ) ;
#1921 = ORIENTED_EDGE ( 'NONE', *, *, #734, .T. ) ;
#1922 = DIRECTION ( 'NONE',  ( 0.000000000000000000, 0.000000000000000000, 1.000000000000000000 ) ) ;
#1923 = ORIENTED_EDGE ( 'NONE', *, *, #922, .T. ) ;
#1924 = EDGE_CURVE ( 'NONE', #992, #4150, #4182, .T. ) ;
#1925 = ORIENTED_EDGE ( 'NONE', *, *, #1878, .F. ) ;
#1926 = AXIS2_PLACEMENT_3D ( 'NONE', #3644, #49, #4019 ) ;
#1927 = DIRECTION ( 'NONE',  ( -0.000000000000000000, 1.000000000000000000, 3.614007241618348278E-16 ) ) ;
#1928 = PLANE ( 'NONE',  #523 ) ;
#1929 = EDGE_CURVE ( 'NONE', #2967, #3976, #4161, .T. ) ;
#1930 = ORIENTED_EDGE ( 'NONE', *, *, #4143, .F. ) ;
#1931 = FACE_OUTER_BOUND ( 'NONE', #4117, .T. ) ;
#1932 = DIRECTION ( 'NONE',  ( 0.000000000000000000, 1.770125995894702188E-16, -1.000000000000000000 ) ) ;
#1933 = FACE_OUTER_BOUND ( 'NONE', #3235, .T. ) ;
#1934 = LINE ( 'NONE', #3536, #1453 ) ;
#1935 = DIRECTION ( 'NONE',  ( -0.000000000000000000, -1.770125995894702188E-16, 1.000000000000000000 ) ) ;
#1936 = FACE_OUTER_BOUND ( 'NONE', #1480, .T. ) ;
#1937 = ORIENTED_EDGE ( 'NONE', *, *, #2278, .F. ) ;
#1938 = ORIENTED_EDGE ( 'NONE', *, *, #2092, .F. ) ;
#1940 = FACE_OUTER_BOUND ( 'NONE', #1226, .T. ) ;
#1939 = VECTOR ( 'NONE', #549, 999.9999999999998863 ) ;
#1941 = ORIENTED_EDGE ( 'NONE', *, *, #36, .F. ) ;
#1942 = ORIENTED_EDGE ( 'NONE', *, *, #2966, .F. ) ;
#1943 = VECTOR ( 'NONE', #2612, 1000.000000000000000 ) ;
#1944 = SHAPE_DEFINITION_REPRESENTATION ( #3204, #2881 ) ;
#1945 = EDGE_CURVE ( 'NONE', #4096, #3668, #877, .T. ) ;
#1946 = DIRECTION ( 'NONE',  ( 0.000000000000000000, 1.000000000000000000, 0.000000000000000000 ) ) ;
#1947 = CARTESIAN_POINT ( 'NONE',  ( -0.3820508075690690064, -1.301042606982605321E-15, -1.599999999999935252 ) ) ;
#1948 = VECTOR ( 'NONE', #456, 1000.000000000000114 ) ;
#1949 = VERTEX_POINT ( 'NONE', #3224 ) ;
#1950 = EDGE_CURVE ( 'NONE', #3122, #1973, #1075, .T. ) ;
#1951 = CARTESIAN_POINT ( 'NONE',  ( -7.882050807569068951, 1.900000000000073630, -1.599999999999935252 ) ) ;
#1952 = EDGE_CURVE ( 'NONE', #2151, #382, #2127, .T. ) ;
#1953 = EDGE_CURVE ( 'NONE', #4292, #2537, #978, .T. ) ;
#1954 = VECTOR ( 'NONE', #3404, 1000.000000000000000 ) ;
#1955 = PLANE ( 'NONE',  #489 ) ;
#1956 = VECTOR ( 'NONE', #417, 1000.000000000000000 ) ;
#1957 = DIRECTION ( 'NONE',  ( 0.000000000000000000, 0.000000000000000000, 1.000000000000000000 ) ) ;
#1958 = CIRCLE ( 'NONE', #4264, 0.8000000000000009326 ) ;
#1959 = FACE_OUTER_BOUND ( 'NONE', #1612, .T. ) ;
#1960 = EDGE_CURVE ( 'NONE', #2314, #3852, #281, .T. ) ;
#1961 = VERTEX_POINT ( 'NONE', #2236 ) ;
#1962 = FACE_OUTER_BOUND ( 'NONE', #405, .T. ) ;
#1963 = AXIS2_PLACEMENT_3D ( 'NONE', #1610, #2309, #771 ) ;
#1964 = EDGE_LOOP ( 'NONE', ( #736, #3573, #3821, #2217, #4130, #3407 ) ) ;
#1965 = VECTOR ( 'NONE', #2482, 1000.000000000000000 ) ;
#1966 = DIRECTION ( 'NONE',  ( -1.000000000000000000, 0.000000000000000000, 1.381149264312744580E-16 ) ) ;
#1967 = EDGE_LOOP ( 'NONE', ( #1284, #2576, #423, #3090 ) ) ;
#1968 = CARTESIAN_POINT ( 'NONE',  ( -6.000000000000193623, 6.400000000000075850, -1.599999999999938582 ) ) ;
#1969 = ORIENTED_EDGE ( 'NONE', *, *, #1335, .F. ) ;
#1970 = ORIENTED_EDGE ( 'NONE', *, *, #3441, .T. ) ;
#1971 = DIRECTION ( 'NONE',  ( -1.000000000000000000, 0.000000000000000000, 0.000000000000000000 ) ) ;
#1972 = LINE ( 'NONE', #256, #3108 ) ;
#1973 = VERTEX_POINT ( 'NONE', #606 ) ;
#1974 = EDGE_CURVE ( 'NONE', #3320, #914, #1972, .T. ) ;
#1975 = CARTESIAN_POINT ( 'NONE',  ( -2.050000000000193001, 6.400000000000075850, -1.599999999999938360 ) ) ;
#1976 = LINE ( 'NONE', #1643, #3419 ) ;
#1977 = LINE ( 'NONE', #3576, #2962 ) ;
#1978 = DIRECTION ( 'NONE',  ( 0.000000000000000000, 0.000000000000000000, 1.000000000000000000 ) ) ;
#1979 = ADVANCED_FACE ( 'NONE', ( #650 ), #4271, .T. ) ;
#1980 = CARTESIAN_POINT ( 'NONE',  ( -1.934216675714139910E-13, 5.400000000000074962, -0.1999999999999389488 ) ) ;
#1981 = DIRECTION ( 'NONE',  ( 0.000000000000000000, 1.000000000000000000, 3.540251991789403391E-16 ) ) ;
#1982 = DIRECTION ( 'NONE',  ( -0.9659258262890679791, 0.000000000000000000, 0.2588190451025220162 ) ) ;
#1983 = EDGE_LOOP ( 'NONE', ( #2212, #3008, #2927, #3055 ) ) ;
#1984 = EDGE_CURVE ( 'NONE', #4061, #2292, #1292, .T. ) ;
#1985 = CARTESIAN_POINT ( 'NONE',  ( 1.599999999999806466, -0.8499999999999259259, -2.599999999999935252 ) ) ;
#1986 = VERTEX_POINT ( 'NONE', #2915 ) ;
#1987 = VECTOR ( 'NONE', #365, 1000.000000000000000 ) ;
#1988 = CARTESIAN_POINT ( 'NONE',  ( -1.500000000000193845, 6.900000000000074074, -3.399999999999935518 ) ) ;
#1989 = ORIENTED_EDGE ( 'NONE', *, *, #2908, .T. ) ;
#1990 = VERTEX_POINT ( 'NONE', #1947 ) ;
#1991 = VECTOR ( 'NONE', #1721, 1000.000000000000000 ) ;
#1992 = DIRECTION ( 'NONE',  ( 0.000000000000000000, 1.770125995894702188E-16, -1.000000000000000000 ) ) ;
#1993 = LINE ( 'NONE', #3302, #2203 ) ;
#1994 = AXIS2_PLACEMENT_3D ( 'NONE', #2972, #1224, #602 ) ;
#1995 = EDGE_LOOP ( 'NONE', ( #2016, #3913, #4079, #3359 ) ) ;
#1996 = DIRECTION ( 'NONE',  ( 0.000000000000000000, 1.000000000000000000, 0.000000000000000000 ) ) ;
#1997 = LINE ( 'NONE', #285, #2934 ) ;
#1998 = APPROVAL ( #3524, 'UNSPECIFIED' ) ;
#1999 = CARTESIAN_POINT ( 'NONE',  ( -4.617949192431308525, 1.900000000000073630, -1.599999999999935030 ) ) ;
#2000 = CARTESIAN_POINT ( 'NONE',  ( 0.3820508075686916971, 1.900000000000073630, -1.599999999999935252 ) ) ;
#2001 = VECTOR ( 'NONE', #1149, 1000.000000000000000 ) ;
#2002 = CARTESIAN_POINT ( 'NONE',  ( -13.00000000000019362, 1.000000000000074607, 2.300000000000063327 ) ) ;
#2003 = LINE ( 'NONE', #370, #3840 ) ;
#2005 = EDGE_CURVE ( 'NONE', #2491, #1329, #4291, .T. ) ;
#2004 = CARTESIAN_POINT ( 'NONE',  ( -7.117949192431307637, -1.301042606982605321E-15, -1.599999999999935030 ) ) ;
#2006 = ORIENTED_EDGE ( 'NONE', *, *, #1378, .T. ) ;
#2007 = EDGE_CURVE ( 'NONE', #1534, #819, #1993, .T. ) ;
#2008 = DIRECTION ( 'NONE',  ( 0.000000000000000000, 3.540251991789403391E-16, -1.000000000000000000 ) ) ;
#2009 = VERTEX_POINT ( 'NONE', #3648 ) ;
#2010 = ADVANCED_FACE ( 'NONE', ( #1311 ), #2627, .F. ) ;
#2011 = LINE ( 'NONE', #1080, #3388 ) ;
#2012 = ORIENTED_EDGE ( 'NONE', *, *, #2487, .F. ) ;
#2013 = EDGE_LOOP ( 'NONE', ( #3737, #2638, #1637, #541 ) ) ;
#2014 = CARTESIAN_POINT ( 'NONE',  ( -10.00000000000019362, 5.400000000000074962, 0.6000000000001317613 ) ) ;
#2015 = CARTESIAN_POINT ( 'NONE',  ( -11.70000000000019291, 1.000000000000075051, 2.300000000000063327 ) ) ;
#2016 = ORIENTED_EDGE ( 'NONE', *, *, #2833, .F. ) ;
#2017 = CIRCLE ( 'NONE', #2854, 0.5000000000000001110 ) ;
#2018 = DIRECTION ( 'NONE',  ( 1.000000000000000000, 0.000000000000000000, -0.000000000000000000 ) ) ;
#2019 = DIRECTION ( 'NONE',  ( 1.000000000000000000, -0.000000000000000000, 0.000000000000000000 ) ) ;
#2020 = VECTOR ( 'NONE', #2650, 1000.000000000000000 ) ;
#2021 = FACE_OUTER_BOUND ( 'NONE', #2226, .T. ) ;
#2022 = DIRECTION ( 'NONE',  ( 0.2588190451025139671, 0.000000000000000000, -0.9659258262890701996 ) ) ;
#2023 = AXIS2_PLACEMENT_3D ( 'NONE', #2797, #4131, #2702 ) ;
#2024 = LINE ( 'NONE', #2693, #1595 ) ;
#2025 = LINE ( 'NONE', #3705, #1956 ) ;
#2026 = DIRECTION ( 'NONE',  ( 1.000000000000000000, -0.000000000000000000, 0.000000000000000000 ) ) ;
#2027 = VECTOR ( 'NONE', #2546, 1000.000000000000000 ) ;
#2028 = EDGE_CURVE ( 'NONE', #708, #619, #3959, .T. ) ;
#2029 = DIRECTION ( 'NONE',  ( -1.000000000000000000, 0.000000000000000000, 0.000000000000000000 ) ) ;
#2030 = ORIENTED_EDGE ( 'NONE', *, *, #337, .F. ) ;
#2031 = CIRCLE ( 'NONE', #623, 0.8000000000000009326 ) ;
#2032 = DIRECTION ( 'NONE',  ( -1.000000000000000000, -0.000000000000000000, -0.000000000000000000 ) ) ;
#2033 = ORIENTED_EDGE ( 'NONE', *, *, #2461, .T. ) ;
#2034 = EDGE_LOOP ( 'NONE', ( #3692, #2210, #543, #2419 ) ) ;
#2035 = VECTOR ( 'NONE', #2948, 1000.000000000000000 ) ;
#2036 = ADVANCED_FACE ( 'NONE', ( #4246 ), #3572, .F. ) ;
#2037 = DIRECTION ( 'NONE',  ( 0.000000000000000000, 1.000000000000000000, 0.000000000000000000 ) ) ;
#2038 = CARTESIAN_POINT ( 'NONE',  ( -11.00000000000019362, 6.400000000000075850, -1.599999999999938582 ) ) ;
#2039 = VERTEX_POINT ( 'NONE', #956 ) ;
#2040 = ADVANCED_FACE ( 'NONE', ( #2295 ), #2936, .F. ) ;
#2041 = PLANE ( 'NONE',  #1252 ) ;
#2042 = LINE ( 'NONE', #1706, #2720 ) ;
#2043 = DIRECTION ( 'NONE',  ( 0.000000000000000000, -1.000000000000000000, 0.000000000000000000 ) ) ;
#2044 = PLANE ( 'NONE',  #2714 ) ;
#2045 = CARTESIAN_POINT ( 'NONE',  ( -14.10000000000012577, -1.301042606982605321E-15, -2.550000000000002487 ) ) ;
#2046 = CARTESIAN_POINT ( 'NONE',  ( 1.599999999999806466, 3.450000000000073896, 1.500000000000061950 ) ) ;
#2047 = CARTESIAN_POINT ( 'NONE',  ( -10.45000000000019291, 6.400000000000075850, -2.099999999999938360 ) ) ;
#2048 = FACE_OUTER_BOUND ( 'NONE', #3495, .T. ) ;
#2049 = ORIENTED_EDGE ( 'NONE', *, *, #503, .T. ) ;
#2050 = CC_DESIGN_PERSON_AND_ORGANIZATION_ASSIGNMENT ( #4224, #4135, ( #2300 ) ) ;
#2051 = CARTESIAN_POINT ( 'NONE',  ( 0.6366025403782699099, 1.900000000000073852, -2.550000000000004707 ) ) ;
#2052 = VERTEX_POINT ( 'NONE', #571 ) ;
#2053 = VERTEX_POINT ( 'NONE', #631 ) ;
#2054 = PLANE ( 'NONE',  #1461 ) ;
#2055 = DIRECTION ( 'NONE',  ( 0.000000000000000000, 0.000000000000000000, 1.000000000000000000 ) ) ;
#2056 = EDGE_CURVE ( 'NONE', #2679, #622, #300, .T. ) ;
#2057 = ORIENTED_EDGE ( 'NONE', *, *, #1286, .F. ) ;
#2058 = EDGE_LOOP ( 'NONE', ( #2449, #1417, #2283, #1437 ) ) ;
#2059 = CARTESIAN_POINT ( 'NONE',  ( -11.86339745962172998, 1.900000000000073852, -2.550000000000002931 ) ) ;
#2060 = DIRECTION ( 'NONE',  ( 0.000000000000000000, -1.000000000000000000, -0.000000000000000000 ) ) ;
#2061 = AXIS2_PLACEMENT_3D ( 'NONE', #3542, #1131, #3781 ) ;
#2062 = FACE_OUTER_BOUND ( 'NONE', #874, .T. ) ;
#2063 = ADVANCED_FACE ( 'NONE', ( #3896 ), #1928, .F. ) ;
#2064 = CARTESIAN_POINT ( 'NONE',  ( -7.882050807569068951, 1.900000000000073630, -1.599999999999935252 ) ) ;
#2065 = AXIS2_PLACEMENT_3D ( 'NONE', #3077, #376, #1675 ) ;
#2066 = CARTESIAN_POINT ( 'NONE',  ( -1.000000000000193401, 6.400000000000075850, -1.599999999999938582 ) ) ;
#2067 = DIRECTION ( 'NONE',  ( -1.000000000000000000, 0.000000000000000000, -0.000000000000000000 ) ) ;
#2068 = CARTESIAN_POINT ( 'NONE',  ( 2.399999999999806732, 6.100000000000074252, 1.500000000000061284 ) ) ;
#2069 = DIRECTION ( 'NONE',  ( 0.000000000000000000, -3.540251991789403391E-16, 1.000000000000000000 ) ) ;
#2070 = VERTEX_POINT ( 'NONE', #2605 ) ;
#2071 = CARTESIAN_POINT ( 'NONE',  ( 1.599999999999806466, 6.900000000000074074, -2.099999999999938360 ) ) ;
#2072 = ORIENTED_EDGE ( 'NONE', *, *, #3499, .F. ) ;
#2073 = ORIENTED_EDGE ( 'NONE', *, *, #598, .F. ) ;
#2074 = FACE_OUTER_BOUND ( 'NONE', #2868, .T. ) ;
#2075 = DIRECTION ( 'NONE',  ( 0.000000000000000000, 1.000000000000000000, 3.614007241618348278E-16 ) ) ;
#2076 = ORIENTED_EDGE ( 'NONE', *, *, #3217, .T. ) ;
#2077 = ORIENTED_EDGE ( 'NONE', *, *, #100, .T. ) ;
#2078 = ADVANCED_FACE ( 'NONE', ( #3939 ), #938, .F. ) ;
#2079 = CARTESIAN_POINT ( 'NONE',  ( -7.950000000000192912, 6.900000000000074074, -1.599999999999938360 ) ) ;
#2080 = DIRECTION ( 'NONE',  ( -0.000000000000000000, 1.000000000000000000, 3.614007241618348278E-16 ) ) ;
#2081 = CARTESIAN_POINT ( 'NONE',  ( -1.934216675714139910E-13, 5.400000000000074962, -0.1999999999999389488 ) ) ;
#2082 = DIRECTION ( 'NONE',  ( 0.000000000000000000, 1.770125995894702188E-16, -1.000000000000000000 ) ) ;
#2083 = EDGE_CURVE ( 'NONE', #852, #1272, #1420, .T. ) ;
#2084 = VECTOR ( 'NONE', #2412, 1000.000000000000000 ) ;
#2085 = ORIENTED_EDGE ( 'NONE', *, *, #366, .T. ) ;
#2086 = EDGE_CURVE ( 'NONE', #3017, #4163, #3344, .T. ) ;
#2087 = FACE_OUTER_BOUND ( 'NONE', #1240, .T. ) ;
#2088 = CIRCLE ( 'NONE', #197, 0.5000000000000001110 ) ;
#2089 = FACE_BOUND ( 'NONE', #851, .T. ) ;
#2090 = DIRECTION ( 'NONE',  ( -0.2588190451025139671, -0.000000000000000000, 0.9659258262890701996 ) ) ;
#2091 = AXIS2_PLACEMENT_3D ( 'NONE', #2629, #2688, #3962 ) ;
#2092 = EDGE_CURVE ( 'NONE', #1233, #2053, #1372, .T. ) ;
#2093 = PLANE ( 'NONE',  #4106 ) ;
#2094 = ORIENTED_EDGE ( 'NONE', *, *, #2889, .T. ) ;
#2095 = AXIS2_PLACEMENT_3D ( 'NONE', #3228, #813, #1121 ) ;
#2096 = CARTESIAN_POINT ( 'NONE',  ( -14.10000000000012577, -1.301042606982605321E-15, -2.550000000000002487 ) ) ;
#2097 = EDGE_LOOP ( 'NONE', ( #2506, #3220, #4025, #529 ) ) ;
#2098 = ORIENTED_EDGE ( 'NONE', *, *, #540, .F. ) ;
#2099 = VECTOR ( 'NONE', #1946, 1000.000000000000000 ) ;
#2100 = CARTESIAN_POINT ( 'NONE',  ( -10.63660254037865371, 1.900000000000073630, -2.550000000000002931 ) ) ;
#2101 = FACE_OUTER_BOUND ( 'NONE', #1533, .T. ) ;
#2102 = VERTEX_POINT ( 'NONE', #2686 ) ;
#2103 = AXIS2_PLACEMENT_3D ( 'NONE', #2264, #2965, #2614 ) ;
#2104 = ORIENTED_EDGE ( 'NONE', *, *, #1418, .T. ) ;
#2105 = DIRECTION ( 'NONE',  ( -0.000000000000000000, -1.770125995894702188E-16, 1.000000000000000000 ) ) ;
#2106 = DIRECTION ( 'NONE',  ( 0.000000000000000000, 0.000000000000000000, 1.000000000000000000 ) ) ;
#2107 = DIRECTION ( 'NONE',  ( 0.000000000000000000, 0.000000000000000000, 1.000000000000000000 ) ) ;
#2108 = DIRECTION ( 'NONE',  ( 0.000000000000000000, 0.000000000000000000, -1.000000000000000000 ) ) ;
#2109 = ORIENTED_EDGE ( 'NONE', *, *, #904, .F. ) ;
#2110 = DIRECTION ( 'NONE',  ( -1.000000000000000000, 0.000000000000000000, 1.381149264312744580E-16 ) ) ;
#2111 = DIRECTION ( 'NONE',  ( 0.000000000000000000, 1.000000000000000000, 0.000000000000000000 ) ) ;
#2112 = LINE ( 'NONE', #91, #2659 ) ;
#2113 = EDGE_CURVE ( 'NONE', #1820, #3079, #4014, .T. ) ;
#2114 = DIRECTION ( 'NONE',  ( -2.837848136965480861E-16, 0.000000000000000000, 1.000000000000000000 ) ) ;
#2115 = VERTEX_POINT ( 'NONE', #2705 ) ;
#2116 = FACE_OUTER_BOUND ( 'NONE', #1650, .T. ) ;
#2117 = DIRECTION ( 'NONE',  ( -0.000000000000000000, 1.000000000000000000, -0.000000000000000000 ) ) ;
#2118 = ADVANCED_FACE ( 'NONE', ( #2339 ), #1681, .F. ) ;
#2119 = ORIENTED_EDGE ( 'NONE', *, *, #3662, .F. ) ;
#2120 = ORIENTED_EDGE ( 'NONE', *, *, #803, .F. ) ;
#2121 = CARTESIAN_POINT ( 'NONE',  ( 1.599999999999806466, 6.900000000000074074, -1.599999999999938360 ) ) ;
#2122 = DIRECTION ( 'NONE',  ( 0.000000000000000000, 1.000000000000000000, 0.000000000000000000 ) ) ;
#2123 = ORIENTED_EDGE ( 'NONE', *, *, #1150, .T. ) ;
#2124 = ORIENTED_EDGE ( 'NONE', *, *, #3654, .T. ) ;
#2125 = LINE ( 'NONE', #2758, #2161 ) ;
#2126 = DIRECTION ( 'NONE',  ( 0.000000000000000000, -1.000000000000000000, 0.000000000000000000 ) ) ;
#2127 = LINE ( 'NONE', #3458, #96 ) ;
#2128 = FACE_OUTER_BOUND ( 'NONE', #2209, .T. ) ;
#2129 = ORIENTED_EDGE ( 'NONE', *, *, #3342, .F. ) ;
#2130 = AXIS2_PLACEMENT_3D ( 'NONE', #3200, #1515, #2541 ) ;
#2131 = LINE ( 'NONE', #3462, #479 ) ;
#2132 = DIRECTION ( 'NONE',  ( 0.000000000000000000, 1.000000000000000000, -0.000000000000000000 ) ) ;
#2133 = DIRECTION ( 'NONE',  ( 0.000000000000000000, 0.000000000000000000, 1.000000000000000000 ) ) ;
#2134 = VECTOR ( 'NONE', #315, 1000.000000000000000 ) ;
#2135 = LINE ( 'NONE', #493, #1728 ) ;
#2136 = EDGE_CURVE ( 'NONE', #2177, #51, #1334, .T. ) ;
#2137 = ORIENTED_EDGE ( 'NONE', *, *, #1796, .T. ) ;
#2138 = CARTESIAN_POINT ( 'NONE',  ( -6.500000000000192735, 6.900000000000074074, 0.8000000000000627720 ) ) ;
#2139 = LINE ( 'NONE', #468, #1011 ) ;
#2140 = ORIENTED_EDGE ( 'NONE', *, *, #3577, .F. ) ;
#2141 = ORIENTED_EDGE ( 'NONE', *, *, #2092, .T. ) ;
#2142 = ADVANCED_FACE ( 'NONE', ( #2733 ), #1351, .F. ) ;
#2143 = LINE ( 'NONE', #403, #2922 ) ;
#2144 = CARTESIAN_POINT ( 'NONE',  ( -4.617949192431308525, 1.900000000000073630, -1.599999999999934808 ) ) ;
#2145 = VERTEX_POINT ( 'NONE', #2015 ) ;
#2146 = ORIENTED_EDGE ( 'NONE', *, *, #1362, .F. ) ;
#2147 = APPROVAL_STATUS ( 'not_yet_approved' ) ;
#2148 = PLANE ( 'NONE',  #3493 ) ;
#2149 = DIRECTION ( 'NONE',  ( -1.000000000000000000, 0.000000000000000000, 1.381149264312744580E-16 ) ) ;
#2150 = DIRECTION ( 'NONE',  ( -0.000000000000000000, -1.000000000000000000, 0.000000000000000000 ) ) ;
#2151 = VERTEX_POINT ( 'NONE', #404 ) ;
#2152 = CARTESIAN_POINT ( 'NONE',  ( -7.950000000000192912, 6.400000000000075850, -1.599999999999938582 ) ) ;
#2153 = CARTESIAN_POINT ( 'NONE',  ( -11.86339745962172998, -1.301042606982605321E-15, -2.550000000000002931 ) ) ;
#2154 = VECTOR ( 'NONE', #3472, 1000.000000000000114 ) ;
#2155 = LINE ( 'NONE', #3511, #3853 ) ;
#2156 = EDGE_CURVE ( 'NONE', #111, #4202, #3716, .T. ) ;
#2157 = AXIS2_PLACEMENT_3D ( 'NONE', #4141, #2479, #112 ) ;
#2158 = DIRECTION ( 'NONE',  ( 0.000000000000000000, 0.000000000000000000, 1.000000000000000000 ) ) ;
#2159 = ORIENTED_EDGE ( 'NONE', *, *, #3924, .T. ) ;
#2160 = DIRECTION ( 'NONE',  ( 0.000000000000000000, -1.000000000000000000, 0.000000000000000000 ) ) ;
#2162 = CARTESIAN_POINT ( 'NONE',  ( -1.934216675714139910E-13, 6.400000000000074074, 0.6000000000000623723 ) ) ;
#2161 = VECTOR ( 'NONE', #1467, 1000.000000000000000 ) ;
#2163 = EDGE_LOOP ( 'NONE', ( #4322, #4257, #1970, #3889 ) ) ;
#2164 = ADVANCED_FACE ( 'NONE', ( #2667 ), #380, .F. ) ;
#2165 = CIRCLE ( 'NONE', #1173, 0.5000000000000007772 ) ;
#2166 = ORIENTED_EDGE ( 'NONE', *, *, #3127, .F. ) ;
#2167 = LINE ( 'NONE', #1861, #3732 ) ;
#2168 = VERTEX_POINT ( 'NONE', #3755 ) ;
#2169 = EDGE_CURVE ( 'NONE', #4003, #400, #3734, .T. ) ;
#2170 = ORIENTED_EDGE ( 'NONE', *, *, #2426, .F. ) ;
#2171 = VECTOR ( 'NONE', #2604, 1000.000000000000000 ) ;
#2172 = CARTESIAN_POINT ( 'NONE',  ( 1.599999999999806466, -1.301042606982605321E-15, 1.500000000000062839 ) ) ;
#2173 = AXIS2_PLACEMENT_3D ( 'NONE', #3294, #3993, #1669 ) ;
#2174 = LINE ( 'NONE', #3857, #1003 ) ;
#2175 = CARTESIAN_POINT ( 'NONE',  ( -12.50000000000012612, -1.414213562373098254, -0.4999999999999175104 ) ) ;
#2176 = EDGE_CURVE ( 'NONE', #4263, #1176, #3364, .T. ) ;
#2177 = VERTEX_POINT ( 'NONE', #2422 ) ;
#2178 = VECTOR ( 'NONE', #3838, 1000.000000000000000 ) ;
#2179 = FACE_OUTER_BOUND ( 'NONE', #2992, .T. ) ;
#2180 = CARTESIAN_POINT ( 'NONE',  ( -7.500000000000193623, 5.400000000000074962, -0.1999999999998882116 ) ) ;
#2181 = CARTESIAN_POINT ( 'NONE',  ( -12.11794919243130941, -1.301042606982605321E-15, -1.599999999999935252 ) ) ;
#2182 = CARTESIAN_POINT ( 'NONE',  ( -13.50000000000019362, 6.400000000000074074, 0.8000000000000619949 ) ) ;
#2183 = ORIENTED_EDGE ( 'NONE', *, *, #1203, .T. ) ;
#2184 = CARTESIAN_POINT ( 'NONE',  ( -6.000000000000193623, 6.900000000000074074, -1.599999999999938360 ) ) ;
#2185 = LINE ( 'NONE', #1645, #4151 ) ;
#2186 = ORIENTED_EDGE ( 'NONE', *, *, #3335, .T. ) ;
#2187 = ORIENTED_EDGE ( 'NONE', *, *, #2221, .F. ) ;
#2188 = ADVANCED_FACE ( 'NONE', ( #4002 ), #1746, .F. ) ;
#2189 = CARTESIAN_POINT ( 'NONE',  ( -10.00000000000012257, -1.301042606982605321E-15, 6.591949208711866959E-14 ) ) ;
#2190 = EDGE_LOOP ( 'NONE', ( #1925, #669, #1302, #3550 ) ) ;
#2191 = VERTEX_POINT ( 'NONE', #735 ) ;
#2192 = PERSON_AND_ORGANIZATION ( #2460, #1598 ) ;
#2193 = EDGE_CURVE ( 'NONE', #1738, #568, #54, .T. ) ;
#2194 = FACE_OUTER_BOUND ( 'NONE', #4088, .T. ) ;
#2195 = CYLINDRICAL_SURFACE ( 'NONE', #722, 0.4999999999999998890 ) ;
#2196 = LINE ( 'NONE', #1209, #4035 ) ;
#2197 = ORIENTED_EDGE ( 'NONE', *, *, #734, .F. ) ;
#2198 = DIRECTION ( 'NONE',  ( 0.000000000000000000, 0.000000000000000000, 1.000000000000000000 ) ) ;
#2199 = ADVANCED_FACE ( 'NONE', ( #2101 ), #2381, .F. ) ;
#2200 = LINE ( 'NONE', #1164, #2027 ) ;
#2201 = VECTOR ( 'NONE', #3988, 1000.000000000000000 ) ;
#2202 = DIRECTION ( 'NONE',  ( 0.000000000000000000, 1.770125995894702188E-16, -1.000000000000000000 ) ) ;
#2203 = VECTOR ( 'NONE', #2257, 1000.000000000000000 ) ;
#2204 = DIRECTION ( 'NONE',  ( -0.000000000000000000, -1.000000000000000000, -0.000000000000000000 ) ) ;
#2205 = ORIENTED_EDGE ( 'NONE', *, *, #10, .T. ) ;
#2206 = CARTESIAN_POINT ( 'NONE',  ( -12.50000000000019362, 3.450000000000073896, 1.500000000000062839 ) ) ;
#2207 = AXIS2_PLACEMENT_3D ( 'NONE', #1532, #4201, #2535 ) ;
#2208 = DIRECTION ( 'NONE',  ( 0.000000000000000000, 1.000000000000000000, -1.084202172485504828E-15 ) ) ;
#2209 = EDGE_LOOP ( 'NONE', ( #2265, #3454, #2784, #3630 ) ) ;
#2210 = ORIENTED_EDGE ( 'NONE', *, *, #420, .F. ) ;
#2211 = CARTESIAN_POINT ( 'NONE',  ( -11.50000000000019362, 6.400000000000075850, -1.599999999999938582 ) ) ;
#2212 = ORIENTED_EDGE ( 'NONE', *, *, #22, .F. ) ;
#2213 = ORIENTED_EDGE ( 'NONE', *, *, #1822, .T. ) ;
#2214 = CARTESIAN_POINT ( 'NONE',  ( -7.500000000000193623, 6.400000000000074074, 0.6000000000001148859 ) ) ;
#2215 = CARTESIAN_POINT ( 'NONE',  ( -4.000000000000193623, 6.400000000000075850, 0.8000000000000627720 ) ) ;
#2216 = LINE ( 'NONE', #3549, #1939 ) ;
#2217 = ORIENTED_EDGE ( 'NONE', *, *, #3799, .F. ) ;
#2218 = DIRECTION ( 'NONE',  ( -0.000000000000000000, 1.000000000000000000, 3.614007241618348278E-16 ) ) ;
#2219 = CARTESIAN_POINT ( 'NONE',  ( -5.000000000000126121, -1.414213562373098254, -0.4999999999999689138 ) ) ;
#2220 = CARTESIAN_POINT ( 'NONE',  ( -10.00000000000019362, 5.400000000000074962, -0.1999999999998708644 ) ) ;
#2221 = EDGE_CURVE ( 'NONE', #2906, #2285, #2399, .T. ) ;
#2222 = CARTESIAN_POINT ( 'NONE',  ( -7.500000000000193623, 5.400000000000074962, -0.1999999999998882116 ) ) ;
#2223 = ORIENTED_EDGE ( 'NONE', *, *, #3530, .F. ) ;
#2224 = CARTESIAN_POINT ( 'NONE',  ( -7.882050807569068951, -1.301042606982605321E-15, -1.599999999999935252 ) ) ;
#2225 = DIRECTION ( 'NONE',  ( 1.000000000000000000, 0.000000000000000000, 2.837848136965480861E-16 ) ) ;
#2226 = EDGE_LOOP ( 'NONE', ( #301, #311, #2187, #2807 ) ) ;
#2227 = VECTOR ( 'NONE', #2789, 1000.000000000000000 ) ;
#2228 = ADVANCED_FACE ( 'NONE', ( #4087 ), #1084, .T. ) ;
#2229 = VERTEX_POINT ( 'NONE', #3150 ) ;
#2230 = AXIS2_PLACEMENT_3D ( 'NONE', #3347, #2999, #2940 ) ;
#2231 = LINE ( 'NONE', #2699, #449 ) ;
#2232 = VERTEX_POINT ( 'NONE', #3520 ) ;
#2233 = EDGE_LOOP ( 'NONE', ( #2988, #4239, #317, #536, #1838, #2510, #974, #2170, #3717, #2382, #3906, #583, #3425, #2438, #1614, #2622, #3855, #2442, #3581, #2911 ) ) ;
#2234 = PERSON_AND_ORGANIZATION ( #2460, #1598 ) ;
#2235 = DIRECTION ( 'NONE',  ( 0.000000000000000000, -2.312964634635742957E-16, -1.000000000000000000 ) ) ;
#2236 = CARTESIAN_POINT ( 'NONE',  ( -5.450000000000193801, 6.400000000000075850, -1.599999999999938582 ) ) ;
#2237 = VECTOR ( 'NONE', #3310, 999.9999999999998863 ) ;
#2238 = VECTOR ( 'NONE', #2303, 1000.000000000000000 ) ;
#2239 = ORIENTED_EDGE ( 'NONE', *, *, #1896, .T. ) ;
#2241 = VECTOR ( 'NONE', #3979, 1000.000000000000000 ) ;
#2240 = DIRECTION ( 'NONE',  ( -1.000000000000000000, -0.000000000000000000, -0.000000000000000000 ) ) ;
#2242 = DIRECTION ( 'NONE',  ( -0.000000000000000000, -1.000000000000000000, -3.540251991789403391E-16 ) ) ;
#2243 = EDGE_CURVE ( 'NONE', #4236, #3850, #2820, .T. ) ;
#2244 = PLANE ( 'NONE',  #3501 ) ;
#2245 = VECTOR ( 'NONE', #4281, 1000.000000000000000 ) ;
#2246 = CYLINDRICAL_SURFACE ( 'NONE', #1097, 0.8000000000000025979 ) ;
#2247 = CARTESIAN_POINT ( 'NONE',  ( -13.13660254037865549, 1.900000000000073630, -2.550000000000002931 ) ) ;
#2249 = EDGE_CURVE ( 'NONE', #2890, #1747, #1794, .T. ) ;
#2248 = DIRECTION ( 'NONE',  ( 0.000000000000000000, 0.000000000000000000, 1.000000000000000000 ) ) ;
#2250 = ORIENTED_EDGE ( 'NONE', *, *, #383, .F. ) ;
#2251 = ORIENTED_EDGE ( 'NONE', *, *, #1254, .F. ) ;
#2252 = EDGE_CURVE ( 'NONE', #3752, #212, #2842, .T. ) ;
#2253 = DIRECTION ( 'NONE',  ( 0.000000000000000000, 1.000000000000000000, -0.000000000000000000 ) ) ;
#2254 = VERTEX_POINT ( 'NONE', #1155 ) ;
#2255 = ORIENTED_EDGE ( 'NONE', *, *, #828, .F. ) ;
#2256 = CARTESIAN_POINT ( 'NONE',  ( -6.863397459621729979, 1.900000000000073630, -2.550000000000003375 ) ) ;
#2257 = DIRECTION ( 'NONE',  ( -0.000000000000000000, -1.000000000000000000, -3.540251991789403391E-16 ) ) ;
#2258 = ORIENTED_EDGE ( 'NONE', *, *, #1354, .T. ) ;
#2259 = FACE_OUTER_BOUND ( 'NONE', #229, .T. ) ;
#2260 = DIRECTION ( 'NONE',  ( 1.000000000000000000, 0.000000000000000000, 0.000000000000000000 ) ) ;
#2261 = DIRECTION ( 'NONE',  ( 0.000000000000000000, -1.000000000000000000, 1.084202172485504828E-15 ) ) ;
#2262 = DIRECTION ( 'NONE',  ( 0.000000000000000000, -3.614007241618348278E-16, 1.000000000000000000 ) ) ;
#2263 = ORIENTED_EDGE ( 'NONE', *, *, #3654, .F. ) ;
#2264 = CARTESIAN_POINT ( 'NONE',  ( -2.500000000000127010, -1.414213562373098254, 1.387778780781445676E-14 ) ) ;
#2265 = ORIENTED_EDGE ( 'NONE', *, *, #1203, .F. ) ;
#2266 = ADVANCED_FACE ( 'NONE', ( #3871 ), #520, .F. ) ;
#2267 = ORIENTED_EDGE ( 'NONE', *, *, #1199, .T. ) ;
#2268 = AXIS2_PLACEMENT_3D ( 'NONE', #712, #2358, #3672 ) ;
#2269 = FACE_OUTER_BOUND ( 'NONE', #1394, .T. ) ;
#2270 = ORIENTED_EDGE ( 'NONE', *, *, #1236, .F. ) ;
#2271 = EDGE_LOOP ( 'NONE', ( #2668, #414, #3751, #2817 ) ) ;
#2272 = VECTOR ( 'NONE', #1763, 1000.000000000000000 ) ;
#2273 = ADVANCED_FACE ( 'NONE', ( #4107 ), #2469, .F. ) ;
#2274 = EDGE_CURVE ( 'NONE', #4336, #4068, #2900, .T. ) ;
#2275 = DIRECTION ( 'NONE',  ( -1.000000000000000000, 0.000000000000000000, -0.000000000000000000 ) ) ;
#2276 = CARTESIAN_POINT ( 'NONE',  ( -5.450000000000193801, 6.400000000000075850, -2.099999999999938360 ) ) ;
#2277 = EDGE_LOOP ( 'NONE', ( #3226, #189, #430, #50 ) ) ;
#2278 = EDGE_CURVE ( 'NONE', #9, #4263, #2866, .T. ) ;
#2279 = CARTESIAN_POINT ( 'NONE',  ( -2.050000000000193001, 6.900000000000074074, -2.099999999999938360 ) ) ;
#2280 = DIRECTION ( 'NONE',  ( 0.000000000000000000, 1.000000000000000000, 3.614007241618348278E-16 ) ) ;
#2281 = LINE ( 'NONE', #1623, #2547 ) ;
#2282 = DIRECTION ( 'NONE',  ( -0.000000000000000000, -1.000000000000000000, 0.000000000000000000 ) ) ;
#2283 = ORIENTED_EDGE ( 'NONE', *, *, #4205, .F. ) ;
#2284 = LINE ( 'NONE', #2597, #1268 ) ;
#2285 = VERTEX_POINT ( 'NONE', #3171 ) ;
#2286 = CARTESIAN_POINT ( 'NONE',  ( -2.950000000000193801, 6.900000000000074074, -3.399999999999935518 ) ) ;
#2287 = ORIENTED_EDGE ( 'NONE', *, *, #534, .F. ) ;
#2288 = EDGE_CURVE ( 'NONE', #3752, #168, #3851, .T. ) ;
#2290 = LINE ( 'NONE', #1635, #590 ) ;
#2289 = VECTOR ( 'NONE', #3201, 1000.000000000000000 ) ;
#2291 = ORIENTED_EDGE ( 'NONE', *, *, #3241, .F. ) ;
#2292 = VERTEX_POINT ( 'NONE', #3452 ) ;
#2293 = VECTOR ( 'NONE', #2462, 1000.000000000000000 ) ;
#2294 = CARTESIAN_POINT ( 'NONE',  ( 0.9999999999998065991, 6.400000000000074074, -1.599999999999938582 ) ) ;
#2295 = FACE_OUTER_BOUND ( 'NONE', #230, .T. ) ;
#2296 = EDGE_CURVE ( 'NONE', #1829, #2729, #2167, .T. ) ;
#2297 = AXIS2_PLACEMENT_3D ( 'NONE', #653, #981, #3674 ) ;
#2298 = EDGE_LOOP ( 'NONE', ( #3216, #247, #579, #3950 ) ) ;
#2299 = DIRECTION ( 'NONE',  ( -0.9659258262890679791, 0.000000000000000000, 0.2588190451025220162 ) ) ;
#2300 = SECURITY_CLASSIFICATION ( '', '', #1158 ) ;
#2301 = VECTOR ( 'NONE', #1137, 1000.000000000000000 ) ;
#2302 = DIRECTION ( 'NONE',  ( 1.000000000000000000, 0.000000000000000000, 0.000000000000000000 ) ) ;
#2303 = DIRECTION ( 'NONE',  ( -0.000000000000000000, -1.000000000000000000, -0.000000000000000000 ) ) ;
#2304 = EDGE_CURVE ( 'NONE', #2254, #1738, #169, .T. ) ;
#2305 = DIRECTION ( 'NONE',  ( 0.000000000000000000, 1.770125995894702188E-16, -1.000000000000000000 ) ) ;
#2306 = AXIS2_PLACEMENT_3D ( 'NONE', #3938, #1639, #3895 ) ;
#2307 = LINE ( 'NONE', #2002, #1249 ) ;
#2308 = CARTESIAN_POINT ( 'NONE',  ( -1.000000000000193401, 6.400000000000075850, -1.599999999999938582 ) ) ;
#2309 = DIRECTION ( 'NONE',  ( 0.000000000000000000, 1.000000000000000000, 0.000000000000000000 ) ) ;
#2310 = VECTOR ( 'NONE', #2037, 1000.000000000000000 ) ;
#2311 = ORIENTED_EDGE ( 'NONE', *, *, #152, .F. ) ;
#2312 = CIRCLE ( 'NONE', #1750, 0.5000000000000001110 ) ;
#2313 = CARTESIAN_POINT ( 'NONE',  ( -12.11794919243130941, 1.900000000000073630, -2.550000000000002931 ) ) ;
#2314 = VERTEX_POINT ( 'NONE', #4177 ) ;
#2315 = DIRECTION ( 'NONE',  ( 0.000000000000000000, 0.000000000000000000, -1.000000000000000000 ) ) ;
#2316 = ORIENTED_EDGE ( 'NONE', *, *, #74, .T. ) ;
#2317 = ORIENTED_EDGE ( 'NONE', *, *, #1468, .T. ) ;
#2318 = EDGE_CURVE ( 'NONE', #329, #914, #3665, .T. ) ;
#2319 = CYLINDRICAL_SURFACE ( 'NONE', #1118, 0.5000000000000001110 ) ;
#2320 = DIRECTION ( 'NONE',  ( 0.000000000000000000, -0.000000000000000000, 1.000000000000000000 ) ) ;
#2321 = ORIENTED_EDGE ( 'NONE', *, *, #2542, .T. ) ;
#2322 = EDGE_CURVE ( 'NONE', #1949, #3984, #1106, .T. ) ;
#2323 = CARTESIAN_POINT ( 'NONE',  ( -6.500000000000192735, 6.900000000000074074, -1.599999999999938360 ) ) ;
#2324 = DIRECTION ( 'NONE',  ( 0.000000000000000000, 0.000000000000000000, -1.000000000000000000 ) ) ;
#2325 = DIRECTION ( 'NONE',  ( 0.000000000000000000, -3.614007241618348278E-16, 1.000000000000000000 ) ) ;
#2326 = PLANE ( 'NONE',  #3026 ) ;
#2327 = EDGE_CURVE ( 'NONE', #3402, #2168, #500, .T. ) ;
#2328 = DIRECTION ( 'NONE',  ( 0.000000000000000000, 3.540251991789403391E-16, -1.000000000000000000 ) ) ;
#2329 = DIRECTION ( 'NONE',  ( 0.000000000000000000, -1.000000000000000000, 0.000000000000000000 ) ) ;
#2330 = CARTESIAN_POINT ( 'NONE',  ( 2.399999999999784084, 12.10000000000007425, -1.411880215351649648 ) ) ;
#2331 = ORIENTED_EDGE ( 'NONE', *, *, #45, .T. ) ;
#2332 = DIRECTION ( 'NONE',  ( -1.000000000000000000, -0.000000000000000000, -0.000000000000000000 ) ) ;
#2333 = VERTEX_POINT ( 'NONE', #849 ) ;
#2334 = DIRECTION ( 'NONE',  ( 0.000000000000000000, 1.000000000000000000, 0.000000000000000000 ) ) ;
#2335 = ORIENTED_EDGE ( 'NONE', *, *, #1607, .T. ) ;
#2336 = ORIENTED_EDGE ( 'NONE', *, *, #106, .F. ) ;
#2337 = VECTOR ( 'NONE', #1486, 1000.000000000000000 ) ;
#2338 = CARTESIAN_POINT ( 'NONE',  ( 1.599999999999806466, 6.100000000000077804, 1.500000000000061284 ) ) ;
#2339 = FACE_OUTER_BOUND ( 'NONE', #1575, .T. ) ;
#2340 = AXIS2_PLACEMENT_3D ( 'NONE', #915, #3218, #2640 ) ;
#2341 = ORIENTED_EDGE ( 'NONE', *, *, #1234, .T. ) ;
#2342 = CARTESIAN_POINT ( 'NONE',  ( 0.6499999999998069544, 1.900000000000073630, -2.599999999999935252 ) ) ;
#2343 = DIRECTION ( 'NONE',  ( 0.000000000000000000, 1.000000000000000000, 3.540251991789403391E-16 ) ) ;
#2344 = CARTESIAN_POINT ( 'NONE',  ( -6.000000000000193623, 6.400000000000075850, -1.599999999999938582 ) ) ;
#2345 = EDGE_CURVE ( 'NONE', #622, #992, #1463, .T. ) ;
#2346 = CARTESIAN_POINT ( 'NONE',  ( -7.500000000000124345, -1.301042606982605321E-15, 4.857225732735059864E-14 ) ) ;
#2347 = DIRECTION ( 'NONE',  ( 0.000000000000000000, 0.000000000000000000, 1.000000000000000000 ) ) ;
#2348 = CARTESIAN_POINT ( 'NONE',  ( 0.4499999999998064437, 6.900000000000074074, -3.399999999999935518 ) ) ;
#2349 = LINE ( 'NONE', #1344, #2593 ) ;
#2350 = EDGE_CURVE ( 'NONE', #4247, #1326, #3473, .T. ) ;
#2351 = LINE ( 'NONE', #1715, #609 ) ;
#2352 = ORIENTED_EDGE ( 'NONE', *, *, #1531, .F. ) ;
#2353 = CARTESIAN_POINT ( 'NONE',  ( -13.00000000000019362, 3.450000000000073896, 2.300000000000063327 ) ) ;
#2354 = ADVANCED_FACE ( 'NONE', ( #3196 ), #190, .F. ) ;
#2355 = ORIENTED_EDGE ( 'NONE', *, *, #3903, .T. ) ;
#2356 = ORIENTED_EDGE ( 'NONE', *, *, #2005, .F. ) ;
#2357 = CARTESIAN_POINT ( 'NONE',  ( 0.3820508075686916971, 1.900000000000073630, -1.599999999999935252 ) ) ;
#2358 = DIRECTION ( 'NONE',  ( 1.000000000000000000, -0.000000000000000000, 0.000000000000000000 ) ) ;
#2359 = ORIENTED_EDGE ( 'NONE', *, *, #4234, .T. ) ;
#2360 = VECTOR ( 'NONE', #1450, 1000.000000000000000 ) ;
#2361 = DIRECTION ( 'NONE',  ( 0.000000000000000000, 0.000000000000000000, -1.000000000000000000 ) ) ;
#2362 = CARTESIAN_POINT ( 'NONE',  ( -14.10000000000012577, -1.301042606982605321E-15, -2.550000000000002487 ) ) ;
#2363 = FACE_OUTER_BOUND ( 'NONE', #2876, .T. ) ;
#2364 = LINE ( 'NONE', #459, #3346 ) ;
#2365 = VECTOR ( 'NONE', #1116, 1000.000000000000000 ) ;
#2366 = EDGE_CURVE ( 'NONE', #2628, #2491, #3238, .T. ) ;
#2367 = CARTESIAN_POINT ( 'NONE',  ( 2.399999999999806732, 6.900000000000074074, 1.500000000000061284 ) ) ;
#2368 = LINE ( 'NONE', #113, #1816 ) ;
#2369 = FACE_OUTER_BOUND ( 'NONE', #1983, .T. ) ;
#2370 = CIRCLE ( 'NONE', #2655, 0.5000000000000007772 ) ;
#2371 = CARTESIAN_POINT ( 'NONE',  ( -9.617949192431309413, 1.900000000000073630, -2.550000000000002931 ) ) ;
#2372 = EDGE_CURVE ( 'NONE', #518, #3976, #251, .T. ) ;
#2373 = EDGE_LOOP ( 'NONE', ( #3639, #1576, #2841, #1416 ) ) ;
#2374 = AXIS2_PLACEMENT_3D ( 'NONE', #3492, #1568, #2248 ) ;
#2375 = LINE ( 'NONE', #3317, #2134 ) ;
#2376 = ORIENTED_EDGE ( 'NONE', *, *, #3714, .T. ) ;
#2377 = EDGE_LOOP ( 'NONE', ( #4309, #191, #600, #4175 ) ) ;
#2378 = VECTOR ( 'NONE', #1992, 1000.000000000000000 ) ;
#2379 = EDGE_CURVE ( 'NONE', #1903, #1393, #4241, .T. ) ;
#2380 = CARTESIAN_POINT ( 'NONE',  ( -4.550000000000193445, 6.400000000000075850, -2.099999999999938360 ) ) ;
#2381 = PLANE ( 'NONE',  #1777 ) ;
#2382 = ORIENTED_EDGE ( 'NONE', *, *, #3912, .F. ) ;
#2383 = ORIENTED_EDGE ( 'NONE', *, *, #3072, .F. ) ;
#2384 = CARTESIAN_POINT ( 'NONE',  ( -0.6500000000001920908, 1.900000000000073630, -2.599999999999935252 ) ) ;
#2385 = CARTESIAN_POINT ( 'NONE',  ( -12.50000000000012612, -1.301042606982605321E-15, -0.4999999999999175104 ) ) ;
#2386 = DIRECTION ( 'NONE',  ( -1.000000000000000000, -0.000000000000000000, -0.000000000000000000 ) ) ;
#2387 = LINE ( 'NONE', #2064, #3405 ) ;
#2388 = DIRECTION ( 'NONE',  ( 1.000000000000000000, 0.000000000000000000, -0.000000000000000000 ) ) ;
#2389 = DIRECTION ( 'NONE',  ( 0.000000000000000000, 0.000000000000000000, 1.000000000000000000 ) ) ;
#2390 = DIRECTION ( 'NONE',  ( -1.000000000000000000, 0.000000000000000000, 0.000000000000000000 ) ) ;
#2391 = DIRECTION ( 'NONE',  ( 1.000000000000000000, 0.000000000000000000, 2.837848136965480861E-16 ) ) ;
#2392 = ORIENTED_EDGE ( 'NONE', *, *, #3903, .F. ) ;
#2393 = DIRECTION ( 'NONE',  ( 0.000000000000000000, 0.000000000000000000, -1.000000000000000000 ) ) ;
#2394 = ORIENTED_EDGE ( 'NONE', *, *, #1652, .T. ) ;
#2395 = ADVANCED_FACE ( 'NONE', ( #933, #2269 ), #2621, .T. ) ;
#2396 = EDGE_LOOP ( 'NONE', ( #1464, #2431, #1428, #3453 ) ) ;
#2397 = DIRECTION ( 'NONE',  ( -0.000000000000000000, 1.000000000000000000, 3.614007241618348278E-16 ) ) ;
#2398 = EDGE_CURVE ( 'NONE', #2145, #2285, #2580, .T. ) ;
#2399 = LINE ( 'NONE', #3083, #372 ) ;
#2400 = EDGE_LOOP ( 'NONE', ( #3756, #3778, #1523, #120 ) ) ;
#2401 = EDGE_CURVE ( 'NONE', #99, #3994, #4220, .T. ) ;
#2402 = EDGE_CURVE ( 'NONE', #4068, #4336, #1433, .T. ) ;
#2403 = ORIENTED_EDGE ( 'NONE', *, *, #828, .T. ) ;
#2404 = AXIS2_PLACEMENT_3D ( 'NONE', #1425, #3676, #1405 ) ;
#2405 = LINE ( 'NONE', #3411, #3689 ) ;
#2406 = FACE_OUTER_BOUND ( 'NONE', #3219, .T. ) ;
#2407 = PLANE ( 'NONE',  #652 ) ;
#2408 = CARTESIAN_POINT ( 'NONE',  ( -5.000000000000191847, 5.400000000000074962, -0.9999999999999082956 ) ) ;
#2409 = EDGE_CURVE ( 'NONE', #1276, #3752, #4286, .T. ) ;
#2410 = EDGE_LOOP ( 'NONE', ( #1253, #2485, #2516, #2392 ) ) ;
#2411 = VECTOR ( 'NONE', #2601, 1000.000000000000000 ) ;
#2412 = DIRECTION ( 'NONE',  ( -0.000000000000000000, -1.000000000000000000, 0.000000000000000000 ) ) ;
#2413 = DIRECTION ( 'NONE',  ( -1.000000000000000000, 0.000000000000000000, 0.000000000000000000 ) ) ;
#2414 = DIRECTION ( 'NONE',  ( 1.000000000000000000, 0.000000000000000000, 2.837848136965480861E-16 ) ) ;
#2415 = LINE ( 'NONE', #4059, #833 ) ;
#2416 = ORIENTED_EDGE ( 'NONE', *, *, #2642, .F. ) ;
#2417 = DIRECTION ( 'NONE',  ( 0.2588190451025219607, 0.000000000000000000, 0.9659258262890678681 ) ) ;
#2418 = ORIENTED_EDGE ( 'NONE', *, *, #1945, .F. ) ;
#2419 = ORIENTED_EDGE ( 'NONE', *, *, #1091, .T. ) ;
#2420 = DIRECTION ( 'NONE',  ( 0.000000000000000000, -3.614007241618348278E-16, 1.000000000000000000 ) ) ;
#2421 = ADVANCED_FACE ( 'NONE', ( #3602 ), #1287, .F. ) ;
#2422 = CARTESIAN_POINT ( 'NONE',  ( -4.550000000000193445, 6.900000000000074074, -2.099999999999938360 ) ) ;
#2423 = VERTEX_POINT ( 'NONE', #3915 ) ;
#2424 = ORIENTED_EDGE ( 'NONE', *, *, #3926, .T. ) ;
#2425 = CARTESIAN_POINT ( 'NONE',  ( -7.117949192431307637, 1.900000000000073630, -1.599999999999935252 ) ) ;
#2426 = EDGE_CURVE ( 'NONE', #4104, #3617, #2290, .T. ) ;
#2427 = LINE ( 'NONE', #699, #1825 ) ;
#2428 = PLANE ( 'NONE',  #1353 ) ;
#2429 = CARTESIAN_POINT ( 'NONE',  ( -0.8000000000001928901, 6.100000000000072475, 1.500000000000062839 ) ) ;
#2430 = VECTOR ( 'NONE', #4097, 1000.000000000000000 ) ;
#2431 = ORIENTED_EDGE ( 'NONE', *, *, #1657, .T. ) ;
#2432 = CARTESIAN_POINT ( 'NONE',  ( -9.550000000000194333, 6.900000000000074074, -2.099999999999938360 ) ) ;
#2433 = AXIS2_PLACEMENT_3D ( 'NONE', #259, #1601, #1277 ) ;
#2434 = ADVANCED_FACE ( 'NONE', ( #1940 ), #2559, .F. ) ;
#2435 = FACE_BOUND ( 'NONE', #1506, .T. ) ;
#2436 = DIRECTION ( 'NONE',  ( 0.9659258262890701996, -0.000000000000000000, 0.2588190451025139671 ) ) ;
#2437 = CARTESIAN_POINT ( 'NONE',  ( -10.00000000000019362, 5.400000000000074962, -0.1999999999998708644 ) ) ;
#2438 = ORIENTED_EDGE ( 'NONE', *, *, #1952, .F. ) ;
#2439 = DIRECTION ( 'NONE',  ( 0.000000000000000000, 1.000000000000000000, 0.000000000000000000 ) ) ;
#2440 = CIRCLE ( 'NONE', #555, 0.8000000000000009326 ) ;
#2441 = CARTESIAN_POINT ( 'NONE',  ( -11.86339745962172998, 1.900000000000073630, -2.550000000000002931 ) ) ;
#2442 = ORIENTED_EDGE ( 'NONE', *, *, #2322, .F. ) ;
#2443 = VERTEX_POINT ( 'NONE', #3975 ) ;
#2444 = VECTOR ( 'NONE', #4006, 1000.000000000000000 ) ;
#2445 = CARTESIAN_POINT ( 'NONE',  ( -12.50000000000019185, 5.400000000000074962, -0.1999999999998535172 ) ) ;
#2446 = CARTESIAN_POINT ( 'NONE',  ( 2.660881119635742476, 6.900000000000074074, -1.562499999999957812 ) ) ;
#2447 = ORIENTED_EDGE ( 'NONE', *, *, #3714, .F. ) ;
#2448 = VECTOR ( 'NONE', #3321, 1000.000000000000000 ) ;
#2449 = ORIENTED_EDGE ( 'NONE', *, *, #2288, .T. ) ;
#2450 = PRODUCT_RELATED_PRODUCT_CATEGORY ( 'detail', '', ( #3868 ) ) ;
#2451 = FACE_OUTER_BOUND ( 'NONE', #616, .T. ) ;
#2452 = CARTESIAN_POINT ( 'NONE',  ( -12.50000000000019362, 3.450000000000073896, 2.300000000000063327 ) ) ;
#2453 = DIRECTION ( 'NONE',  ( -0.9659258262890679791, 0.000000000000000000, 0.2588190451025220162 ) ) ;
#2454 = CARTESIAN_POINT ( 'NONE',  ( -14.10000000000012577, 4.699999999999999289, -2.550000000000002931 ) ) ;
#2455 = ORIENTED_EDGE ( 'NONE', *, *, #420, .T. ) ;
#2456 = ADVANCED_FACE ( 'NONE', ( #624 ), #3584, .F. ) ;
#2457 = CARTESIAN_POINT ( 'NONE',  ( -7.500000000000124345, -1.301042606982605321E-15, 0.5000000000000487388 ) ) ;
#2458 = FACE_OUTER_BOUND ( 'NONE', #2836, .T. ) ;
#2459 = DIRECTION ( 'NONE',  ( 0.2588190451025139671, 0.000000000000000000, -0.9659258262890701996 ) ) ;
#2460 = PERSON ( 'UNSPECIFIED', 'UNSPECIFIED', 'UNSPECIFIED', ('UNSPECIFIED'), ('UNSPECIFIED'), ('UNSPECIFIED') ) ;
#2461 = EDGE_CURVE ( 'NONE', #852, #859, #213, .T. ) ;
#2462 = DIRECTION ( 'NONE',  ( 1.000000000000000000, 0.000000000000000000, 0.000000000000000000 ) ) ;
#2463 = VERTEX_POINT ( 'NONE', #3298 ) ;
#2464 = LINE ( 'NONE', #318, #2521 ) ;
#2465 = LINE ( 'NONE', #2509, #3322 ) ;
#2466 = ORIENTED_EDGE ( 'NONE', *, *, #1953, .T. ) ;
#2467 = EDGE_LOOP ( 'NONE', ( #1348, #2843, #3649, #1633 ) ) ;
#2468 = DIRECTION ( 'NONE',  ( 0.000000000000000000, 1.000000000000000000, 3.614007241618348278E-16 ) ) ;
#2469 = PLANE ( 'NONE',  #3945 ) ;
#2470 = ORIENTED_EDGE ( 'NONE', *, *, #4323, .T. ) ;
#2471 = VERTEX_POINT ( 'NONE', #295 ) ;
#2472 = DATE_TIME_ROLE ( 'classification_date' ) ;
#2473 = CARTESIAN_POINT ( 'NONE',  ( -12.50000000000019185, 6.400000000000074074, -0.1999999999998530731 ) ) ;
#2474 = EDGE_CURVE ( 'NONE', #3079, #1820, #1361, .T. ) ;
#2475 = CARTESIAN_POINT ( 'NONE',  ( -5.000000000000191847, 5.400000000000074962, 0.6000000000000971223 ) ) ;
#2476 = CARTESIAN_POINT ( 'NONE',  ( -4.550000000000193445, 6.400000000000075850, -2.099999999999938360 ) ) ;
#2477 = ORIENTED_EDGE ( 'NONE', *, *, #3822, .F. ) ;
#2478 = VECTOR ( 'NONE', #1184, 1000.000000000000000 ) ;
#2479 = DIRECTION ( 'NONE',  ( 0.000000000000000000, -3.540251991789403391E-16, 1.000000000000000000 ) ) ;
#2480 = LINE ( 'NONE', #3814, #835 ) ;
#2481 = EDGE_CURVE ( 'NONE', #3080, #2619, #3111, .T. ) ;
#2482 = DIRECTION ( 'NONE',  ( 0.000000000000000000, 1.000000000000000000, 0.000000000000000000 ) ) ;
#2483 = VECTOR ( 'NONE', #3277, 1000.000000000000000 ) ;
#2484 = CARTESIAN_POINT ( 'NONE',  ( 1.599999999999806466, 6.900000000000074074, -1.599999999999938360 ) ) ;
#2485 = ORIENTED_EDGE ( 'NONE', *, *, #2750, .T. ) ;
#2487 = EDGE_CURVE ( 'NONE', #3960, #1487, #3891, .T. ) ;
#2486 = PLANE ( 'NONE',  #4338 ) ;
#2488 = CARTESIAN_POINT ( 'NONE',  ( -12.50000000000019185, 6.400000000000074074, -0.1999999999998530731 ) ) ;
#2489 = VERTEX_POINT ( 'NONE', #4265 ) ;
#2490 = ORIENTED_EDGE ( 'NONE', *, *, #4279, .T. ) ;
#2491 = VERTEX_POINT ( 'NONE', #892 ) ;
#2492 = EDGE_CURVE ( 'NONE', #3522, #198, #2231, .T. ) ;
#2493 = DIRECTION ( 'NONE',  ( 1.000000000000000000, -0.000000000000000000, 0.000000000000000000 ) ) ;
#2494 = EDGE_LOOP ( 'NONE', ( #2137, #1942, #2821, #847 ) ) ;
#2495 = EDGE_LOOP ( 'NONE', ( #342, #1321, #563, #2012 ) ) ;
#2496 = PLANE ( 'NONE',  #3352 ) ;
#2497 = LINE ( 'NONE', #1799, #2616 ) ;
#2498 = FACE_OUTER_BOUND ( 'NONE', #291, .T. ) ;
#2499 = VERTEX_POINT ( 'NONE', #687 ) ;
#2500 = FACE_OUTER_BOUND ( 'NONE', #2396, .T. ) ;
#2501 = DIRECTION ( 'NONE',  ( -0.000000000000000000, 1.000000000000000000, 3.614007241618348278E-16 ) ) ;
#2502 = AXIS2_PLACEMENT_3D ( 'NONE', #2766, #3748, #1412 ) ;
#2503 = CARTESIAN_POINT ( 'NONE',  ( -8.500000000000193623, 6.400000000000075850, 0.8000000000000619949 ) ) ;
#2504 = AXIS2_PLACEMENT_3D ( 'NONE', #773, #1479, #2158 ) ;
#2505 = DIRECTION ( 'NONE',  ( 0.000000000000000000, 1.000000000000000000, 3.614007241618348278E-16 ) ) ;
#2506 = ORIENTED_EDGE ( 'NONE', *, *, #4168, .F. ) ;
#2507 = FACE_OUTER_BOUND ( 'NONE', #1502, .T. ) ;
#2509 = CARTESIAN_POINT ( 'NONE',  ( -2.882050807569068951, -1.301042606982605321E-15, -1.599999999999935252 ) ) ;
#2508 = VECTOR ( 'NONE', #3739, 1000.000000000000000 ) ;
#2510 = ORIENTED_EDGE ( 'NONE', *, *, #4255, .F. ) ;
#2511 = EDGE_CURVE ( 'NONE', #3100, #758, #1741, .T. ) ;
#2512 = VECTOR ( 'NONE', #3384, 1000.000000000000000 ) ;
#2513 = ORIENTED_EDGE ( 'NONE', *, *, #3180, .T. ) ;
#2514 = DIRECTION ( 'NONE',  ( 1.000000000000000000, 0.000000000000000000, 0.000000000000000000 ) ) ;
#2515 = VERTEX_POINT ( 'NONE', #3358 ) ;
#2516 = ORIENTED_EDGE ( 'NONE', *, *, #422, .T. ) ;
#2517 = AXIS2_PLACEMENT_3D ( 'NONE', #1338, #3740, #674 ) ;
#2518 = EDGE_CURVE ( 'NONE', #4082, #3320, #1153, .T. ) ;
#2519 = DATE_AND_TIME ( #1885, #3908 ) ;
#2520 = CARTESIAN_POINT ( 'NONE',  ( -2.950000000000193356, 6.400000000000075850, -2.099999999999938360 ) ) ;
#2521 = VECTOR ( 'NONE', #3797, 1000.000000000000000 ) ;
#2522 = DIRECTION ( 'NONE',  ( 0.000000000000000000, 0.000000000000000000, -1.000000000000000000 ) ) ;
#2523 = LINE ( 'NONE', #2175, #1035 ) ;
#2524 = EDGE_LOOP ( 'NONE', ( #1484, #1692, #2341, #4153 ) ) ;
#2525 = AXIS2_PLACEMENT_3D ( 'NONE', #224, #1191, #1165 ) ;
#2526 = CARTESIAN_POINT ( 'NONE',  ( 0.4499999999998064437, 6.400000000000075850, -1.599999999999938582 ) ) ;
#2527 = DIRECTION ( 'NONE',  ( -0.000000000000000000, -1.770125995894702188E-16, 1.000000000000000000 ) ) ;
#2528 = DIRECTION ( 'NONE',  ( 0.000000000000000000, 1.000000000000000000, -0.000000000000000000 ) ) ;
#2529 = PLANE ( 'NONE',  #545 ) ;
#2530 = VERTEX_POINT ( 'NONE', #1391 ) ;
#2531 = CARTESIAN_POINT ( 'NONE',  ( -12.50000000000019362, 3.450000000000073896, 2.300000000000063327 ) ) ;
#2532 = DIRECTION ( 'NONE',  ( -1.000000000000000000, 0.000000000000000000, 0.000000000000000000 ) ) ;
#2533 = VERTEX_POINT ( 'NONE', #1037 ) ;
#2534 = ORIENTED_EDGE ( 'NONE', *, *, #1283, .F. ) ;
#2535 = DIRECTION ( 'NONE',  ( 0.2588190451025139671, 0.000000000000000000, -0.9659258262890701996 ) ) ;
#2536 = EDGE_CURVE ( 'NONE', #1326, #1701, #2011, .T. ) ;
#2537 = VERTEX_POINT ( 'NONE', #3338 ) ;
#2538 = ORIENTED_EDGE ( 'NONE', *, *, #1332, .F. ) ;
#2539 = CALENDAR_DATE ( 2022, 28, 2 ) ;
#2540 = LINE ( 'NONE', #4181, #3568 ) ;
#2541 = DIRECTION ( 'NONE',  ( 0.000000000000000000, 0.000000000000000000, -1.000000000000000000 ) ) ;
#2542 = EDGE_CURVE ( 'NONE', #3017, #4247, #2375, .T. ) ;
#2543 = CARTESIAN_POINT ( 'NONE',  ( -2.500000000000192291, 6.400000000000074074, -0.9999999999999239497 ) ) ;
#2544 = ORIENTED_EDGE ( 'NONE', *, *, #2372, .F. ) ;
#2545 = PLANE ( 'NONE',  #827 ) ;
#2546 = DIRECTION ( 'NONE',  ( -0.000000000000000000, -1.000000000000000000, -3.540251991789403391E-16 ) ) ;
#2547 = VECTOR ( 'NONE', #3612, 1000.000000000000000 ) ;
#2548 = AXIS2_PLACEMENT_3D ( 'NONE', #1800, #1092, #2108 ) ;
#2549 = CARTESIAN_POINT ( 'NONE',  ( -7.050000000000193445, 6.900000000000074074, -3.399999999999935518 ) ) ;
#2550 = EDGE_CURVE ( 'NONE', #2423, #3683, #355, .T. ) ;
#2551 = VECTOR ( 'NONE', #1018, 1000.000000000000000 ) ;
#2552 = FACE_OUTER_BOUND ( 'NONE', #3922, .T. ) ;
#2553 = ORIENTED_EDGE ( 'NONE', *, *, #240, .T. ) ;
#2554 = DIRECTION ( 'NONE',  ( 0.000000000000000000, -0.000000000000000000, -1.000000000000000000 ) ) ;
#2555 = VECTOR ( 'NONE', #3798, 1000.000000000000000 ) ;
#2556 = DIRECTION ( 'NONE',  ( 0.000000000000000000, 1.000000000000000000, 3.540251991789403391E-16 ) ) ;
#2557 = EDGE_LOOP ( 'NONE', ( #4133, #3202, #640, #4020 ) ) ;
#2558 = ORIENTED_EDGE ( 'NONE', *, *, #1762, .T. ) ;
#2559 = CYLINDRICAL_SURFACE ( 'NONE', #2340, 0.8000000000000009326 ) ;
#2560 = VERTEX_POINT ( 'NONE', #2727 ) ;
#2561 = ORIENTED_EDGE ( 'NONE', *, *, #2169, .F. ) ;
#2562 = COORDINATED_UNIVERSAL_TIME_OFFSET ( 5, 0, .BEHIND. ) ;
#2563 = LINE ( 'NONE', #3919, #341 ) ;
#2564 = CARTESIAN_POINT ( 'NONE',  ( -8.500000000000193623, 6.900000000000074074, -3.399999999999935518 ) ) ;
#2565 = EDGE_CURVE ( 'NONE', #1176, #2749, #1694, .T. ) ;
#2566 = EDGE_LOOP ( 'NONE', ( #2466, #3967, #663, #3443 ) ) ;
#2567 = ADVANCED_FACE ( 'NONE', ( #334 ), #3011, .F. ) ;
#2568 = CARTESIAN_POINT ( 'NONE',  ( -3.150000000000193090, 1.900000000000073630, -2.599999999999935252 ) ) ;
#2569 = CARTESIAN_POINT ( 'NONE',  ( -13.50000000000019362, 6.400000000000074074, 0.8000000000000619949 ) ) ;
#2570 = LINE ( 'NONE', #2503, #2944 ) ;
#2571 = EDGE_CURVE ( 'NONE', #2537, #3774, #1057, .T. ) ;
#2572 = DIRECTION ( 'NONE',  ( 0.08662961636484224626, -0.9962405881956829523, 0.000000000000000000 ) ) ;
#2573 = ORIENTED_EDGE ( 'NONE', *, *, #2366, .F. ) ;
#2574 = CARTESIAN_POINT ( 'NONE',  ( 1.599999999999806466, 6.900000000000074074, -1.599999999999938360 ) ) ;
#2575 = DIRECTION ( 'NONE',  ( 0.000000000000000000, 3.540251991789403391E-16, -1.000000000000000000 ) ) ;
#2576 = ORIENTED_EDGE ( 'NONE', *, *, #442, .F. ) ;
#2577 = VECTOR ( 'NONE', #421, 1000.000000000000000 ) ;
#2578 = ORIENTED_EDGE ( 'NONE', *, *, #3385, .F. ) ;
#2579 = AXIS2_PLACEMENT_3D ( 'NONE', #1235, #837, #3899 ) ;
#2580 = LINE ( 'NONE', #3621, #526 ) ;
#2581 = ORIENTED_EDGE ( 'NONE', *, *, #503, .F. ) ;
#2582 = ORIENTED_EDGE ( 'NONE', *, *, #540, .T. ) ;
#2583 = AXIS2_PLACEMENT_3D ( 'NONE', #3132, #3878, #2827 ) ;
#2584 = LINE ( 'NONE', #237, #2241 ) ;
#2585 = DIRECTION ( 'NONE',  ( 0.000000000000000000, -0.000000000000000000, 1.000000000000000000 ) ) ;
#2586 = AXIS2_PLACEMENT_3D ( 'NONE', #2742, #770, #23 ) ;
#2587 = EDGE_LOOP ( 'NONE', ( #214, #3873 ) ) ;
#2589 = VECTOR ( 'NONE', #2080, 1000.000000000000000 ) ;
#2588 = CARTESIAN_POINT ( 'NONE',  ( 0.4999999999998078759, 1.000000000000074607, 2.300000000000063327 ) ) ;
#2590 = PLANE ( 'NONE',  #3978 ) ;
#2591 = DIRECTION ( 'NONE',  ( 0.2588190451025219607, 0.000000000000000000, 0.9659258262890678681 ) ) ;
#2592 = EDGE_CURVE ( 'NONE', #4152, #3603, #1368, .T. ) ;
#2593 = VECTOR ( 'NONE', #3968, 1000.000000000000000 ) ;
#2594 = CARTESIAN_POINT ( 'NONE',  ( -5.000000000000191847, 5.400000000000074962, -0.1999999999999055589 ) ) ;
#2595 = EDGE_CURVE ( 'NONE', #3319, #1534, #7, .T. ) ;
#2596 = VERTEX_POINT ( 'NONE', #2051 ) ;
#2597 = CARTESIAN_POINT ( 'NONE',  ( -13.00000000000019362, 3.450000000000073896, 2.300000000000063327 ) ) ;
#2598 = EDGE_CURVE ( 'NONE', #917, #206, #3053, .T. ) ;
#2599 = ORIENTED_EDGE ( 'NONE', *, *, #772, .T. ) ;
#2600 = ORIENTED_EDGE ( 'NONE', *, *, #1652, .F. ) ;
#2601 = DIRECTION ( 'NONE',  ( -0.000000000000000000, -1.000000000000000000, -0.000000000000000000 ) ) ;
#2602 = ORIENTED_EDGE ( 'NONE', *, *, #1758, .F. ) ;
#2603 = ORIENTED_EDGE ( 'NONE', *, *, #2732, .T. ) ;
#2604 = DIRECTION ( 'NONE',  ( -0.000000000000000000, -1.000000000000000000, 0.000000000000000000 ) ) ;
#2605 = CARTESIAN_POINT ( 'NONE',  ( -0.6366025403786541581, 1.900000000000073630, -2.550000000000004263 ) ) ;
#2606 = EDGE_LOOP ( 'NONE', ( #3599, #2251, #3195, #267 ) ) ;
#2607 = CARTESIAN_POINT ( 'NONE',  ( -3.500000000000193623, 6.400000000000074074, 0.8000000000000619949 ) ) ;
#2608 = ADVANCED_FACE ( 'NONE', ( #1328 ), #4039, .F. ) ;
#2609 = LINE ( 'NONE', #244, #3489 ) ;
#2610 = LINE ( 'NONE', #3635, #274 ) ;
#2611 = ADVANCED_FACE ( 'NONE', ( #1014 ), #645, .F. ) ;
#2612 = DIRECTION ( 'NONE',  ( -0.000000000000000000, -1.000000000000000000, -0.000000000000000000 ) ) ;
#2613 = ORIENTED_EDGE ( 'NONE', *, *, #2249, .F. ) ;
#2614 = DIRECTION ( 'NONE',  ( 0.000000000000000000, 0.000000000000000000, 1.000000000000000000 ) ) ;
#2615 = ORIENTED_EDGE ( 'NONE', *, *, #1852, .T. ) ;
#2616 = VECTOR ( 'NONE', #2149, 1000.000000000000000 ) ;
#2617 = CIRCLE ( 'NONE', #724, 0.8000000000000025979 ) ;
#2618 = EDGE_CURVE ( 'NONE', #4150, #2292, #2990, .T. ) ;
#2619 = VERTEX_POINT ( 'NONE', #3729 ) ;
#2620 = VECTOR ( 'NONE', #3825, 1000.000000000000000 ) ;
#2621 = PLANE ( 'NONE',  #4017 ) ;
#2622 = ORIENTED_EDGE ( 'NONE', *, *, #3255, .F. ) ;
#2623 = VERTEX_POINT ( 'NONE', #730 ) ;
#2624 = VECTOR ( 'NONE', #1458, 1000.000000000000000 ) ;
#2625 = EDGE_CURVE ( 'NONE', #35, #728, #3401, .T. ) ;
#2626 = CARTESIAN_POINT ( 'NONE',  ( -6.000000000000193623, 6.400000000000075850, 0.8000000000000619949 ) ) ;
#2627 = PLANE ( 'NONE',  #239 ) ;
#2628 = VERTEX_POINT ( 'NONE', #2663 ) ;
#2629 = CARTESIAN_POINT ( 'NONE',  ( -2.500000000000192291, 5.400000000000074962, -0.1999999999999233224 ) ) ;
#2630 = LINE ( 'NONE', #3942, #1889 ) ;
#2631 = CARTESIAN_POINT ( 'NONE',  ( 0.6499999999998069544, -1.301042606982605321E-15, -2.599999999999935252 ) ) ;
#2632 = CARTESIAN_POINT ( 'NONE',  ( -1.925543058334255875E-13, 3.450000000000073896, 2.300000000000063327 ) ) ;
#2633 = ORIENTED_EDGE ( 'NONE', *, *, #3236, .T. ) ;
#2634 = DIRECTION ( 'NONE',  ( 0.000000000000000000, 0.000000000000000000, -1.000000000000000000 ) ) ;
#2635 = ORIENTED_EDGE ( 'NONE', *, *, #2156, .F. ) ;
#2636 = EDGE_CURVE ( 'NONE', #3529, #198, #993, .T. ) ;
#2637 = LINE ( 'NONE', #5, #3067 ) ;
#2638 = ORIENTED_EDGE ( 'NONE', *, *, #3974, .F. ) ;
#2640 = DIRECTION ( 'NONE',  ( 0.000000000000000000, 0.000000000000000000, 1.000000000000000000 ) ) ;
#2639 = VECTOR ( 'NONE', #3353, 1000.000000000000000 ) ;
#2641 = ORIENTED_EDGE ( 'NONE', *, *, #4274, .T. ) ;
#2642 = EDGE_CURVE ( 'NONE', #327, #4302, #1787, .T. ) ;
#2643 = ORIENTED_EDGE ( 'NONE', *, *, #2379, .F. ) ;
#2644 = VECTOR ( 'NONE', #1111, 1000.000000000000000 ) ;
#2645 = EDGE_CURVE ( 'NONE', #99, #3897, #1227, .T. ) ;
#2646 = DIRECTION ( 'NONE',  ( 1.000000000000000000, 0.000000000000000000, 2.837848136965480861E-16 ) ) ;
#2647 = DIRECTION ( 'NONE',  ( 0.000000000000000000, -1.000000000000000000, -3.540251991789403391E-16 ) ) ;
#2648 = EDGE_CURVE ( 'NONE', #2053, #3054, #186, .T. ) ;
#2649 = ORIENTED_EDGE ( 'NONE', *, *, #1362, .T. ) ;
#2650 = DIRECTION ( 'NONE',  ( -1.000000000000000000, 0.000000000000000000, 1.381149264312744580E-16 ) ) ;
#2651 = CARTESIAN_POINT ( 'NONE',  ( -1.000000000000193401, 6.900000000000074074, -1.599999999999938360 ) ) ;
#2652 = VECTOR ( 'NONE', #350, 1000.000000000000000 ) ;
#2653 = PLANE ( 'NONE',  #2680 ) ;
#2654 = CARTESIAN_POINT ( 'NONE',  ( -9.000000000000193623, 6.900000000000074074, -3.399999999999935518 ) ) ;
#2655 = AXIS2_PLACEMENT_3D ( 'NONE', #3525, #129, #1798 ) ;
#2656 = CARTESIAN_POINT ( 'NONE',  ( -1.500000000000193845, 6.400000000000075850, 0.8000000000000627720 ) ) ;
#2657 = LINE ( 'NONE', #3579, #4119 ) ;
#2658 = LINE ( 'NONE', #661, #2245 ) ;
#2659 = VECTOR ( 'NONE', #704, 1000.000000000000114 ) ;
#2660 = EDGE_LOOP ( 'NONE', ( #3256, #1718, #1854, #1901 ) ) ;
#2661 = FACE_OUTER_BOUND ( 'NONE', #3012, .T. ) ;
#2662 = ORIENTED_EDGE ( 'NONE', *, *, #477, .F. ) ;
#2663 = CARTESIAN_POINT ( 'NONE',  ( -2.882050807569069395, -1.301042606982605321E-15, -1.599999999999935252 ) ) ;
#2664 = ORIENTED_EDGE ( 'NONE', *, *, #3342, .T. ) ;
#2665 = ORIENTED_EDGE ( 'NONE', *, *, #4234, .F. ) ;
#2666 = LINE ( 'NONE', #2014, #3920 ) ;
#2667 = FACE_OUTER_BOUND ( 'NONE', #426, .T. ) ;
#2668 = ORIENTED_EDGE ( 'NONE', *, *, #1254, .T. ) ;
#2669 = PLANE ( 'NONE',  #3209 ) ;
#2670 = EDGE_CURVE ( 'NONE', #2954, #3054, #118, .T. ) ;
#2671 = LINE ( 'NONE', #2689, #62 ) ;
#2672 = LINE ( 'NONE', #575, #2238 ) ;
#2673 = CARTESIAN_POINT ( 'NONE',  ( 1.599999999999806466, 6.100000000000076028, -2.599999999999935696 ) ) ;
#2674 = DIRECTION ( 'NONE',  ( 0.000000000000000000, 1.770125995894702188E-16, -1.000000000000000000 ) ) ;
#2675 = EDGE_CURVE ( 'NONE', #2728, #3645, #1102, .T. ) ;
#2676 = VERTEX_POINT ( 'NONE', #97 ) ;
#2677 = DIRECTION ( 'NONE',  ( 0.000000000000000000, -1.000000000000000000, 1.084202172485504828E-15 ) ) ;
#2678 = DIRECTION ( 'NONE',  ( 0.000000000000000000, -1.000000000000000000, 6.240012503513693999E-17 ) ) ;
#2679 = VERTEX_POINT ( 'NONE', #446 ) ;
#2680 = AXIS2_PLACEMENT_3D ( 'NONE', #286, #3964, #4276 ) ;
#2681 = CARTESIAN_POINT ( 'NONE',  ( 1.599999999999806466, 6.100000000000079581, 1.500000000000061950 ) ) ;
#2682 = ORIENTED_EDGE ( 'NONE', *, *, #477, .T. ) ;
#2683 = ORIENTED_EDGE ( 'NONE', *, *, #2750, .F. ) ;
#2684 = AXIS2_PLACEMENT_3D ( 'NONE', #1826, #2453, #1491 ) ;
#2685 = DIRECTION ( 'NONE',  ( 0.000000000000000000, 0.000000000000000000, 1.000000000000000000 ) ) ;
#2686 = CARTESIAN_POINT ( 'NONE',  ( -3.500000000000194067, 6.900000000000074074, 0.8000000000000619949 ) ) ;
#2687 = ORIENTED_EDGE ( 'NONE', *, *, #2136, .T. ) ;
#2688 = DIRECTION ( 'NONE',  ( 0.000000000000000000, 1.000000000000000000, 3.614007241618348278E-16 ) ) ;
#2689 = CARTESIAN_POINT ( 'NONE',  ( -11.00000000000019362, 6.400000000000075850, -1.599999999999938582 ) ) ;
#2690 = LINE ( 'NONE', #719, #3378 ) ;
#2691 = CARTESIAN_POINT ( 'NONE',  ( -10.00000000000019362, 5.400000000000074962, -0.9999999999998734346 ) ) ;
#2692 = EDGE_CURVE ( 'NONE', #3850, #206, #3777, .T. ) ;
#2693 = CARTESIAN_POINT ( 'NONE',  ( 1.599999999999806466, 6.900000000000074074, -2.099999999999938360 ) ) ;
#2694 = LINE ( 'NONE', #438, #2792 ) ;
#2695 = CARTESIAN_POINT ( 'NONE',  ( -4.550000000000193445, 6.400000000000075850, -1.599999999999938582 ) ) ;
#2696 = EDGE_CURVE ( 'NONE', #378, #2857, #1857, .T. ) ;
#2697 = CARTESIAN_POINT ( 'NONE',  ( 0.4499999999998064437, 6.400000000000075850, -2.099999999999938360 ) ) ;
#2698 = VERTEX_POINT ( 'NONE', #1526 ) ;
#2699 = CARTESIAN_POINT ( 'NONE',  ( -5.650000000000193090, 1.900000000000073630, -2.599999999999935252 ) ) ;
#2700 = ORIENTED_EDGE ( 'NONE', *, *, #2625, .T. ) ;
#2701 = ORIENTED_EDGE ( 'NONE', *, *, #2768, .T. ) ;
#2702 = DIRECTION ( 'NONE',  ( 0.000000000000000000, 1.000000000000000000, 3.540251991789403391E-16 ) ) ;
#2703 = AXIS2_PLACEMENT_3D ( 'NONE', #2445, #2468, #2420 ) ;
#2704 = DIRECTION ( 'NONE',  ( -0.000000000000000000, 1.000000000000000000, 3.614007241618348278E-16 ) ) ;
#2705 = CARTESIAN_POINT ( 'NONE',  ( -7.050000000000193445, 6.400000000000075850, -1.599999999999938360 ) ) ;
#2706 = VERTEX_POINT ( 'NONE', #2162 ) ;
#2707 = ORIENTED_EDGE ( 'NONE', *, *, #714, .T. ) ;
#2708 = AXIS2_PLACEMENT_3D ( 'NONE', #557, #864, #3578 ) ;
#2709 =( LENGTH_UNIT ( ) NAMED_UNIT ( * ) SI_UNIT ( .MILLI., .METRE. ) );
#2710 = CARTESIAN_POINT ( 'NONE',  ( -12.20000000000019291, 6.900000000000074074, 1.500000000000061284 ) ) ;
#2711 = VECTOR ( 'NONE', #222, 1000.000000000000000 ) ;
#2712 = CARTESIAN_POINT ( 'NONE',  ( -7.500000000000193623, 5.400000000000074962, -0.9999999999998907541 ) ) ;
#2713 = CARTESIAN_POINT ( 'NONE',  ( 0.5391188803638615745, 6.900000000000074074, -1.562499999999942935 ) ) ;
#2714 = AXIS2_PLACEMENT_3D ( 'NONE', #367, #64, #1406 ) ;
#2716 = VECTOR ( 'NONE', #1316, 1000.000000000000000 ) ;
#2715 = DIRECTION ( 'NONE',  ( -0.000000000000000000, -1.000000000000000000, 2.312964634635742957E-16 ) ) ;
#2717 = PLANE ( 'NONE',  #2586 ) ;
#2719 = EDGE_CURVE ( 'NONE', #2515, #3852, #4149, .T. ) ;
#2718 = CARTESIAN_POINT ( 'NONE',  ( -11.85000000000019327, 1.900000000000073630, -2.599999999999935252 ) ) ;
#2720 = VECTOR ( 'NONE', #3721, 1000.000000000000000 ) ;
#2721 = EDGE_CURVE ( 'NONE', #3897, #99, #1078, .T. ) ;
#2722 = LINE ( 'NONE', #2286, #1185 ) ;
#2723 = ORIENTED_EDGE ( 'NONE', *, *, #3974, .T. ) ;
#2724 = VECTOR ( 'NONE', #114, 1000.000000000000000 ) ;
#2725 = EDGE_CURVE ( 'NONE', #4170, #4104, #4128, .T. ) ;
#2726 = EDGE_CURVE ( 'NONE', #1349, #104, #2139, .T. ) ;
#2727 = CARTESIAN_POINT ( 'NONE',  ( 0.4999999999998078759, 1.000000000000075051, 2.300000000000063327 ) ) ;
#2728 = VERTEX_POINT ( 'NONE', #4102 ) ;
#2729 = VERTEX_POINT ( 'NONE', #2816 ) ;
#2730 = AXIS2_PLACEMENT_3D ( 'NONE', #554, #1872, #4144 ) ;
#2731 = LINE ( 'NONE', #147, #2154 ) ;
#2732 = EDGE_CURVE ( 'NONE', #478, #2560, #3517, .T. ) ;
#2733 = FACE_OUTER_BOUND ( 'NONE', #2277, .T. ) ;
#2734 = EDGE_LOOP ( 'NONE', ( #333, #250, #1194, #2664 ) ) ;
#2735 = ORIENTED_EDGE ( 'NONE', *, *, #987, .F. ) ;
#2736 = CARTESIAN_POINT ( 'NONE',  ( -0.3000000000001942224, 6.900000000000074074, 1.500000000000061284 ) ) ;
#2737 = DIRECTION ( 'NONE',  ( 0.000000000000000000, 3.540251991789403391E-16, -1.000000000000000000 ) ) ;
#2738 = FACE_OUTER_BOUND ( 'NONE', #3972, .T. ) ;
#2739 = CARTESIAN_POINT ( 'NONE',  ( -10.00000000000012257, -1.414213562373098254, -0.4999999999999339972 ) ) ;
#2740 = ORIENTED_EDGE ( 'NONE', *, *, #354, .T. ) ;
#2741 = LINE ( 'NONE', #4055, #4319 ) ;
#2742 = CARTESIAN_POINT ( 'NONE',  ( 1.599999999999806466, 6.900000000000074074, -3.399999999999935518 ) ) ;
#2743 = CARTESIAN_POINT ( 'NONE',  ( -2.500000000000127010, -1.414213562373098254, 1.387778780781445676E-14 ) ) ;
#2744 = EDGE_CURVE ( 'NONE', #3173, #2628, #2465, .T. ) ;
#2745 = CARTESIAN_POINT ( 'NONE',  ( -1.934216675714139910E-13, 5.400000000000074962, 0.6000000000000619282 ) ) ;
#2746 = VERTEX_POINT ( 'NONE', #1811 ) ;
#2747 = DIRECTION ( 'NONE',  ( 0.2588190451025218497, 0.000000000000000000, 0.9659258262890679791 ) ) ;
#2748 = ORIENTED_EDGE ( 'NONE', *, *, #2169, .T. ) ;
#2749 = VERTEX_POINT ( 'NONE', #3446 ) ;
#2750 = EDGE_CURVE ( 'NONE', #3432, #3474, #3426, .T. ) ;
#2751 = LINE ( 'NONE', #1766, #618 ) ;
#2752 = VECTOR ( 'NONE', #4340, 999.9999999999998863 ) ;
#2753 = CARTESIAN_POINT ( 'NONE',  ( -12.95000000000019469, 6.900000000000074074, -3.399999999999935518 ) ) ;
#2754 = ORIENTED_EDGE ( 'NONE', *, *, #3040, .F. ) ;
#2755 = ORIENTED_EDGE ( 'NONE', *, *, #691, .T. ) ;
#2756 = VECTOR ( 'NONE', #1042, 1000.000000000000000 ) ;
#2757 = EDGE_CURVE ( 'NONE', #1243, #1329, #3750, .T. ) ;
#2758 = CARTESIAN_POINT ( 'NONE',  ( -14.90000000000019220, 6.100000000000074252, 1.500000000000061284 ) ) ;
#2759 = DIRECTION ( 'NONE',  ( 0.000000000000000000, -1.000000000000000000, 0.000000000000000000 ) ) ;
#2760 = DIRECTION ( 'NONE',  ( 0.000000000000000000, 1.000000000000000000, 0.000000000000000000 ) ) ;
#2761 = DIRECTION ( 'NONE',  ( -1.000000000000000000, 0.000000000000000000, -0.000000000000000000 ) ) ;
#2762 = ORIENTED_EDGE ( 'NONE', *, *, #2193, .T. ) ;
#2763 = CARTESIAN_POINT ( 'NONE',  ( 1.599999999999806466, 6.900000000000074074, -1.599999999999938360 ) ) ;
#2764 = PLANE ( 'NONE',  #1671 ) ;
#2765 = CARTESIAN_POINT ( 'NONE',  ( -2.950000000000193356, 6.400000000000075850, -2.099999999999938360 ) ) ;
#2766 = CARTESIAN_POINT ( 'NONE',  ( -2.500000000000192291, 6.400000000000074074, -0.1999999999999229061 ) ) ;
#2767 = ORIENTED_EDGE ( 'NONE', *, *, #4040, .F. ) ;
#2768 = EDGE_CURVE ( 'NONE', #2746, #749, #1139, .T. ) ;
#2769 = DIRECTION ( 'NONE',  ( 0.000000000000000000, 0.000000000000000000, 1.000000000000000000 ) ) ;
#2770 = ORIENTED_EDGE ( 'NONE', *, *, #442, .T. ) ;
#2771 = ORIENTED_EDGE ( 'NONE', *, *, #1573, .F. ) ;
#2772 = LINE ( 'NONE', #2121, #1739 ) ;
#2773 = UNCERTAINTY_MEASURE_WITH_UNIT (LENGTH_MEASURE( 1.000000000000000082E-05 ), #2709, 'distance_accuracy_value', 'NONE');
#2774 = CARTESIAN_POINT ( 'NONE',  ( 2.399999999999806732, 6.100000000000074252, 1.500000000000061284 ) ) ;
#2775 = ADVANCED_FACE ( 'NONE', ( #166 ), #1505, .F. ) ;
#2776 = ORIENTED_EDGE ( 'NONE', *, *, #863, .T. ) ;
#2777 = ORIENTED_EDGE ( 'NONE', *, *, #2592, .F. ) ;
#2778 = DIRECTION ( 'NONE',  ( -1.000000000000000000, 0.000000000000000000, 1.381149264312744580E-16 ) ) ;
#2779 = LINE ( 'NONE', #1514, #763 ) ;
#2780 = FACE_OUTER_BOUND ( 'NONE', #1594, .T. ) ;
#2781 = EDGE_CURVE ( 'NONE', #3079, #3080, #2185, .T. ) ;
#2782 = CARTESIAN_POINT ( 'NONE',  ( -11.00000000000019362, 6.900000000000074074, 0.8000000000000619949 ) ) ;
#2783 = AXIS2_PLACEMENT_3D ( 'NONE', #1145, #2069, #1760 ) ;
#2784 = ORIENTED_EDGE ( 'NONE', *, *, #4329, .F. ) ;
#2785 = DIRECTION ( 'NONE',  ( -0.8660254037844362651, 0.000000000000000000, 0.5000000000000042188 ) ) ;
#2786 = VECTOR ( 'NONE', #3086, 1000.000000000000000 ) ;
#2787 = CARTESIAN_POINT ( 'NONE',  ( -10.38205080756906895, 1.900000000000073630, -1.599999999999935252 ) ) ;
#2788 = CARTESIAN_POINT ( 'NONE',  ( -0.4500000000001933009, 6.900000000000074074, -1.599999999999938360 ) ) ;
#2789 = DIRECTION ( 'NONE',  ( -1.000000000000000000, -0.000000000000000000, -0.000000000000000000 ) ) ;
#2790 = EDGE_LOOP ( 'NONE', ( #170, #3605 ) ) ;
#2791 = DIRECTION ( 'NONE',  ( 1.000000000000000000, -0.000000000000000000, 0.000000000000000000 ) ) ;
#2792 = VECTOR ( 'NONE', #1383, 1000.000000000000000 ) ;
#2793 = DIRECTION ( 'NONE',  ( -0.000000000000000000, -1.770125995894702188E-16, 1.000000000000000000 ) ) ;
#2794 = ORIENTED_EDGE ( 'NONE', *, *, #2487, .T. ) ;
#2795 = ORIENTED_EDGE ( 'NONE', *, *, #2296, .F. ) ;
#2796 = AXIS2_PLACEMENT_3D ( 'NONE', #1310, #896, #4225 ) ;
#2797 = CARTESIAN_POINT ( 'NONE',  ( -7.050000000000193445, 6.400000000000075850, -2.099999999999938360 ) ) ;
#2798 = CARTESIAN_POINT ( 'NONE',  ( -7.950000000000192912, 6.400000000000075850, -1.599999999999938582 ) ) ;
#2799 = ORIENTED_EDGE ( 'NONE', *, *, #260, .F. ) ;
#2800 = VECTOR ( 'NONE', #996, 1000.000000000000000 ) ;
#2801 = ORIENTED_EDGE ( 'NONE', *, *, #236, .F. ) ;
#2802 = ADVANCED_FACE ( 'NONE', ( #4317 ), #2326, .F. ) ;
#2803 = DIRECTION ( 'NONE',  ( 0.2588190451025219607, 0.000000000000000000, 0.9659258262890678681 ) ) ;
#2804 = PLANE ( 'NONE',  #3771 ) ;
#2805 = DIRECTION ( 'NONE',  ( 0.000000000000000000, 1.770125995894702188E-16, -1.000000000000000000 ) ) ;
#2806 = LINE ( 'NONE', #4138, #2301 ) ;
#2807 = ORIENTED_EDGE ( 'NONE', *, *, #3506, .T. ) ;
#2808 = ADVANCED_FACE ( 'NONE', ( #3677 ), #3002, .F. ) ;
#2809 = PLANE ( 'NONE',  #2157 ) ;
#2810 = DIRECTION ( 'NONE',  ( 0.000000000000000000, 0.000000000000000000, 1.000000000000000000 ) ) ;
#2811 = CARTESIAN_POINT ( 'NONE',  ( -2.500000000000192291, 5.400000000000074962, 0.6000000000000775824 ) ) ;
#2812 = ADVANCED_FACE ( 'NONE', ( #4341 ), #1551, .F. ) ;
#2813 = DIRECTION ( 'NONE',  ( 0.2588190451025219607, 0.000000000000000000, 0.9659258262890678681 ) ) ;
#2814 = ORIENTED_EDGE ( 'NONE', *, *, #3396, .T. ) ;
#2815 = CARTESIAN_POINT ( 'NONE',  ( -0.4500000000001933009, 6.400000000000075850, -2.099999999999938360 ) ) ;
#2816 = CARTESIAN_POINT ( 'NONE',  ( -10.38205080756906895, -1.301042606982605321E-15, -1.599999999999935252 ) ) ;
#2817 = ORIENTED_EDGE ( 'NONE', *, *, #69, .T. ) ;
#2818 = VERTEX_POINT ( 'NONE', #2982 ) ;
#2819 = VERTEX_POINT ( 'NONE', #676 ) ;
#2820 = LINE ( 'NONE', #149, #1357 ) ;
#2821 = ORIENTED_EDGE ( 'NONE', *, *, #3582, .F. ) ;
#2822 = EDGE_LOOP ( 'NONE', ( #2951, #1770 ) ) ;
#2823 = PERSON_AND_ORGANIZATION ( #2460, #1598 ) ;
#2824 = DIRECTION ( 'NONE',  ( 0.000000000000000000, 0.000000000000000000, 1.000000000000000000 ) ) ;
#2825 = DIRECTION ( 'NONE',  ( 0.000000000000000000, 0.000000000000000000, 1.000000000000000000 ) ) ;
#2826 = CC_DESIGN_PERSON_AND_ORGANIZATION_ASSIGNMENT ( #2234, #3221, ( #3693 ) ) ;
#2827 = DIRECTION ( 'NONE',  ( 0.000000000000000000, -0.000000000000000000, 1.000000000000000000 ) ) ;
#2828 = EDGE_LOOP ( 'NONE', ( #572, #167, #2707, #3387 ) ) ;
#2829 = AXIS2_PLACEMENT_3D ( 'NONE', #2189, #872, #1510 ) ;
#2830 = CYLINDRICAL_SURFACE ( 'NONE', #3413, 0.8000000000000019318 ) ;
#2831 = CARTESIAN_POINT ( 'NONE',  ( 0.9999999999998065991, 6.400000000000075850, -1.599999999999938582 ) ) ;
#2832 = DIRECTION ( 'NONE',  ( -0.000000000000000000, 1.000000000000000000, 3.614007241618348278E-16 ) ) ;
#2833 = EDGE_CURVE ( 'NONE', #2463, #1641, #1218, .T. ) ;
#2834 = VECTOR ( 'NONE', #2887, 1000.000000000000000 ) ;
#2835 = DIRECTION ( 'NONE',  ( 0.000000000000000000, -0.000000000000000000, 1.000000000000000000 ) ) ;
#2836 = EDGE_LOOP ( 'NONE', ( #3955, #3558, #2794, #2641 ) ) ;
#2837 = PLANE ( 'NONE',  #1331 ) ;
#2838 = CARTESIAN_POINT ( 'NONE',  ( -1.850000000000193490, 1.900000000000073630, -2.599999999999935252 ) ) ;
#2839 = EDGE_CURVE ( 'NONE', #3566, #2463, #1900, .T. ) ;
#2840 = ORIENTED_EDGE ( 'NONE', *, *, #343, .T. ) ;
#2841 = ORIENTED_EDGE ( 'NONE', *, *, #2725, .T. ) ;
#2842 = LINE ( 'NONE', #4154, #2337 ) ;
#2843 = ORIENTED_EDGE ( 'NONE', *, *, #287, .T. ) ;
#2844 = ORIENTED_EDGE ( 'NONE', *, *, #2592, .T. ) ;
#2845 =( NAMED_UNIT ( * ) PLANE_ANGLE_UNIT ( ) SI_UNIT ( $, .RADIAN. ) );
#2846 = CARTESIAN_POINT ( 'NONE',  ( 0.9999999999998065991, 6.400000000000075850, -1.599999999999938582 ) ) ;
#2847 = DIRECTION ( 'NONE',  ( 4.231032868236114925E-16, 0.000000000000000000, -1.000000000000000000 ) ) ;
#2848 = CARTESIAN_POINT ( 'NONE',  ( -12.05000000000019433, 6.400000000000075850, -2.099999999999938360 ) ) ;
#2849 = ORIENTED_EDGE ( 'NONE', *, *, #1167, .F. ) ;
#2850 = DIRECTION ( 'NONE',  ( 0.000000000000000000, 0.000000000000000000, 1.000000000000000000 ) ) ;
#2851 = LINE ( 'NONE', #2787, #1540 ) ;
#2852 = VECTOR ( 'NONE', #1387, 1000.000000000000000 ) ;
#2853 = LINE ( 'NONE', #1214, #1965 ) ;
#2854 = AXIS2_PLACEMENT_3D ( 'NONE', #3372, #307, #3991 ) ;
#2855 = FACE_OUTER_BOUND ( 'NONE', #988, .T. ) ;
#2856 = EDGE_CURVE ( 'NONE', #3541, #478, #1569, .T. ) ;
#2857 = VERTEX_POINT ( 'NONE', #2905 ) ;
#2858 = DIRECTION ( 'NONE',  ( 0.000000000000000000, 1.000000000000000000, 3.614007241618348278E-16 ) ) ;
#2860 = CARTESIAN_POINT ( 'NONE',  ( -12.05000000000019433, 6.400000000000075850, -2.099999999999938360 ) ) ;
#2859 = CIRCLE ( 'NONE', #2928, 0.5000000000000007772 ) ;
#2861 = VERTEX_POINT ( 'NONE', #3539 ) ;
#2862 = APPROVAL_PERSON_ORGANIZATION ( #807, #1867, #3478 ) ;
#2863 = EDGE_CURVE ( 'NONE', #3960, #2423, #19, .T. ) ;
#2864 = ORIENTED_EDGE ( 'NONE', *, *, #3123, .T. ) ;
#2865 = AXIS2_PLACEMENT_3D ( 'NONE', #2831, #2897, #2324 ) ;
#2866 = LINE ( 'NONE', #3804, #939 ) ;
#2867 = EDGE_LOOP ( 'NONE', ( #1556, #3893 ) ) ;
#2868 = EDGE_LOOP ( 'NONE', ( #3872, #2104 ) ) ;
#2869 = AXIS2_PLACEMENT_3D ( 'NONE', #4071, #3348, #85 ) ;
#2870 = EDGE_CURVE ( 'NONE', #3645, #2491, #562, .T. ) ;
#2871 = DIRECTION ( 'NONE',  ( 1.000000000000000000, 0.000000000000000000, 0.000000000000000000 ) ) ;
#2872 = DIRECTION ( 'NONE',  ( -0.000000000000000000, -1.000000000000000000, -3.540251991789403391E-16 ) ) ;
#2873 = VECTOR ( 'NONE', #2985, 1000.000000000000000 ) ;
#2874 = DIRECTION ( 'NONE',  ( 0.000000000000000000, 0.000000000000000000, 1.000000000000000000 ) ) ;
#2875 = LINE ( 'NONE', #834, #3910 ) ;
#2876 = EDGE_LOOP ( 'NONE', ( #215, #752, #1465, #2270, #3664, #157, #1323, #2477, #3198, #689, #1776, #1128, #3143, #706, #4272, #716, #1247, #3818, #3827, #1930, #1421, #3336, #3497, #4101, #1460, #3099, #320, #1801 ) ) ;
#2877 = CARTESIAN_POINT ( 'NONE',  ( -12.50000000000019185, 5.400000000000074962, -0.1999999999998535172 ) ) ;
#2878 = DIRECTION ( 'NONE',  ( -0.000000000000000000, -1.770125995894702188E-16, 1.000000000000000000 ) ) ;
#2879 = FACE_OUTER_BOUND ( 'NONE', #1171, .T. ) ;
#2880 = LINE ( 'NONE', #3513, #1661 ) ;
#2881 = ADVANCED_BREP_SHAPE_REPRESENTATION ( 'CONNECTOR,JST XH,F,06 PIN', ( #1275, #4254 ), #550 ) ;
#2882 = ORIENTED_EDGE ( 'NONE', *, *, #3308, .T. ) ;
#2883 = DIRECTION ( 'NONE',  ( 0.000000000000000000, 1.000000000000000000, 0.000000000000000000 ) ) ;
#2884 = LINE ( 'NONE', #1341, #1634 ) ;
#2885 = ORIENTED_EDGE ( 'NONE', *, *, #1758, .T. ) ;
#2886 = VERTEX_POINT ( 'NONE', #2000 ) ;
#2887 = DIRECTION ( 'NONE',  ( 0.000000000000000000, -1.000000000000000000, 0.000000000000000000 ) ) ;
#2888 = EDGE_LOOP ( 'NONE', ( #2255, #98, #2777, #3996, #4307, #1200, #1244, #794 ) ) ;
#2889 = EDGE_CURVE ( 'NONE', #3278, #843, #2907, .T. ) ;
#2890 = VERTEX_POINT ( 'NONE', #910 ) ;
#2891 = APPROVAL_ROLE ( '' ) ;
#2892 = FACE_OUTER_BOUND ( 'NONE', #453, .T. ) ;
#2893 = DIRECTION ( 'NONE',  ( 0.000000000000000000, 1.000000000000000000, 3.614007241618348278E-16 ) ) ;
#2894 = EDGE_CURVE ( 'NONE', #2986, #3566, #348, .T. ) ;
#2895 = VERTEX_POINT ( 'NONE', #324 ) ;
#2896 = CARTESIAN_POINT ( 'NONE',  ( -10.00000000000019362, 6.400000000000074074, 0.6000000000001322054 ) ) ;
#2897 = DIRECTION ( 'NONE',  ( 1.000000000000000000, -0.000000000000000000, 0.000000000000000000 ) ) ;
#2898 = AXIS2_PLACEMENT_3D ( 'NONE', #3157, #2893, #2825 ) ;
#2899 = DIRECTION ( 'NONE',  ( -0.000000000000000000, -1.000000000000000000, -0.000000000000000000 ) ) ;
#2900 = CIRCLE ( 'NONE', #2829, 0.4999999999999998890 ) ;
#2901 = CARTESIAN_POINT ( 'NONE',  ( 0.4499999999998064437, 6.400000000000075850, -1.599999999999938360 ) ) ;
#2902 = ORIENTED_EDGE ( 'NONE', *, *, #1374, .T. ) ;
#2903 = CARTESIAN_POINT ( 'NONE',  ( 0.4999999999998078759, 3.450000000000073896, 2.300000000000063327 ) ) ;
#2904 = VECTOR ( 'NONE', #3711, 1000.000000000000000 ) ;
#2905 = CARTESIAN_POINT ( 'NONE',  ( -1.000000000000193401, 6.400000000000075850, -1.599999999999938582 ) ) ;
#2906 = VERTEX_POINT ( 'NONE', #1666 ) ;
#2907 = CIRCLE ( 'NONE', #3460, 0.8000000000000025979 ) ;
#2908 = EDGE_CURVE ( 'NONE', #3491, #4074, #3867, .T. ) ;
#2909 = ORIENTED_EDGE ( 'NONE', *, *, #2518, .F. ) ;
#2910 = DIRECTION ( 'NONE',  ( 0.000000000000000000, 1.000000000000000000, -2.312964634635742957E-16 ) ) ;
#2911 = ORIENTED_EDGE ( 'NONE', *, *, #3961, .F. ) ;
#2912 = ORIENTED_EDGE ( 'NONE', *, *, #2642, .T. ) ;
#2913 = EDGE_CURVE ( 'NONE', #2978, #1349, #3990, .T. ) ;
#2914 = LINE ( 'NONE', #2256, #909 ) ;
#2915 = CARTESIAN_POINT ( 'NONE',  ( -10.45000000000019291, 6.900000000000074074, -1.599999999999938360 ) ) ;
#2916 = VERTEX_POINT ( 'NONE', #1242 ) ;
#2917 = DIRECTION ( 'NONE',  ( 0.000000000000000000, 0.000000000000000000, -1.000000000000000000 ) ) ;
#2918 = EDGE_CURVE ( 'NONE', #758, #3522, #306, .T. ) ;
#2919 = CARTESIAN_POINT ( 'NONE',  ( -14.10000000000019149, -0.8499999999999259259, -2.599999999999934808 ) ) ;
#2920 = DIRECTION ( 'NONE',  ( 0.000000000000000000, 0.000000000000000000, 1.000000000000000000 ) ) ;
#2921 = CARTESIAN_POINT ( 'NONE',  ( -10.00000000000019362, 6.400000000000074074, -0.9999999999998732125 ) ) ;
#2922 = VECTOR ( 'NONE', #3715, 1000.000000000000000 ) ;
#2923 = ORIENTED_EDGE ( 'NONE', *, *, #3912, .T. ) ;
#2924 = DIRECTION ( 'NONE',  ( -0.000000000000000000, -0.000000000000000000, 1.000000000000000000 ) ) ;
#2925 = EDGE_LOOP ( 'NONE', ( #970, #4266 ) ) ;
#2926 = VECTOR ( 'NONE', #1007, 1000.000000000000000 ) ;
#2927 = ORIENTED_EDGE ( 'NONE', *, *, #3187, .F. ) ;
#2928 = AXIS2_PLACEMENT_3D ( 'NONE', #199, #1495, #1542 ) ;
#2929 = DIRECTION ( 'NONE',  ( 0.000000000000000000, 1.000000000000000000, 0.000000000000000000 ) ) ;
#2930 = VERTEX_POINT ( 'NONE', #3636 ) ;
#2931 = ORIENTED_EDGE ( 'NONE', *, *, #953, .T. ) ;
#2932 = EDGE_CURVE ( 'NONE', #581, #487, #21, .T. ) ;
#2933 = VECTOR ( 'NONE', #121, 1000.000000000000000 ) ;
#2934 = VECTOR ( 'NONE', #1564, 1000.000000000000000 ) ;
#2935 = CARTESIAN_POINT ( 'NONE',  ( -12.50000000000019185, 6.400000000000074074, -0.9999999999998550049 ) ) ;
#2936 = PLANE ( 'NONE',  #172 ) ;
#2937 = AXIS2_PLACEMENT_3D ( 'NONE', #1376, #2737, #2343 ) ;
#2938 = ORIENTED_EDGE ( 'NONE', *, *, #597, .T. ) ;
#2939 = EDGE_CURVE ( 'NONE', #2729, #2463, #2884, .T. ) ;
#2941 = AXIS2_PLACEMENT_3D ( 'NONE', #1096, #2436, #2459 ) ;
#2940 = DIRECTION ( 'NONE',  ( 0.000000000000000000, 0.000000000000000000, -1.000000000000000000 ) ) ;
#2942 = CARTESIAN_POINT ( 'NONE',  ( -1.934216675714139910E-13, 6.400000000000074074, -0.1999999999999385047 ) ) ;
#2943 = DIRECTION ( 'NONE',  ( 1.000000000000000000, 0.000000000000000000, 0.000000000000000000 ) ) ;
#2944 = VECTOR ( 'NONE', #2528, 1000.000000000000000 ) ;
#2945 = EDGE_CURVE ( 'NONE', #1044, #1769, #3560, .T. ) ;
#2946 = DIRECTION ( 'NONE',  ( -1.000000000000000000, 0.000000000000000000, 1.381149264312744580E-16 ) ) ;
#2947 = ORIENTED_EDGE ( 'NONE', *, *, #1143, .F. ) ;
#2948 = DIRECTION ( 'NONE',  ( 1.000000000000000000, 0.000000000000000000, -0.000000000000000000 ) ) ;
#2949 = VERTEX_POINT ( 'NONE', #3415 ) ;
#2950 = EDGE_CURVE ( 'NONE', #1330, #2530, #2617, .T. ) ;
#2951 = ORIENTED_EDGE ( 'NONE', *, *, #3633, .F. ) ;
#2952 = DIRECTION ( 'NONE',  ( 0.000000000000000000, 1.770125995894702188E-16, -1.000000000000000000 ) ) ;
#2953 = ORIENTED_EDGE ( 'NONE', *, *, #2894, .T. ) ;
#2954 = VERTEX_POINT ( 'NONE', #741 ) ;
#2955 = PLANE ( 'NONE',  #2796 ) ;
#2956 = DIRECTION ( 'NONE',  ( 0.000000000000000000, 1.000000000000000000, 0.000000000000000000 ) ) ;
#2957 = ORIENTED_EDGE ( 'NONE', *, *, #2136, .F. ) ;
#2958 = CARTESIAN_POINT ( 'NONE',  ( -14.10000000000012577, -1.301042606982605321E-15, -2.550000000000002487 ) ) ;
#2959 = CARTESIAN_POINT ( 'NONE',  ( -2.500000000000192291, 5.400000000000074962, -0.9999999999999243938 ) ) ;
#2960 = CC_DESIGN_PERSON_AND_ORGANIZATION_ASSIGNMENT ( #1559, #1513, ( #1222 ) ) ;
#2961 = LINE ( 'NONE', #3001, #2752 ) ;
#2962 = VECTOR ( 'NONE', #4316, 1000.000000000000000 ) ;
#2963 = FACE_OUTER_BOUND ( 'NONE', #995, .T. ) ;
#2964 = CARTESIAN_POINT ( 'NONE',  ( -9.000000000000193623, 6.400000000000075850, -1.599999999999938582 ) ) ;
#2966 = EDGE_CURVE ( 'NONE', #946, #2443, #3723, .T. ) ;
#2965 = DIRECTION ( 'NONE',  ( 0.000000000000000000, 1.000000000000000000, 0.000000000000000000 ) ) ;
#2967 = VERTEX_POINT ( 'NONE', #3763 ) ;
#2968 = ADVANCED_FACE ( 'NONE', ( #720 ), #1447, .F. ) ;
#2969 = DIRECTION ( 'NONE',  ( -0.000000000000000000, 1.000000000000000000, 3.614007241618348278E-16 ) ) ;
#2970 = ORIENTED_EDGE ( 'NONE', *, *, #2402, .T. ) ;
#2971 = ADVANCED_FACE ( 'NONE', ( #4116 ), #3459, .F. ) ;
#2972 = CARTESIAN_POINT ( 'NONE',  ( -5.000000000000191847, 5.400000000000074962, -0.1999999999999055589 ) ) ;
#2973 = EDGE_LOOP ( 'NONE', ( #2085, #4156, #116, #3586 ) ) ;
#2974 = VERTEX_POINT ( 'NONE', #2429 ) ;
#2975 = VECTOR ( 'NONE', #2793, 1000.000000000000000 ) ;
#2976 = LINE ( 'NONE', #3570, #1265 ) ;
#2977 = DIRECTION ( 'NONE',  ( -1.000000000000000000, 0.000000000000000000, -0.000000000000000000 ) ) ;
#2978 = VERTEX_POINT ( 'NONE', #2454 ) ;
#2979 = CARTESIAN_POINT ( 'NONE',  ( -14.10000000000012577, -1.301042606982605321E-15, -2.550000000000002487 ) ) ;
#2980 = LINE ( 'NONE', #2569, #138 ) ;
#2981 = DIRECTION ( 'NONE',  ( 0.2588190451025139671, 0.000000000000000000, -0.9659258262890701996 ) ) ;
#2982 = CARTESIAN_POINT ( 'NONE',  ( -10.45000000000019291, 6.400000000000075850, -2.099999999999938360 ) ) ;
#2983 = DIRECTION ( 'NONE',  ( 0.000000000000000000, 0.000000000000000000, 1.000000000000000000 ) ) ;
#2984 = ORIENTED_EDGE ( 'NONE', *, *, #530, .T. ) ;
#2985 = DIRECTION ( 'NONE',  ( -1.000000000000000000, 0.000000000000000000, 1.381149264312744580E-16 ) ) ;
#2986 = VERTEX_POINT ( 'NONE', #3044 ) ;
#2987 = LINE ( 'NONE', #46, #471 ) ;
#2988 = ORIENTED_EDGE ( 'NONE', *, *, #633, .F. ) ;
#2990 = LINE ( 'NONE', #1415, #1508 ) ;
#2989 = CIRCLE ( 'NONE', #474, 0.8000000000000025979 ) ;
#2991 = ORIENTED_EDGE ( 'NONE', *, *, #2398, .F. ) ;
#2992 = EDGE_LOOP ( 'NONE', ( #469, #4229, #4328, #2997 ) ) ;
#2993 = EDGE_CURVE ( 'NONE', #3119, #1370, #3371, .T. ) ;
#2994 = LOCAL_TIME ( 19, 53, 55.00000000000000000, #1536 ) ;
#2995 = PLANE ( 'NONE',  #1679 ) ;
#2996 = DIRECTION ( 'NONE',  ( 0.000000000000000000, -0.000000000000000000, 1.000000000000000000 ) ) ;
#2997 = ORIENTED_EDGE ( 'NONE', *, *, #3050, .F. ) ;
#2998 = EDGE_CURVE ( 'NONE', #1266, #1388, #4018, .T. ) ;
#2999 = DIRECTION ( 'NONE',  ( -0.000000000000000000, 1.000000000000000000, -0.000000000000000000 ) ) ;
#3000 = CARTESIAN_POINT ( 'NONE',  ( -7.050000000000193445, 6.400000000000075850, -1.599999999999938582 ) ) ;
#3001 = CARTESIAN_POINT ( 'NONE',  ( -11.85000000000019327, -1.301042606982605321E-15, -2.599999999999935252 ) ) ;
#3002 = PLANE ( 'NONE',  #932 ) ;
#3003 = AXIS2_PLACEMENT_3D ( 'NONE', #3222, #4269, #2646 ) ;
#3004 = CARTESIAN_POINT ( 'NONE',  ( 2.399999999999784084, 12.10000000000007425, -0.4881197846482434599 ) ) ;
#3005 = DIRECTION ( 'NONE',  ( 0.000000000000000000, 3.540251991789403391E-16, -1.000000000000000000 ) ) ;
#3006 = DIRECTION ( 'NONE',  ( 0.000000000000000000, 0.000000000000000000, 1.000000000000000000 ) ) ;
#3007 = AXIS2_PLACEMENT_3D ( 'NONE', #248, #1899, #908 ) ;
#3008 = ORIENTED_EDGE ( 'NONE', *, *, #4297, .F. ) ;
#3009 = CARTESIAN_POINT ( 'NONE',  ( -10.00000000000019362, 5.400000000000074962, -0.1999999999998708644 ) ) ;
#3010 = ORIENTED_EDGE ( 'NONE', *, *, #1705, .T. ) ;
#3011 = PLANE ( 'NONE',  #2065 ) ;
#3012 = EDGE_LOOP ( 'NONE', ( #890, #2250, #1695, #396 ) ) ;
#3013 = ORIENTED_EDGE ( 'NONE', *, *, #3684, .F. ) ;
#3014 = CARTESIAN_POINT ( 'NONE',  ( 2.399999999999806732, 6.900000000000074074, -3.399999999999935074 ) ) ;
#3015 = DIRECTION ( 'NONE',  ( 0.000000000000000000, 0.000000000000000000, 1.000000000000000000 ) ) ;
#3016 = EDGE_CURVE ( 'NONE', #1742, #1288, #4073, .T. ) ;
#3017 = VERTEX_POINT ( 'NONE', #3701 ) ;
#3018 = CARTESIAN_POINT ( 'NONE',  ( -10.00000000000012257, 4.499999999999999112, -0.4999999999999339972 ) ) ;
#3019 = LINE ( 'NONE', #3042, #971 ) ;
#3020 = DIRECTION ( 'NONE',  ( 0.000000000000000000, 1.000000000000000000, 0.000000000000000000 ) ) ;
#3021 = EDGE_CURVE ( 'NONE', #1032, #2191, #2364, .T. ) ;
#3022 = CARTESIAN_POINT ( 'NONE',  ( -9.350000000000193268, -1.301042606982605321E-15, -2.599999999999935252 ) ) ;
#3023 = CARTESIAN_POINT ( 'NONE',  ( 1.599999999999806466, 6.900000000000074074, 0.8000000000000636602 ) ) ;
#3024 = DIRECTION ( 'NONE',  ( 0.000000000000000000, 1.770125995894702188E-16, -1.000000000000000000 ) ) ;
#3025 = CARTESIAN_POINT ( 'NONE',  ( -7.950000000000192912, 6.400000000000075850, -1.599999999999938582 ) ) ;
#3026 = AXIS2_PLACEMENT_3D ( 'NONE', #1877, #2575, #2556 ) ;
#3027 = DIRECTION ( 'NONE',  ( -0.000000000000000000, 1.000000000000000000, 3.614007241618348278E-16 ) ) ;
#3028 = EDGE_LOOP ( 'NONE', ( #2287, #642, #948, #4320 ) ) ;
#3029 = VECTOR ( 'NONE', #130, 1000.000000000000000 ) ;
#3030 = AXIS2_PLACEMENT_3D ( 'NONE', #3328, #1005, #867 ) ;
#3031 = DIRECTION ( 'NONE',  ( 0.000000000000000000, 1.000000000000000000, 0.000000000000000000 ) ) ;
#3032 = ORIENTED_EDGE ( 'NONE', *, *, #3417, .F. ) ;
#3033 = ORIENTED_EDGE ( 'NONE', *, *, #2856, .T. ) ;
#3034 = AXIS2_PLACEMENT_3D ( 'NONE', #219, #3786, #785 ) ;
#3035 = CARTESIAN_POINT ( 'NONE',  ( -3.136602540378655490, 1.900000000000073630, -2.550000000000004263 ) ) ;
#3036 = DIRECTION ( 'NONE',  ( 0.2588190451025226269, 0.000000000000000000, 0.9659258262890676461 ) ) ;
#3037 = ORIENTED_EDGE ( 'NONE', *, *, #2618, .F. ) ;
#3038 = VECTOR ( 'NONE', #2929, 1000.000000000000000 ) ;
#3039 = ORIENTED_EDGE ( 'NONE', *, *, #2721, .T. ) ;
#3040 = EDGE_CURVE ( 'NONE', #1263, #3100, #786, .T. ) ;
#3041 = CARTESIAN_POINT ( 'NONE',  ( -10.00000000000012257, -1.301042606982605321E-15, 0.5000000000000658362 ) ) ;
#3042 = CARTESIAN_POINT ( 'NONE',  ( 1.599999999999806466, 6.100000000000076028, 1.500000000000062839 ) ) ;
#3043 = LINE ( 'NONE', #39, #519 ) ;
#3044 = CARTESIAN_POINT ( 'NONE',  ( -9.363397459621731755, 1.900000000000073852, -2.550000000000002931 ) ) ;
#3045 = EDGE_CURVE ( 'NONE', #487, #3687, #387, .T. ) ;
#3046 = EDGE_CURVE ( 'NONE', #4236, #2890, #3788, .T. ) ;
#3047 = DIRECTION ( 'NONE',  ( 0.000000000000000000, 1.000000000000000000, 3.540251991789403391E-16 ) ) ;
#3048 = CARTESIAN_POINT ( 'NONE',  ( -14.90000000000019220, 6.100000000000074252, 1.500000000000061284 ) ) ;
#3049 = CARTESIAN_POINT ( 'NONE',  ( 0.9999999999998065991, 6.900000000000074074, -3.399999999999935518 ) ) ;
#3050 = EDGE_CURVE ( 'NONE', #1077, #1272, #2387, .T. ) ;
#3051 = PLANE ( 'NONE',  #1256 ) ;
#3052 = ORIENTED_EDGE ( 'NONE', *, *, #146, .T. ) ;
#3053 = LINE ( 'NONE', #2681, #101 ) ;
#3054 = VERTEX_POINT ( 'NONE', #2782 ) ;
#3055 = ORIENTED_EDGE ( 'NONE', *, *, #875, .F. ) ;
#3056 = LINE ( 'NONE', #451, #2512 ) ;
#3057 = AXIS2_PLACEMENT_3D ( 'NONE', #1472, #1539, #878 ) ;
#3058 = DIRECTION ( 'NONE',  ( 0.000000000000000000, 3.540251991789403391E-16, -1.000000000000000000 ) ) ;
#3059 = ORIENTED_EDGE ( 'NONE', *, *, #152, .T. ) ;
#3060 = ORIENTED_EDGE ( 'NONE', *, *, #3091, .T. ) ;
#3061 = AXIS2_PLACEMENT_3D ( 'NONE', #986, #4298, #2347 ) ;
#3062 = DIRECTION ( 'NONE',  ( 1.000000000000000000, -0.000000000000000000, 0.000000000000000000 ) ) ;
#3063 = DIRECTION ( 'NONE',  ( -0.000000000000000000, -1.000000000000000000, 0.000000000000000000 ) ) ;
#3064 = CARTESIAN_POINT ( 'NONE',  ( -5.636602540378656379, -1.301042606982605321E-15, -2.550000000000003819 ) ) ;
#3065 = EDGE_CURVE ( 'NONE', #111, #4152, #701, .T. ) ;
#3066 = DIRECTION ( 'NONE',  ( -0.000000000000000000, 1.000000000000000000, 3.614007241618348278E-16 ) ) ;
#3067 = VECTOR ( 'NONE', #683, 1000.000000000000000 ) ;
#3069 = AXIS2_PLACEMENT_3D ( 'NONE', #1451, #3725, #725 ) ;
#3068 = FACE_OUTER_BOUND ( 'NONE', #3257, .T. ) ;
#3070 = LINE ( 'NONE', #1073, #2652 ) ;
#3071 = CARTESIAN_POINT ( 'NONE',  ( -11.50000000000019362, 6.900000000000074074, 0.8000000000000627720 ) ) ;
#3072 = EDGE_CURVE ( 'NONE', #4068, #4197, #3089, .T. ) ;
#3073 = VECTOR ( 'NONE', #2872, 1000.000000000000000 ) ;
#3074 = LINE ( 'NONE', #1806, #1380 ) ;
#3075 = ORIENTED_EDGE ( 'NONE', *, *, #1199, .F. ) ;
#3076 = AXIS2_PLACEMENT_3D ( 'NONE', #1524, #2858, #4194 ) ;
#3077 = CARTESIAN_POINT ( 'NONE',  ( 0.4499999999998064437, 6.400000000000075850, -2.099999999999938360 ) ) ;
#3078 = ADVANCED_FACE ( 'NONE', ( #2128 ), #2044, .F. ) ;
#3079 = VERTEX_POINT ( 'NONE', #2408 ) ;
#3080 = VERTEX_POINT ( 'NONE', #3743 ) ;
#3081 = AXIS2_PLACEMENT_3D ( 'NONE', #2220, #840, #3139 ) ;
#3082 = CARTESIAN_POINT ( 'NONE',  ( -10.00000000000012257, 4.499999999999999112, 0.5000000000000658362 ) ) ;
#3083 = CARTESIAN_POINT ( 'NONE',  ( -11.70000000000019291, 6.100000000000072475, 2.300000000000063327 ) ) ;
#3084 = ORIENTED_EDGE ( 'NONE', *, *, #4287, .F. ) ;
#3085 = ORIENTED_EDGE ( 'NONE', *, *, #2998, .F. ) ;
#3086 = DIRECTION ( 'NONE',  ( -1.000000000000000000, -0.000000000000000000, -0.000000000000000000 ) ) ;
#3087 = DIRECTION ( 'NONE',  ( 0.000000000000000000, 1.000000000000000000, 3.614007241618348278E-16 ) ) ;
#3088 = CARTESIAN_POINT ( 'NONE',  ( 1.599999999999789146, 6.100000000000076028, -0.9499999999999395595 ) ) ;
#3089 = LINE ( 'NONE', #2739, #2365 ) ;
#3090 = ORIENTED_EDGE ( 'NONE', *, *, #4060, .T. ) ;
#3091 = EDGE_CURVE ( 'NONE', #1813, #501, #258, .T. ) ;
#3092 = LINE ( 'NONE', #2763, #262 ) ;
#3093 = CARTESIAN_POINT ( 'NONE',  ( -3.500000000000194067, 6.900000000000074074, -3.399999999999935518 ) ) ;
#3094 = PLANE ( 'NONE',  #768 ) ;
#3095 = LINE ( 'NONE', #1784, #1731 ) ;
#3096 = ADVANCED_FACE ( 'NONE', ( #4162 ), #1186, .F. ) ;
#3097 = ORIENTED_EDGE ( 'NONE', *, *, #904, .T. ) ;
#3098 = DIRECTION ( 'NONE',  ( 0.000000000000000000, 0.000000000000000000, -1.000000000000000000 ) ) ;
#3099 = ORIENTED_EDGE ( 'NONE', *, *, #1878, .T. ) ;
#3100 = VERTEX_POINT ( 'NONE', #1161 ) ;
#3101 = EDGE_CURVE ( 'NONE', #501, #713, #2523, .T. ) ;
#3102 = LINE ( 'NONE', #4086, #4189 ) ;
#3103 = VECTOR ( 'NONE', #3112, 1000.000000000000000 ) ;
#3104 = AXIS2_PLACEMENT_3D ( 'NONE', #4030, #3066, #40 ) ;
#3105 = DIRECTION ( 'NONE',  ( -0.000000000000000000, -1.770125995894702188E-16, 1.000000000000000000 ) ) ;
#3106 = ORIENTED_EDGE ( 'NONE', *, *, #1248, .F. ) ;
#3107 = ORIENTED_EDGE ( 'NONE', *, *, #422, .F. ) ;
#3108 = VECTOR ( 'NONE', #2956, 1000.000000000000000 ) ;
#3109 = CARTESIAN_POINT ( 'NONE',  ( -9.617949192431309413, 1.900000000000073630, -1.599999999999935030 ) ) ;
#3110 = LINE ( 'NONE', #108, #4334 ) ;
#3111 = CIRCLE ( 'NONE', #3809, 0.8000000000000025979 ) ;
#3112 = DIRECTION ( 'NONE',  ( -0.000000000000000000, -1.000000000000000000, -0.000000000000000000 ) ) ;
#3113 = DIRECTION ( 'NONE',  ( -0.000000000000000000, -0.000000000000000000, 1.000000000000000000 ) ) ;
#3114 = ORIENTED_EDGE ( 'NONE', *, *, #2696, .F. ) ;
#3115 = CARTESIAN_POINT ( 'NONE',  ( 1.599999999999789146, 12.10000000000007425, -0.9499999999999465539 ) ) ;
#3116 = DIRECTION ( 'NONE',  ( -1.000000000000000000, -0.000000000000000000, -0.000000000000000000 ) ) ;
#3117 = LINE ( 'NONE', #44, #2724 ) ;
#3118 = PLANE ( 'NONE',  #3482 ) ;
#3119 = VERTEX_POINT ( 'NONE', #133 ) ;
#3120 = LINE ( 'NONE', #3670, #3152 ) ;
#3121 = DIRECTION ( 'NONE',  ( -0.000000000000000000, 1.000000000000000000, -0.000000000000000000 ) ) ;
#3122 = VERTEX_POINT ( 'NONE', #156 ) ;
#3123 = EDGE_CURVE ( 'NONE', #3892, #1527, #2875, .T. ) ;
#3124 = ORIENTED_EDGE ( 'NONE', *, *, #1974, .F. ) ;
#3125 = LINE ( 'NONE', #3802, #1954 ) ;
#3126 = CARTESIAN_POINT ( 'NONE',  ( -14.90000000000019220, 6.100000000000074252, 1.500000000000061284 ) ) ;
#3127 = EDGE_CURVE ( 'NONE', #518, #2861, #177, .T. ) ;
#3128 = ORIENTED_EDGE ( 'NONE', *, *, #2492, .T. ) ;
#3129 = CARTESIAN_POINT ( 'NONE',  ( -9.000000000000193623, 6.400000000000074074, -1.599999999999938582 ) ) ;
#3130 = CARTESIAN_POINT ( 'NONE',  ( -10.63660254037865549, 1.900000000000073630, -2.550000000000002931 ) ) ;
#3131 = CARTESIAN_POINT ( 'NONE',  ( 1.599999999999806466, 6.900000000000074074, 1.500000000000061284 ) ) ;
#3132 = CARTESIAN_POINT ( 'NONE',  ( -0.8000000000001928901, 1.000000000000074607, 2.300000000000063327 ) ) ;
#3133 = AXIS2_PLACEMENT_3D ( 'NONE', #3004, #3309, #288 ) ;
#3134 = ADVANCED_FACE ( 'NONE', ( #2498 ), #3507, .F. ) ;
#3135 = ORIENTED_EDGE ( 'NONE', *, *, #366, .F. ) ;
#3136 = CARTESIAN_POINT ( 'NONE',  ( -3.500000000000194067, 6.900000000000074074, -1.599999999999938360 ) ) ;
#3137 = AXIS2_PLACEMENT_3D ( 'NONE', #1020, #3062, #2361 ) ;
#3138 = CARTESIAN_POINT ( 'NONE',  ( -6.000000000000193623, 6.400000000000074074, 0.8000000000000619949 ) ) ;
#3139 = DIRECTION ( 'NONE',  ( 0.000000000000000000, 0.000000000000000000, 1.000000000000000000 ) ) ;
#3140 = AXIS2_PLACEMENT_3D ( 'NONE', #3682, #2029, #1632 ) ;
#3141 = VECTOR ( 'NONE', #2132, 1000.000000000000000 ) ;
#3142 = DIRECTION ( 'NONE',  ( -1.000000000000000000, 0.000000000000000000, 0.000000000000000000 ) ) ;
#3143 = ORIENTED_EDGE ( 'NONE', *, *, #2744, .T. ) ;
#3144 = CARTESIAN_POINT ( 'NONE',  ( -10.00000000000012257, -1.414213562373098254, 0.5000000000000658362 ) ) ;
#3145 = VECTOR ( 'NONE', #2878, 1000.000000000000000 ) ;
#3146 = CARTESIAN_POINT ( 'NONE',  ( -1.933236958274821979E-13, 5.400000000000074962, -0.9999999999999397149 ) ) ;
#3147 = ORIENTED_EDGE ( 'NONE', *, *, #2113, .T. ) ;
#3148 = ORIENTED_EDGE ( 'NONE', *, *, #287, .F. ) ;
#3149 = LINE ( 'NONE', #1745, #820 ) ;
#3150 = CARTESIAN_POINT ( 'NONE',  ( -13.50000000000019362, 6.400000000000074074, 0.8000000000000619949 ) ) ;
#3151 = ORIENTED_EDGE ( 'NONE', *, *, #2304, .F. ) ;
#3152 = VECTOR ( 'NONE', #795, 1000.000000000000000 ) ;
#3153 = ORIENTED_EDGE ( 'NONE', *, *, #2379, .T. ) ;
#3154 = PERSON_AND_ORGANIZATION ( #2460, #1598 ) ;
#3155 = ADVANCED_FACE ( 'NONE', ( #4209 ), #1828, .F. ) ;
#3156 = CARTESIAN_POINT ( 'NONE',  ( -3.500000000000193623, 6.400000000000075850, 0.8000000000000619949 ) ) ;
#3157 = CARTESIAN_POINT ( 'NONE',  ( -7.500000000000193623, 6.400000000000074074, -0.1999999999998877676 ) ) ;
#3158 = DIRECTION ( 'NONE',  ( 0.000000000000000000, 0.000000000000000000, -1.000000000000000000 ) ) ;
#3159 = ORIENTED_EDGE ( 'NONE', *, *, #4304, .F. ) ;
#3160 = EDGE_CURVE ( 'NONE', #3852, #3402, #858, .T. ) ;
#3161 = DIRECTION ( 'NONE',  ( 0.000000000000000000, 0.000000000000000000, -1.000000000000000000 ) ) ;
#3162 = EDGE_CURVE ( 'NONE', #4193, #4261, #2196, .T. ) ;
#3163 = LINE ( 'NONE', #160, #3141 ) ;
#3164 = CARTESIAN_POINT ( 'NONE',  ( -10.38205080756906895, 1.900000000000073630, -1.599999999999935252 ) ) ;
#3165 = CARTESIAN_POINT ( 'NONE',  ( -7.950000000000192912, 6.400000000000075850, -2.099999999999938360 ) ) ;
#3166 = ORIENTED_EDGE ( 'NONE', *, *, #1657, .F. ) ;
#3167 = DIRECTION ( 'NONE',  ( 0.000000000000000000, 0.000000000000000000, -1.000000000000000000 ) ) ;
#3168 = DIRECTION ( 'NONE',  ( 1.000000000000000000, 0.000000000000000000, -0.000000000000000000 ) ) ;
#3169 = VERTEX_POINT ( 'NONE', #2543 ) ;
#3170 = ORIENTED_EDGE ( 'NONE', *, *, #3445, .T. ) ;
#3171 = CARTESIAN_POINT ( 'NONE',  ( -11.70000000000019291, 6.100000000000072475, 2.300000000000063327 ) ) ;
#3172 = ORIENTED_EDGE ( 'NONE', *, *, #1150, .F. ) ;
#3173 = VERTEX_POINT ( 'NONE', #3481 ) ;
#3174 = PERSON_AND_ORGANIZATION_ROLE ( 'design_owner' ) ;
#3175 = LINE ( 'NONE', #3156, #1327 ) ;
#3176 = CARTESIAN_POINT ( 'NONE',  ( 1.599999999999872413, -1.301042606982605321E-15, 1.549999999999994937 ) ) ;
#3177 = VECTOR ( 'NONE', #4072, 1000.000000000000000 ) ;
#3178 = CARTESIAN_POINT ( 'NONE',  ( -5.382050807569068951, 1.900000000000073630, -1.599999999999935252 ) ) ;
#3179 = ORIENTED_EDGE ( 'NONE', *, *, #2372, .T. ) ;
#3180 = EDGE_CURVE ( 'NONE', #2499, #2145, #3528, .T. ) ;
#3181 = VECTOR ( 'NONE', #3244, 1000.000000000000000 ) ;
#3182 = LINE ( 'NONE', #179, #2711 ) ;
#3183 = LINE ( 'NONE', #2219, #1036 ) ;
#3184 = ADVANCED_FACE ( 'NONE', ( #220 ), #196, .T. ) ;
#3185 = DIRECTION ( 'NONE',  ( 0.000000000000000000, 3.540251991789403391E-16, -1.000000000000000000 ) ) ;
#3186 = VECTOR ( 'NONE', #497, 999.9999999999998863 ) ;
#3187 = EDGE_CURVE ( 'NONE', #3936, #3469, #2216, .T. ) ;
#3188 = EDGE_CURVE ( 'NONE', #9, #2749, #2806, .T. ) ;
#3189 = DIRECTION ( 'NONE',  ( 0.000000000000000000, -3.540251991789403391E-16, 1.000000000000000000 ) ) ;
#3190 = VERTEX_POINT ( 'NONE', #2476 ) ;
#3191 = DIRECTION ( 'NONE',  ( -1.000000000000000000, 0.000000000000000000, -0.000000000000000000 ) ) ;
#3192 = DIRECTION ( 'NONE',  ( 0.000000000000000000, 0.000000000000000000, -1.000000000000000000 ) ) ;
#3193 = ORIENTED_EDGE ( 'NONE', *, *, #1408, .T. ) ;
#3194 = EDGE_CURVE ( 'NONE', #1973, #1266, #3811, .T. ) ;
#3195 = ORIENTED_EDGE ( 'NONE', *, *, #1952, .T. ) ;
#3196 = FACE_OUTER_BOUND ( 'NONE', #3977, .T. ) ;
#3197 = ORIENTED_EDGE ( 'NONE', *, *, #2536, .T. ) ;
#3198 = ORIENTED_EDGE ( 'NONE', *, *, #1573, .T. ) ;
#3199 = CARTESIAN_POINT ( 'NONE',  ( -12.50000000000012612, 4.499999999999999112, -0.4999999999999175104 ) ) ;
#3200 = CARTESIAN_POINT ( 'NONE',  ( -11.50000000000019362, 6.400000000000075850, -1.599999999999938582 ) ) ;
#3201 = DIRECTION ( 'NONE',  ( 0.000000000000000000, 0.000000000000000000, 1.000000000000000000 ) ) ;
#3202 = ORIENTED_EDGE ( 'NONE', *, *, #1950, .F. ) ;
#3203 = CARTESIAN_POINT ( 'NONE',  ( 0.6366025403782699099, 1.900000000000073630, -2.550000000000004707 ) ) ;
#3204 = PRODUCT_DEFINITION_SHAPE ( 'NONE', 'NONE',  #1222 ) ;
#3205 = DIRECTION ( 'NONE',  ( 0.000000000000000000, 1.000000000000000000, -0.000000000000000000 ) ) ;
#3206 = ADVANCED_FACE ( 'NONE', ( #2074 ), #473, .T. ) ;
#3207 = AXIS2_PLACEMENT_3D ( 'NONE', #658, #3965, #2983 ) ;
#3208 = LINE ( 'NONE', #3554, #3290 ) ;
#3209 = AXIS2_PLACEMENT_3D ( 'NONE', #321, #2299, #1662 ) ;
#3210 = DIRECTION ( 'NONE',  ( 0.000000000000000000, 0.000000000000000000, 1.000000000000000000 ) ) ;
#3211 = ORIENTED_EDGE ( 'NONE', *, *, #2781, .F. ) ;
#3213 = EDGE_CURVE ( 'NONE', #3190, #3937, #1419, .T. ) ;
#3212 = FACE_OUTER_BOUND ( 'NONE', #3932, .T. ) ;
#3214 = DIRECTION ( 'NONE',  ( -0.000000000000000000, -1.000000000000000000, 0.000000000000000000 ) ) ;
#3215 = ORIENTED_EDGE ( 'NONE', *, *, #470, .T. ) ;
#3216 = ORIENTED_EDGE ( 'NONE', *, *, #233, .T. ) ;
#3217 = EDGE_CURVE ( 'NONE', #1032, #2254, #3780, .T. ) ;
#3218 = DIRECTION ( 'NONE',  ( -0.000000000000000000, 1.000000000000000000, 3.614007241618348278E-16 ) ) ;
#3219 = EDGE_LOOP ( 'NONE', ( #2864, #2263, #3544, #2403 ) ) ;
#3220 = ORIENTED_EDGE ( 'NONE', *, *, #3194, .T. ) ;
#3221 = PERSON_AND_ORGANIZATION_ROLE ( 'creator' ) ;
#3222 = CARTESIAN_POINT ( 'NONE',  ( -2.117949192431308081, 1.900000000000073630, -1.599999999999935030 ) ) ;
#3223 = VECTOR ( 'NONE', #1333, 1000.000000000000000 ) ;
#3224 = CARTESIAN_POINT ( 'NONE',  ( -14.90000000000019398, 6.100000000000076028, 1.500000000000061284 ) ) ;
#3225 = DIRECTION ( 'NONE',  ( -1.000000000000000000, 0.000000000000000000, -0.000000000000000000 ) ) ;
#3226 = ORIENTED_EDGE ( 'NONE', *, *, #2618, .T. ) ;
#3227 = DIRECTION ( 'NONE',  ( 0.2588190451025218497, 0.000000000000000000, 0.9659258262890679791 ) ) ;
#3228 = CARTESIAN_POINT ( 'NONE',  ( -7.500000000000124345, -1.414213562373098254, 4.857225732735059864E-14 ) ) ;
#3229 = DIRECTION ( 'NONE',  ( 0.000000000000000000, 0.000000000000000000, 1.000000000000000000 ) ) ;
#3230 = ADVANCED_FACE ( 'NONE', ( #779 ), #2054, .T. ) ;
#3231 = DIRECTION ( 'NONE',  ( -0.000000000000000000, 0.000000000000000000, 1.000000000000000000 ) ) ;
#3232 = ORIENTED_EDGE ( 'NONE', *, *, #2322, .T. ) ;
#3233 = DIRECTION ( 'NONE',  ( 0.000000000000000000, 1.000000000000000000, 3.614007241618348278E-16 ) ) ;
#3234 = CARTESIAN_POINT ( 'NONE',  ( -9.350000000000193268, 1.900000000000073630, -2.599999999999935252 ) ) ;
#3235 = EDGE_LOOP ( 'NONE', ( #3567, #4016, #2124, #2649, #2359, #4288, #460, #3010 ) ) ;
#3236 = EDGE_CURVE ( 'NONE', #992, #4061, #3056, .T. ) ;
#3237 = ORIENTED_EDGE ( 'NONE', *, *, #1172, .F. ) ;
#3238 = LINE ( 'NONE', #542, #657 ) ;
#3239 = EDGE_LOOP ( 'NONE', ( #1795, #2970 ) ) ;
#3240 = VERTEX_POINT ( 'NONE', #4066 ) ;
#3241 = EDGE_CURVE ( 'NONE', #1986, #2954, #2772, .T. ) ;
#3242 = COORDINATED_UNIVERSAL_TIME_OFFSET ( 5, 0, .BEHIND. ) ;
#3243 = LINE ( 'NONE', #3958, #2171 ) ;
#3244 = DIRECTION ( 'NONE',  ( 0.000000000000000000, 0.000000000000000000, -1.000000000000000000 ) ) ;
#3245 = ORIENTED_EDGE ( 'NONE', *, *, #3391, .F. ) ;
#3246 = DIRECTION ( 'NONE',  ( 1.000000000000000000, 0.000000000000000000, -0.000000000000000000 ) ) ;
#3247 = CARTESIAN_POINT ( 'NONE',  ( 2.399999999999806732, 6.100000000000074252, -3.399999999999935518 ) ) ;
#3248 = AXIS2_PLACEMENT_3D ( 'NONE', #1279, #1584, #2920 ) ;
#3249 = CARTESIAN_POINT ( 'NONE',  ( -9.363397459621731755, -1.301042606982605321E-15, -2.550000000000002931 ) ) ;
#3250 = VECTOR ( 'NONE', #1398, 1000.000000000000114 ) ;
#3251 = CARTESIAN_POINT ( 'NONE',  ( -6.250000000000127010, 4.499999999999999112, -3.035766082959412415E-15 ) ) ;
#3252 = LINE ( 'NONE', #4299, #3281 ) ;
#3253 = FACE_OUTER_BOUND ( 'NONE', #2557, .T. ) ;
#3254 = AXIS2_PLACEMENT_3D ( 'NONE', #3935, #1270, #2315 ) ;
#3255 = EDGE_CURVE ( 'NONE', #544, #1157, #2731, .T. ) ;
#3256 = ORIENTED_EDGE ( 'NONE', *, *, #1442, .F. ) ;
#3257 = EDGE_LOOP ( 'NONE', ( #1043, #2762, #3237, #2613 ) ) ;
#3258 = EDGE_CURVE ( 'NONE', #4236, #1842, #2143, .T. ) ;
#3259 = CARTESIAN_POINT ( 'NONE',  ( -5.000000000000191847, 6.400000000000074074, -0.1999999999999051148 ) ) ;
#3260 = VERTEX_POINT ( 'NONE', #802 ) ;
#3261 = ORIENTED_EDGE ( 'NONE', *, *, #3431, .T. ) ;
#3262 = DIRECTION ( 'NONE',  ( -0.000000000000000000, -1.000000000000000000, -3.540251991789403391E-16 ) ) ;
#3263 = DIRECTION ( 'NONE',  ( 0.000000000000000000, -3.540251991789403391E-16, 1.000000000000000000 ) ) ;
#3264 = ADVANCED_FACE ( 'NONE', ( #1061, #1462 ), #1130, .T. ) ;
#3265 = ORIENTED_EDGE ( 'NONE', *, *, #216, .T. ) ;
#3266 = PLANE ( 'NONE',  #2433 ) ;
#3267 = CARTESIAN_POINT ( 'NONE',  ( -12.95000000000019469, 6.900000000000074074, -1.599999999999938360 ) ) ;
#3268 = PLANE ( 'NONE',  #517 ) ;
#3269 = ADVANCED_FACE ( 'NONE', ( #3429 ), #3449, .F. ) ;
#3270 = CARTESIAN_POINT ( 'NONE',  ( -2.950000000000193356, 6.400000000000075850, -1.599999999999938582 ) ) ;
#3271 = AXIS2_PLACEMENT_3D ( 'NONE', #3009, #2969, #4303 ) ;
#3272 = CARTESIAN_POINT ( 'NONE',  ( -1.000000000000193401, 6.400000000000074074, 0.8000000000000619949 ) ) ;
#3273 = CYLINDRICAL_SURFACE ( 'NONE', #1963, 0.5000000000000007772 ) ;
#3274 = ORIENTED_EDGE ( 'NONE', *, *, #2252, .T. ) ;
#3275 = VECTOR ( 'NONE', #1430, 1000.000000000000000 ) ;
#3276 = EDGE_LOOP ( 'NONE', ( #3345, #3992, #782, #494 ) ) ;
#3277 = DIRECTION ( 'NONE',  ( -1.000000000000000000, -0.000000000000000000, -0.000000000000000000 ) ) ;
#3278 = VERTEX_POINT ( 'NONE', #3733 ) ;
#3279 = EDGE_LOOP ( 'NONE', ( #2394, #565, #2119, #994 ) ) ;
#3280 = VECTOR ( 'NONE', #1793, 1000.000000000000000 ) ;
#3281 = VECTOR ( 'NONE', #1935, 1000.000000000000000 ) ;
#3282 = LINE ( 'NONE', #2626, #208 ) ;
#3283 = DIRECTION ( 'NONE',  ( -0.000000000000000000, -1.000000000000000000, 2.312964634635742957E-16 ) ) ;
#3284 = ORIENTED_EDGE ( 'NONE', *, *, #3772, .F. ) ;
#3285 = EDGE_CURVE ( 'NONE', #382, #2499, #3125, .T. ) ;
#3287 = AXIS2_PLACEMENT_3D ( 'NONE', #4216, #1588, #2554 ) ;
#3286 = CARTESIAN_POINT ( 'NONE',  ( -7.117949192431307637, 1.900000000000073630, -1.599999999999935252 ) ) ;
#3288 = DIRECTION ( 'NONE',  ( -1.000000000000000000, 0.000000000000000000, 0.000000000000000000 ) ) ;
#3289 = CARTESIAN_POINT ( 'NONE',  ( -8.500000000000193623, 6.400000000000074074, 0.8000000000000619949 ) ) ;
#3290 = VECTOR ( 'NONE', #1478, 1000.000000000000000 ) ;
#3291 = EDGE_CURVE ( 'NONE', #758, #2333, #3149, .T. ) ;
#3292 = LINE ( 'NONE', #4011, #2639 ) ;
#3293 = VERTEX_POINT ( 'NONE', #3082 ) ;
#3294 = CARTESIAN_POINT ( 'NONE',  ( -1.500000000000193845, 6.400000000000075850, -1.599999999999938582 ) ) ;
#3295 = VERTEX_POINT ( 'NONE', #79 ) ;
#3296 = FACE_OUTER_BOUND ( 'NONE', #2828, .T. ) ;
#3297 = ORIENTED_EDGE ( 'NONE', *, *, #953, .F. ) ;
#3298 = CARTESIAN_POINT ( 'NONE',  ( -9.617949192431307637, -1.301042606982605321E-15, -1.599999999999935252 ) ) ;
#3299 = ORIENTED_EDGE ( 'NONE', *, *, #3859, .T. ) ;
#3300 = ORIENTED_EDGE ( 'NONE', *, *, #4304, .T. ) ;
#3301 = DIRECTION ( 'NONE',  ( 0.000000000000000000, 0.000000000000000000, 1.000000000000000000 ) ) ;
#3302 = CARTESIAN_POINT ( 'NONE',  ( -1.500000000000193845, 6.400000000000075850, -1.599999999999938582 ) ) ;
#3303 = ORIENTED_EDGE ( 'NONE', *, *, #2193, .F. ) ;
#3304 = LINE ( 'NONE', #2607, #200 ) ;
#3305 = CARTESIAN_POINT ( 'NONE',  ( -9.617949192431309413, 1.900000000000073630, -1.599999999999935252 ) ) ;
#3306 = CARTESIAN_POINT ( 'NONE',  ( -5.450000000000193801, 6.400000000000075850, -2.099999999999938360 ) ) ;
#3307 = DIRECTION ( 'NONE',  ( 0.000000000000000000, 1.000000000000000000, 3.614007241618348278E-16 ) ) ;
#3308 = EDGE_CURVE ( 'NONE', #51, #1146, #4043, .T. ) ;
#3309 = DIRECTION ( 'NONE',  ( -0.5000000000000042188, 9.389466242107220033E-16, 0.8660254037844362651 ) ) ;
#3310 = DIRECTION ( 'NONE',  ( 0.2588190451025139671, 0.000000000000000000, -0.9659258262890701996 ) ) ;
#3311 = FACE_OUTER_BOUND ( 'NONE', #3669, .T. ) ;
#3312 = EDGE_CURVE ( 'NONE', #3324, #1567, #2751, .T. ) ;
#3313 = ORIENTED_EDGE ( 'NONE', *, *, #1525, .F. ) ;
#3314 = FACE_OUTER_BOUND ( 'NONE', #4330, .T. ) ;
#3315 = ORIENTED_EDGE ( 'NONE', *, *, #1335, .T. ) ;
#3316 = VECTOR ( 'NONE', #1817, 1000.000000000000000 ) ;
#3317 = CARTESIAN_POINT ( 'NONE',  ( -7.950000000000192912, 6.900000000000074074, -3.399999999999935518 ) ) ;
#3318 = EDGE_CURVE ( 'NONE', #1641, #2986, #3102, .T. ) ;
#3319 = VERTEX_POINT ( 'NONE', #755 ) ;
#3320 = VERTEX_POINT ( 'NONE', #102 ) ;
#3321 = DIRECTION ( 'NONE',  ( -1.000000000000000000, 0.000000000000000000, -0.000000000000000000 ) ) ;
#3322 = VECTOR ( 'NONE', #2417, 1000.000000000000114 ) ;
#3323 = DIRECTION ( 'NONE',  ( 0.000000000000000000, 1.000000000000000000, 0.000000000000000000 ) ) ;
#3324 = VERTEX_POINT ( 'NONE', #2100 ) ;
#3325 = CARTESIAN_POINT ( 'NONE',  ( -7.950000000000192912, 6.400000000000075850, -2.099999999999938360 ) ) ;
#3326 = DIRECTION ( 'NONE',  ( -0.000000000000000000, -1.000000000000000000, -0.000000000000000000 ) ) ;
#3327 = DIRECTION ( 'NONE',  ( -2.837848136965480861E-16, 0.000000000000000000, 1.000000000000000000 ) ) ;
#3328 = CARTESIAN_POINT ( 'NONE',  ( -10.00000000000019362, 5.400000000000074962, -0.1999999999998708644 ) ) ;
#3329 = DIRECTION ( 'NONE',  ( 0.000000000000000000, 0.000000000000000000, 1.000000000000000000 ) ) ;
#3330 = FACE_OUTER_BOUND ( 'NONE', #979, .T. ) ;
#3331 = FACE_OUTER_BOUND ( 'NONE', #1570, .T. ) ;
#3332 = ORIENTED_EDGE ( 'NONE', *, *, #131, .T. ) ;
#3333 = ADVANCED_FACE ( 'NONE', ( #4105 ), #3642, .F. ) ;
#3334 = PLANE ( 'NONE',  #3695 ) ;
#3335 = EDGE_CURVE ( 'NONE', #1990, #1807, #2351, .T. ) ;
#3336 = ORIENTED_EDGE ( 'NONE', *, *, #633, .T. ) ;
#3338 = CARTESIAN_POINT ( 'NONE',  ( -0.3000000000001933342, 6.900000000000074074, 2.300000000000063327 ) ) ;
#3337 = CIRCLE ( 'NONE', #3833, 0.8000000000000009326 ) ;
#3339 = ORIENTED_EDGE ( 'NONE', *, *, #1354, .F. ) ;
#3340 = ORIENTED_EDGE ( 'NONE', *, *, #1873, .T. ) ;
#3341 = VECTOR ( 'NONE', #2240, 1000.000000000000000 ) ;
#3342 = EDGE_CURVE ( 'NONE', #206, #1842, #2637, .T. ) ;
#3343 = DIRECTION ( 'NONE',  ( 0.000000000000000000, 1.000000000000000000, 3.540251991789403391E-16 ) ) ;
#3344 = LINE ( 'NONE', #997, #3527 ) ;
#3345 = ORIENTED_EDGE ( 'NONE', *, *, #80, .F. ) ;
#3346 = VECTOR ( 'NONE', #3113, 1000.000000000000000 ) ;
#3347 = CARTESIAN_POINT ( 'NONE',  ( -1.283695372222837250E-13, -1.301042606982605321E-15, -3.903127820947815962E-15 ) ) ;
#3348 = DIRECTION ( 'NONE',  ( -1.000000000000000000, 0.000000000000000000, 0.000000000000000000 ) ) ;
#3349 = AXIS2_PLACEMENT_3D ( 'NONE', #1893, #4165, #553 ) ;
#3350 = CARTESIAN_POINT ( 'NONE',  ( -13.00000000000019362, 3.450000000000073896, 2.300000000000063327 ) ) ;
#3351 = DIRECTION ( 'NONE',  ( -0.000000000000000000, -1.000000000000000000, -0.000000000000000000 ) ) ;
#3352 = AXIS2_PLACEMENT_3D ( 'NONE', #2452, #1112, #3830 ) ;
#3353 = DIRECTION ( 'NONE',  ( -1.000000000000000000, 0.000000000000000000, 1.381149264312744580E-16 ) ) ;
#3354 = FACE_OUTER_BOUND ( 'NONE', #998, .T. ) ;
#3355 = CARTESIAN_POINT ( 'NONE',  ( -0.6366025403786550463, -1.301042606982605321E-15, -2.550000000000004263 ) ) ;
#3356 = FACE_OUTER_BOUND ( 'NONE', #277, .T. ) ;
#3357 = ORIENTED_EDGE ( 'NONE', *, *, #3608, .F. ) ;
#3358 = CARTESIAN_POINT ( 'NONE',  ( -12.05000000000019433, 6.900000000000074074, -2.099999999999938360 ) ) ;
#3359 = ORIENTED_EDGE ( 'NONE', *, *, #3318, .F. ) ;
#3360 = ADVANCED_FACE ( 'NONE', ( #3314 ), #643, .F. ) ;
#3361 = ORIENTED_EDGE ( 'NONE', *, *, #182, .F. ) ;
#3362 = ADVANCED_FACE ( 'NONE', ( #312, #2048 ), #3051, .T. ) ;
#3363 = LINE ( 'NONE', #3444, #2448 ) ;
#3364 = LINE ( 'NONE', #359, #1991 ) ;
#3365 = EDGE_LOOP ( 'NONE', ( #4243, #3075, #2418, #3824 ) ) ;
#3366 = ADVANCED_FACE ( 'NONE', ( #2661 ), #3334, .F. ) ;
#3367 = ORIENTED_EDGE ( 'NONE', *, *, #3931, .F. ) ;
#3368 = LINE ( 'NONE', #1704, #750 ) ;
#3369 = LINE ( 'NONE', #3412, #3699 ) ;
#3370 = FACE_OUTER_BOUND ( 'NONE', #2410, .T. ) ;
#3371 = LINE ( 'NONE', #18, #870 ) ;
#3372 = CARTESIAN_POINT ( 'NONE',  ( -5.000000000000126121, 4.499999999999999112, 3.122502256758252770E-14 ) ) ;
#3373 = DIRECTION ( 'NONE',  ( -0.000000000000000000, -1.770125995894702188E-16, 1.000000000000000000 ) ) ;
#3374 = LINE ( 'NONE', #2718, #3707 ) ;
#3375 = PLANE ( 'NONE',  #1814 ) ;
#3376 = EDGE_LOOP ( 'NONE', ( #1937, #4134, #3114, #3265 ) ) ;
#3377 = ADVANCED_FACE ( 'NONE', ( #3356 ), #3375, .F. ) ;
#3378 = VECTOR ( 'NONE', #3393, 1000.000000000000000 ) ;
#3379 = VECTOR ( 'NONE', #1069, 1000.000000000000000 ) ;
#3380 = CARTESIAN_POINT ( 'NONE',  ( -4.363397459621729979, 1.900000000000073630, -2.550000000000003819 ) ) ;
#3381 = ORIENTED_EDGE ( 'NONE', *, *, #607, .F. ) ;
#3382 = EDGE_LOOP ( 'NONE', ( #3060, #4242 ) ) ;
#3383 = VECTOR ( 'NONE', #1274, 1000.000000000000000 ) ;
#3384 = DIRECTION ( 'NONE',  ( -0.000000000000000000, -1.000000000000000000, -0.000000000000000000 ) ) ;
#3385 = EDGE_CURVE ( 'NONE', #4074, #3718, #1672, .T. ) ;
#3386 = CARTESIAN_POINT ( 'NONE',  ( -2.050000000000193001, 6.400000000000075850, -1.599999999999938360 ) ) ;
#3387 = ORIENTED_EDGE ( 'NONE', *, *, #930, .F. ) ;
#3388 = VECTOR ( 'NONE', #76, 1000.000000000000000 ) ;
#3389 = ORIENTED_EDGE ( 'NONE', *, *, #3213, .F. ) ;
#3390 = CARTESIAN_POINT ( 'NONE',  ( -1.283695372222837250E-13, -1.414213562373098254, -3.903127820947815962E-15 ) ) ;
#3391 = EDGE_CURVE ( 'NONE', #4096, #210, #949, .T. ) ;
#3392 = CARTESIAN_POINT ( 'NONE',  ( 2.399999999999784084, 6.100000000000076028, -1.411880215351642764 ) ) ;
#3393 = DIRECTION ( 'NONE',  ( 0.000000000000000000, 0.000000000000000000, -1.000000000000000000 ) ) ;
#3394 = DIRECTION ( 'NONE',  ( 0.000000000000000000, 1.000000000000000000, 3.614007241618348278E-16 ) ) ;
#3395 = CARTESIAN_POINT ( 'NONE',  ( -12.50000000000012612, -1.301042606982605321E-15, 8.326672684688674053E-14 ) ) ;
#3396 = EDGE_CURVE ( 'NONE', #507, #2229, #2987, .T. ) ;
#3397 = CARTESIAN_POINT ( 'NONE',  ( -11.50000000000019362, 6.400000000000074074, -1.599999999999938582 ) ) ;
#3398 = DIRECTION ( 'NONE',  ( 0.000000000000000000, 0.000000000000000000, -1.000000000000000000 ) ) ;
#3399 = DIRECTION ( 'NONE',  ( -0.000000000000000000, -1.000000000000000000, 0.000000000000000000 ) ) ;
#3400 = EDGE_LOOP ( 'NONE', ( #2573, #2159, #893, #4139 ) ) ;
#3401 = LINE ( 'NONE', #398, #4159 ) ;
#3402 = VERTEX_POINT ( 'NONE', #1031 ) ;
#3403 = ORIENTED_EDGE ( 'NONE', *, *, #1448, .T. ) ;
#3404 = DIRECTION ( 'NONE',  ( 1.000000000000000000, 0.000000000000000000, 0.000000000000000000 ) ) ;
#3405 = VECTOR ( 'NONE', #1727, 1000.000000000000000 ) ;
#3406 = DIRECTION ( 'NONE',  ( -0.000000000000000000, -1.770125995894702188E-16, 1.000000000000000000 ) ) ;
#3407 = ORIENTED_EDGE ( 'NONE', *, *, #2726, .T. ) ;
#3408 = EDGE_LOOP ( 'NONE', ( #249, #1921, #448, #4174 ) ) ;
#3409 = CC_DESIGN_DATE_AND_TIME_ASSIGNMENT ( #524, #4206, ( #1222 ) ) ;
#3410 = VECTOR ( 'NONE', #1363, 1000.000000000000000 ) ;
#3411 = CARTESIAN_POINT ( 'NONE',  ( -2.117949192431308081, 1.900000000000073630, -1.599999999999935252 ) ) ;
#3412 = CARTESIAN_POINT ( 'NONE',  ( -5.636602540378655490, 1.900000000000073630, -2.550000000000003819 ) ) ;
#3413 = AXIS2_PLACEMENT_3D ( 'NONE', #2877, #2218, #1849 ) ;
#3414 = CARTESIAN_POINT ( 'NONE',  ( -13.50000000000019362, 6.400000000000075850, -1.599999999999938582 ) ) ;
#3415 = CARTESIAN_POINT ( 'NONE',  ( 0.3820508075686916971, -1.301042606982605321E-15, -1.599999999999935252 ) ) ;
#3416 = EDGE_LOOP ( 'NONE', ( #774, #3646, #2140, #2844 ) ) ;
#3417 = EDGE_CURVE ( 'NONE', #356, #2861, #3995, .T. ) ;
#3419 = VECTOR ( 'NONE', #2242, 1000.000000000000000 ) ;
#3418 = LINE ( 'NONE', #1409, #3754 ) ;
#3420 = CARTESIAN_POINT ( 'NONE',  ( -14.10000000000012577, -1.301042606982605321E-15, 1.500000000000062839 ) ) ;
#3421 = CARTESIAN_POINT ( 'NONE',  ( -6.000000000000193623, 6.400000000000074074, 0.8000000000000619949 ) ) ;
#3422 = CIRCLE ( 'NONE', #1395, 0.8000000000000019318 ) ;
#3423 = EDGE_CURVE ( 'NONE', #4302, #35, #4036, .T. ) ;
#3424 = CARTESIAN_POINT ( 'NONE',  ( 1.599999999999806466, 6.900000000000074074, 0.8000000000000636602 ) ) ;
#3425 = ORIENTED_EDGE ( 'NONE', *, *, #3285, .F. ) ;
#3426 = LINE ( 'NONE', #3146, #1791 ) ;
#3427 = ORIENTED_EDGE ( 'NONE', *, *, #2278, .T. ) ;
#3428 = ORIENTED_EDGE ( 'NONE', *, *, #314, .F. ) ;
#3429 = FACE_OUTER_BOUND ( 'NONE', #2013, .T. ) ;
#3430 = CARTESIAN_POINT ( 'NONE',  ( -6.000000000000193623, 6.400000000000074074, 0.8000000000000619949 ) ) ;
#3431 = EDGE_CURVE ( 'NONE', #3603, #2623, #2722, .T. ) ;
#3432 = VERTEX_POINT ( 'NONE', #1366 ) ;
#3433 = DIRECTION ( 'NONE',  ( 0.000000000000000000, 0.000000000000000000, 1.000000000000000000 ) ) ;
#3434 = FACE_BOUND ( 'NONE', #1058, .T. ) ;
#3435 = CARTESIAN_POINT ( 'NONE',  ( -4.550000000000193445, 6.400000000000075850, -1.599999999999938360 ) ) ;
#3436 = DIRECTION ( 'NONE',  ( -0.000000000000000000, -1.770125995894702188E-16, 1.000000000000000000 ) ) ;
#3437 = VERTEX_POINT ( 'NONE', #2697 ) ;
#3438 = DIRECTION ( 'NONE',  ( 0.000000000000000000, 0.000000000000000000, -1.000000000000000000 ) ) ;
#3439 = FACE_BOUND ( 'NONE', #2888, .T. ) ;
#3440 = CYLINDRICAL_SURFACE ( 'NONE', #4054, 0.5000000000000007772 ) ;
#3441 = EDGE_CURVE ( 'NONE', #713, #1883, #2165, .T. ) ;
#3442 = CARTESIAN_POINT ( 'NONE',  ( -0.8000000000001928901, 6.100000000000072475, 2.300000000000063327 ) ) ;
#3443 = ORIENTED_EDGE ( 'NONE', *, *, #4255, .T. ) ;
#3445 = EDGE_CURVE ( 'NONE', #2986, #3324, #332, .T. ) ;
#3444 = CARTESIAN_POINT ( 'NONE',  ( -1.500000000000193845, 6.400000000000075850, -1.599999999999938582 ) ) ;
#3446 = CARTESIAN_POINT ( 'NONE',  ( 0.9999999999998065991, 6.400000000000074074, 0.8000000000000619949 ) ) ;
#3447 = ORIENTED_EDGE ( 'NONE', *, *, #638, .F. ) ;
#3448 = ORIENTED_EDGE ( 'NONE', *, *, #3258, .T. ) ;
#3449 = PLANE ( 'NONE',  #2023 ) ;
#3450 = CIRCLE ( 'NONE', #1144, 0.5000000000000001110 ) ;
#3451 = ADVANCED_FACE ( 'NONE', ( #3296 ), #293, .F. ) ;
#3452 = CARTESIAN_POINT ( 'NONE',  ( -6.500000000000192735, 6.400000000000074074, -1.599999999999938582 ) ) ;
#3453 = ORIENTED_EDGE ( 'NONE', *, *, #4120, .F. ) ;
#3454 = ORIENTED_EDGE ( 'NONE', *, *, #2675, .T. ) ;
#3455 = VECTOR ( 'NONE', #897, 1000.000000000000000 ) ;
#3456 = DIRECTION ( 'NONE',  ( -1.000000000000000000, -0.000000000000000000, -0.000000000000000000 ) ) ;
#3457 = LINE ( 'NONE', #808, #695 ) ;
#3458 = CARTESIAN_POINT ( 'NONE',  ( -13.00000000000019362, 6.900000000000074074, 1.500000000000061284 ) ) ;
#3459 = CYLINDRICAL_SURFACE ( 'NONE', #3104, 0.8000000000000009326 ) ;
#3460 = AXIS2_PLACEMENT_3D ( 'NONE', #4238, #3307, #228 ) ;
#3461 = ORIENTED_EDGE ( 'NONE', *, *, #3764, .T. ) ;
#3462 = CARTESIAN_POINT ( 'NONE',  ( -7.050000000000193445, 6.400000000000075850, -2.099999999999938360 ) ) ;
#3463 = FACE_OUTER_BOUND ( 'NONE', #3805, .T. ) ;
#3464 = LINE ( 'NONE', #791, #1400 ) ;
#3465 = FACE_OUTER_BOUND ( 'NONE', #1312, .T. ) ;
#3466 = ORIENTED_EDGE ( 'NONE', *, *, #4060, .F. ) ;
#3467 = CARTESIAN_POINT ( 'NONE',  ( -0.3820508075690690064, -1.301042606982605321E-15, -1.599999999999935252 ) ) ;
#3468 = CARTESIAN_POINT ( 'NONE',  ( -5.382050807569068951, 1.900000000000073630, -1.599999999999935252 ) ) ;
#3469 = VERTEX_POINT ( 'NONE', #1304 ) ;
#3470 = ORIENTED_EDGE ( 'NONE', *, *, #999, .F. ) ;
#3471 = EDGE_CURVE ( 'NONE', #2679, #1701, #3074, .T. ) ;
#3472 = DIRECTION ( 'NONE',  ( -0.08662961636484196870, -0.9962405881956829523, 2.504640487049266987E-16 ) ) ;
#3473 = LINE ( 'NONE', #2798, #3316 ) ;
#3474 = VERTEX_POINT ( 'NONE', #1434 ) ;
#3475 = ORIENTED_EDGE ( 'NONE', *, *, #2571, .F. ) ;
#3476 = EDGE_CURVE ( 'NONE', #3119, #144, #2415, .T. ) ;
#3477 = VECTOR ( 'NONE', #3225, 1000.000000000000000 ) ;
#3478 = APPROVAL_ROLE ( '' ) ;
#3479 = DIRECTION ( 'NONE',  ( 0.000000000000000000, 0.000000000000000000, 1.000000000000000000 ) ) ;
#3480 = PLANE ( 'NONE',  #2130 ) ;
#3481 = CARTESIAN_POINT ( 'NONE',  ( -3.136602540378655490, -1.301042606982605321E-15, -2.550000000000003819 ) ) ;
#3482 = AXIS2_PLACEMENT_3D ( 'NONE', #815, #594, #2572 ) ;
#3483 = ORIENTED_EDGE ( 'NONE', *, *, #4283, .F. ) ;
#3484 = CARTESIAN_POINT ( 'NONE',  ( -7.050000000000193445, 6.400000000000075850, -1.599999999999938360 ) ) ;
#3485 = AXIS2_PLACEMENT_3D ( 'NONE', #3835, #1891, #3246 ) ;
#3486 = PLANE ( 'NONE',  #3349 ) ;
#3487 = CARTESIAN_POINT ( 'NONE',  ( -4.550000000000193445, 6.400000000000075850, -1.599999999999938582 ) ) ;
#3488 = VECTOR ( 'NONE', #2332, 1000.000000000000000 ) ;
#3489 = VECTOR ( 'NONE', #2260, 1000.000000000000000 ) ;
#3490 = CARTESIAN_POINT ( 'NONE',  ( 0.3820508075686916971, 1.900000000000073630, -1.599999999999935030 ) ) ;
#3491 = VERTEX_POINT ( 'NONE', #1834 ) ;
#3492 = CARTESIAN_POINT ( 'NONE',  ( -12.50000000000019185, 5.400000000000074962, -0.1999999999998535172 ) ) ;
#3493 = AXIS2_PLACEMENT_3D ( 'NONE', #457, #3856, #1135 ) ;
#3494 = CARTESIAN_POINT ( 'NONE',  ( 2.399999999999806732, 6.100000000000074252, 1.500000000000061284 ) ) ;
#3495 = EDGE_LOOP ( 'NONE', ( #1488, #3315, #589, #2141, #1107, #3744, #2317, #1552 ) ) ;
#3496 = VECTOR ( 'NONE', #3726, 1000.000000000000000 ) ;
#3497 = ORIENTED_EDGE ( 'NONE', *, *, #2726, .F. ) ;
#3498 = DIRECTION ( 'NONE',  ( 0.000000000000000000, -0.000000000000000000, 1.000000000000000000 ) ) ;
#3499 = EDGE_CURVE ( 'NONE', #2009, #3169, #3839, .T. ) ;
#3500 = ORIENTED_EDGE ( 'NONE', *, *, #3123, .F. ) ;
#3501 = AXIS2_PLACEMENT_3D ( 'NONE', #161, #3185, #533 ) ;
#3502 = ORIENTED_EDGE ( 'NONE', *, *, #2345, .F. ) ;
#3503 = DIRECTION ( 'NONE',  ( -0.000000000000000000, 1.000000000000000000, 3.614007241618348278E-16 ) ) ;
#3504 = ADVANCED_FACE ( 'NONE', ( #395 ), #115, .F. ) ;
#3505 = FACE_OUTER_BOUND ( 'NONE', #2058, .T. ) ;
#3506 = EDGE_CURVE ( 'NONE', #2906, #2974, #2135, .T. ) ;
#3507 = PLANE ( 'NONE',  #686 ) ;
#3508 = ORIENTED_EDGE ( 'NONE', *, *, #4120, .T. ) ;
#3509 = PLANE ( 'NONE',  #1457 ) ;
#3510 = CARTESIAN_POINT ( 'NONE',  ( -0.4500000000001933009, 6.400000000000075850, -1.599999999999938582 ) ) ;
#3511 = CARTESIAN_POINT ( 'NONE',  ( -12.95000000000019469, 6.400000000000075850, -1.599999999999938582 ) ) ;
#3512 = EDGE_CURVE ( 'NONE', #2623, #2895, #748, .T. ) ;
#3513 = CARTESIAN_POINT ( 'NONE',  ( -11.50000000000019362, 6.400000000000074074, -1.599999999999938582 ) ) ;
#3514 = VERTEX_POINT ( 'NONE', #2745 ) ;
#3515 = EDGE_CURVE ( 'NONE', #487, #581, #612, .T. ) ;
#3516 = DIRECTION ( 'NONE',  ( 1.000000000000000000, 0.000000000000000000, 2.837848136965480861E-16 ) ) ;
#3517 = LINE ( 'NONE', #4196, #880 ) ;
#3518 = ORIENTED_EDGE ( 'NONE', *, *, #1283, .T. ) ;
#3519 = VERTEX_POINT ( 'NONE', #1055 ) ;
#3520 = CARTESIAN_POINT ( 'NONE',  ( -14.90000000000019398, 6.900000000000074074, -3.399999999999935074 ) ) ;
#3521 = EDGE_LOOP ( 'NONE', ( #822, #2582, #3890, #1609, #4046, #1916, #34, #521 ) ) ;
#3522 = VERTEX_POINT ( 'NONE', #4078 ) ;
#3523 = EDGE_CURVE ( 'NONE', #1534, #111, #3773, .T. ) ;
#3524 = APPROVAL_STATUS ( 'not_yet_approved' ) ;
#3525 = CARTESIAN_POINT ( 'NONE',  ( -2.500000000000127010, 4.499999999999999112, 1.387778780781445676E-14 ) ) ;
#3526 = FACE_OUTER_BOUND ( 'NONE', #4147, .T. ) ;
#3527 = VECTOR ( 'NONE', #4333, 1000.000000000000000 ) ;
#3528 = LINE ( 'NONE', #1868, #2289 ) ;
#3529 = VERTEX_POINT ( 'NONE', #1737 ) ;
#3530 = EDGE_CURVE ( 'NONE', #1388, #1266, #193, .T. ) ;
#3531 = DIRECTION ( 'NONE',  ( -0.000000000000000000, -1.000000000000000000, -0.000000000000000000 ) ) ;
#3532 = CYLINDRICAL_SURFACE ( 'NONE', #2095, 0.5000000000000001110 ) ;
#3533 = CARTESIAN_POINT ( 'NONE',  ( -1.925543058334255875E-13, 3.450000000000073896, 2.300000000000063327 ) ) ;
#3534 = VECTOR ( 'NONE', #2514, 1000.000000000000000 ) ;
#3535 = ADVANCED_FACE ( 'NONE', ( #4124 ), #1124, .F. ) ;
#3536 = CARTESIAN_POINT ( 'NONE',  ( 0.4999999999998078759, 3.450000000000073896, 2.300000000000063327 ) ) ;
#3537 = ORIENTED_EDGE ( 'NONE', *, *, #1580, .F. ) ;
#3538 = CARTESIAN_POINT ( 'NONE',  ( -14.10000000000019149, 6.100000000000076028, -2.599999999999935696 ) ) ;
#3539 = CARTESIAN_POINT ( 'NONE',  ( 1.599999999999806466, 4.699999999999999289, -2.599999999999935696 ) ) ;
#3540 = ORIENTED_EDGE ( 'NONE', *, *, #2950, .T. ) ;
#3541 = VERTEX_POINT ( 'NONE', #3442 ) ;
#3542 = CARTESIAN_POINT ( 'NONE',  ( -11.85000000000019327, 1.900000000000073630, -2.599999999999935252 ) ) ;
#3543 = ORIENTED_EDGE ( 'NONE', *, *, #1624, .F. ) ;
#3544 = ORIENTED_EDGE ( 'NONE', *, *, #3512, .F. ) ;
#3545 = APPROVAL_DATE_TIME ( #2519, #436 ) ;
#3546 = LINE ( 'NONE', #4311, #4051 ) ;
#3547 = DIRECTION ( 'NONE',  ( 1.000000000000000000, -0.000000000000000000, 0.000000000000000000 ) ) ;
#3548 = ADVANCED_FACE ( 'NONE', ( #163 ), #727, .F. ) ;
#3549 = CARTESIAN_POINT ( 'NONE',  ( -6.850000000000192379, 1.900000000000073630, -2.599999999999935252 ) ) ;
#3550 = ORIENTED_EDGE ( 'NONE', *, *, #1248, .T. ) ;
#3551 = CARTESIAN_POINT ( 'NONE',  ( 0.4999999999998078759, 1.000000000000075051, 1.500000000000062839 ) ) ;
#3552 = CARTESIAN_POINT ( 'NONE',  ( -10.45000000000019291, 6.900000000000074074, -3.399999999999935518 ) ) ;
#3553 = AXIS2_PLACEMENT_3D ( 'NONE', #4235, #1915, #2835 ) ;
#3554 = CARTESIAN_POINT ( 'NONE',  ( -9.000000000000193623, 6.400000000000075850, -1.599999999999938582 ) ) ;
#3555 = EDGE_CURVE ( 'NONE', #3054, #3491, #441, .T. ) ;
#3556 = VECTOR ( 'NONE', #860, 1000.000000000000000 ) ;
#3557 = DIRECTION ( 'NONE',  ( -1.000000000000000000, 0.000000000000000000, -0.000000000000000000 ) ) ;
#3558 = ORIENTED_EDGE ( 'NONE', *, *, #2863, .F. ) ;
#3559 = CARTESIAN_POINT ( 'NONE',  ( -9.550000000000194333, 6.400000000000075850, -1.599999999999938582 ) ) ;
#3560 = LINE ( 'NONE', #1709, #3379 ) ;
#3561 = ADVANCED_FACE ( 'NONE', ( #3465 ), #2093, .F. ) ;
#3562 = ORIENTED_EDGE ( 'NONE', *, *, #187, .T. ) ;
#3563 = EDGE_LOOP ( 'NONE', ( #2223, #3085 ) ) ;
#3564 = CIRCLE ( 'NONE', #59, 0.4999999999999998890 ) ;
#3565 = DIRECTION ( 'NONE',  ( 0.000000000000000000, 1.000000000000000000, 0.000000000000000000 ) ) ;
#3566 = VERTEX_POINT ( 'NONE', #72 ) ;
#3567 = ORIENTED_EDGE ( 'NONE', *, *, #2028, .T. ) ;
#3568 = VECTOR ( 'NONE', #1537, 1000.000000000000000 ) ;
#3569 = CALENDAR_DATE ( 2022, 28, 2 ) ;
#3570 = CARTESIAN_POINT ( 'NONE',  ( -10.45000000000019291, 6.400000000000075850, -1.599999999999938582 ) ) ;
#3571 = AXIS2_PLACEMENT_3D ( 'NONE', #1481, #2791, #1350 ) ;
#3572 = PLANE ( 'NONE',  #1071 ) ;
#3573 = ORIENTED_EDGE ( 'NONE', *, *, #3021, .F. ) ;
#3574 = LINE ( 'NONE', #2588, #1664 ) ;
#3575 = LINE ( 'NONE', #3987, #1604 ) ;
#3576 = CARTESIAN_POINT ( 'NONE',  ( 0.4499999999998064437, 6.400000000000075850, -2.099999999999938360 ) ) ;
#3577 = EDGE_CURVE ( 'NONE', #4152, #708, #139, .T. ) ;
#3578 = DIRECTION ( 'NONE',  ( 0.000000000000000000, -0.000000000000000000, -1.000000000000000000 ) ) ;
#3579 = CARTESIAN_POINT ( 'NONE',  ( -0.6366025403786550463, 1.900000000000073630, -2.550000000000004263 ) ) ;
#3580 = FACE_OUTER_BOUND ( 'NONE', #513, .T. ) ;
#3581 = ORIENTED_EDGE ( 'NONE', *, *, #1646, .T. ) ;
#3582 = EDGE_CURVE ( 'NONE', #210, #946, #3095, .T. ) ;
#3583 = ORIENTED_EDGE ( 'NONE', *, *, #2918, .F. ) ;
#3584 = PLANE ( 'NONE',  #729 ) ;
#3585 = EDGE_LOOP ( 'NONE', ( #3215, #2490, #3232, #3834 ) ) ;
#3586 = ORIENTED_EDGE ( 'NONE', *, *, #1677, .T. ) ;
#3587 = ADVANCED_FACE ( 'NONE', ( #94 ), #3118, .F. ) ;
#3588 = DIRECTION ( 'NONE',  ( 0.000000000000000000, 1.000000000000000000, 0.000000000000000000 ) ) ;
#3589 = CARTESIAN_POINT ( 'NONE',  ( -7.117949192431307637, 1.900000000000073630, -1.599999999999934808 ) ) ;
#3590 = ORIENTED_EDGE ( 'NONE', *, *, #922, .F. ) ;
#3591 = PLANE ( 'NONE',  #2091 ) ;
#3592 = LINE ( 'NONE', #4315, #3768 ) ;
#3593 = DIRECTION ( 'NONE',  ( 1.000000000000000000, -0.000000000000000000, 0.000000000000000000 ) ) ;
#3594 = AXIS2_PLACEMENT_3D ( 'NONE', #2276, #3607, #3980 ) ;
#3595 = FACE_OUTER_BOUND ( 'NONE', #1967, .T. ) ;
#3596 = FACE_OUTER_BOUND ( 'NONE', #3521, .T. ) ;
#3597 = CARTESIAN_POINT ( 'NONE',  ( -4.617949192431308525, -1.301042606982605321E-15, -1.599999999999935252 ) ) ;
#3598 = AXIS2_PLACEMENT_3D ( 'NONE', #3667, #666, #29 ) ;
#3599 = ORIENTED_EDGE ( 'NONE', *, *, #1378, .F. ) ;
#3600 = EDGE_CURVE ( 'NONE', #2974, #3541, #3885, .T. ) ;
#3601 = ORIENTED_EDGE ( 'NONE', *, *, #2243, .F. ) ;
#3602 = FACE_OUTER_BOUND ( 'NONE', #476, .T. ) ;
#3603 = VERTEX_POINT ( 'NONE', #906 ) ;
#3604 = ADVANCED_FACE ( 'NONE', ( #1874 ), #1215, .F. ) ;
#3605 = ORIENTED_EDGE ( 'NONE', *, *, #4168, .T. ) ;
#3606 = DIRECTION ( 'NONE',  ( 0.000000000000000000, 0.000000000000000000, 1.000000000000000000 ) ) ;
#3607 = DIRECTION ( 'NONE',  ( -1.000000000000000000, 0.000000000000000000, 0.000000000000000000 ) ) ;
#3608 = EDGE_CURVE ( 'NONE', #3617, #1903, #1934, .T. ) ;
#3609 = ORIENTED_EDGE ( 'NONE', *, *, #450, .T. ) ;
#3610 = FACE_OUTER_BOUND ( 'NONE', #805, .T. ) ;
#3611 = CARTESIAN_POINT ( 'NONE',  ( -14.10000000000019149, 4.699999999999999289, -2.599999999999935696 ) ) ;
#3612 = DIRECTION ( 'NONE',  ( 0.000000000000000000, 1.770125995894702188E-16, -1.000000000000000000 ) ) ;
#3613 = DIRECTION ( 'NONE',  ( 0.000000000000000000, 1.000000000000000000, 3.540251991789403391E-16 ) ) ;
#3614 = AXIS2_PLACEMENT_3D ( 'NONE', #3165, #3142, #1454 ) ;
#3615 = ORIENTED_EDGE ( 'NONE', *, *, #3101, .F. ) ;
#3616 = CARTESIAN_POINT ( 'NONE',  ( 2.399999999999806732, 6.100000000000074252, 1.500000000000061284 ) ) ;
#3617 = VERTEX_POINT ( 'NONE', #4214 ) ;
#3618 = AXIS2_PLACEMENT_3D ( 'NONE', #1522, #1566, #3928 ) ;
#3619 = DIRECTION ( 'NONE',  ( 0.000000000000000000, 1.000000000000000000, 0.000000000000000000 ) ) ;
#3620 = EDGE_LOOP ( 'NONE', ( #3731, #1373, #4313, #1670 ) ) ;
#3621 = CARTESIAN_POINT ( 'NONE',  ( -11.70000000000019291, 1.000000000000074607, 2.300000000000063327 ) ) ;
#3622 = ORIENTED_EDGE ( 'NONE', *, *, #1822, .F. ) ;
#3623 = ORIENTED_EDGE ( 'NONE', *, *, #863, .F. ) ;
#3624 = VECTOR ( 'NONE', #379, 1000.000000000000000 ) ;
#3625 = VECTOR ( 'NONE', #703, 1000.000000000000000 ) ;
#3626 = EDGE_CURVE ( 'NONE', #2698, #168, #2880, .T. ) ;
#3627 = FACE_OUTER_BOUND ( 'NONE', #3400, .T. ) ;
#3628 = CARTESIAN_POINT ( 'NONE',  ( -1.850000000000193490, -1.301042606982605321E-15, -2.599999999999935252 ) ) ;
#3629 = AXIS2_PLACEMENT_3D ( 'NONE', #3808, #194, #3479 ) ;
#3630 = ORIENTED_EDGE ( 'NONE', *, *, #4029, .F. ) ;
#3631 = ADVANCED_FACE ( 'NONE', ( #926 ), #2529, .T. ) ;
#3632 = FACE_OUTER_BOUND ( 'NONE', #2867, .T. ) ;
#3633 = EDGE_CURVE ( 'NONE', #2619, #3080, #2989, .T. ) ;
#3634 = CARTESIAN_POINT ( 'NONE',  ( 1.599999999999806466, 6.900000000000074074, -1.599999999999938360 ) ) ;
#3635 = CARTESIAN_POINT ( 'NONE',  ( -7.882050807569068951, -1.301042606982605321E-15, -1.599999999999935252 ) ) ;
#3636 = CARTESIAN_POINT ( 'NONE',  ( 0.4499999999998064437, 6.900000000000074074, -2.099999999999938360 ) ) ;
#3637 = CYLINDRICAL_SURFACE ( 'NONE', #3061, 0.5000000000000001110 ) ;
#3638 = ADVANCED_FACE ( 'NONE', ( #2855 ), #2246, .F. ) ;
#3639 = ORIENTED_EDGE ( 'NONE', *, *, #2732, .F. ) ;
#3640 = CARTESIAN_POINT ( 'NONE',  ( -11.70000000000019291, 6.100000000000072475, 2.300000000000063327 ) ) ;
#3641 = ORIENTED_EDGE ( 'NONE', *, *, #1006, .F. ) ;
#3642 = PLANE ( 'NONE',  #132 ) ;
#3643 = ORIENTED_EDGE ( 'NONE', *, *, #3091, .F. ) ;
#3644 = CARTESIAN_POINT ( 'NONE',  ( -9.000000000000193623, 6.400000000000075850, -1.599999999999938582 ) ) ;
#3645 = VERTEX_POINT ( 'NONE', #1548 ) ;
#3646 = ORIENTED_EDGE ( 'NONE', *, *, #2028, .F. ) ;
#3647 = CARTESIAN_POINT ( 'NONE',  ( -1.863397459621730645, 1.900000000000073630, -2.550000000000004263 ) ) ;
#3648 = CARTESIAN_POINT ( 'NONE',  ( -2.500000000000192291, 6.400000000000074074, 0.6000000000000780265 ) ) ;
#3649 = ORIENTED_EDGE ( 'NONE', *, *, #360, .T. ) ;
#3650 = APPLICATION_CONTEXT ( 'configuration controlled 3d designs of mechanical parts and assemblies' ) ;
#3651 = DIRECTION ( 'NONE',  ( 0.2588190451025219607, 0.000000000000000000, 0.9659258262890678681 ) ) ;
#3652 = FACE_OUTER_BOUND ( 'NONE', #2400, .T. ) ;
#3653 = FACE_OUTER_BOUND ( 'NONE', #3276, .T. ) ;
#3654 = EDGE_CURVE ( 'NONE', #2895, #1527, #225, .T. ) ;
#3655 = DIRECTION ( 'NONE',  ( -0.000000000000000000, 1.000000000000000000, -0.000000000000000000 ) ) ;
#3656 = ADVANCED_FACE ( 'NONE', ( #1586 ), #4192, .T. ) ;
#3657 = DIRECTION ( 'NONE',  ( -0.08662961636484224626, 0.9962405881956829523, -0.000000000000000000 ) ) ;
#3658 = ORIENTED_EDGE ( 'NONE', *, *, #3396, .F. ) ;
#3659 = CARTESIAN_POINT ( 'NONE',  ( -2.950000000000193356, 6.400000000000075850, -2.099999999999938360 ) ) ;
#3660 = ORIENTED_EDGE ( 'NONE', *, *, #124, .T. ) ;
#3661 = AXIS2_PLACEMENT_3D ( 'NONE', #4023, #3058, #1700 ) ;
#3662 = EDGE_CURVE ( 'NONE', #1617, #1211, #1853, .T. ) ;
#3663 = CARTESIAN_POINT ( 'NONE',  ( -12.50000000000012612, 4.499999999999999112, 8.326672684688674053E-14 ) ) ;
#3664 = ORIENTED_EDGE ( 'NONE', *, *, #1600, .T. ) ;
#3665 = CIRCLE ( 'NONE', #1295, 0.5000000000000007772 ) ;
#3666 = AXIS2_PLACEMENT_3D ( 'NONE', #1687, #2532, #1978 ) ;
#3667 = CARTESIAN_POINT ( 'NONE',  ( -2.500000000000127010, -1.301042606982605321E-15, 1.387778780781445676E-14 ) ) ;
#3668 = VERTEX_POINT ( 'NONE', #204 ) ;
#3669 = EDGE_LOOP ( 'NONE', ( #1225, #1512, #362, #3886 ) ) ;
#3670 = CARTESIAN_POINT ( 'NONE',  ( -13.00000000000019362, 1.000000000000074607, 2.300000000000063327 ) ) ;
#3671 = AXIS2_PLACEMENT_3D ( 'NONE', #1436, #2117, #3192 ) ;
#3672 = DIRECTION ( 'NONE',  ( 0.000000000000000000, 0.000000000000000000, -1.000000000000000000 ) ) ;
#3673 = ORIENTED_EDGE ( 'NONE', *, *, #999, .T. ) ;
#3674 = DIRECTION ( 'NONE',  ( 0.000000000000000000, -0.000000000000000000, -1.000000000000000000 ) ) ;
#3675 = PLANE ( 'NONE',  #2517 ) ;
#3676 = DIRECTION ( 'NONE',  ( -2.837848136965480861E-16, 0.000000000000000000, 1.000000000000000000 ) ) ;
#3677 = FACE_OUTER_BOUND ( 'NONE', #1216, .T. ) ;
#3678 = LINE ( 'NONE', #3023, #1530 ) ;
#3679 = CARTESIAN_POINT ( 'NONE',  ( -5.000000000000126121, -1.301042606982605321E-15, 0.5000000000000313083 ) ) ;
#3681 = ADVANCED_FACE ( 'NONE', ( #2552 ), #576, .F. ) ;
#3680 = DIRECTION ( 'NONE',  ( -1.000000000000000000, 0.000000000000000000, 1.381149264312744580E-16 ) ) ;
#3682 = CARTESIAN_POINT ( 'NONE',  ( -11.70000000000019291, 1.000000000000074607, 2.300000000000063327 ) ) ;
#3683 = VERTEX_POINT ( 'NONE', #4169 ) ;
#3684 = EDGE_CURVE ( 'NONE', #544, #3774, #1239, .T. ) ;
#3686 = DIRECTION ( 'NONE',  ( -0.000000000000000000, -1.000000000000000000, -0.000000000000000000 ) ) ;
#3685 = VECTOR ( 'NONE', #2946, 1000.000000000000000 ) ;
#3687 = VERTEX_POINT ( 'NONE', #2921 ) ;
#3688 = ORIENTED_EDGE ( 'NONE', *, *, #1553, .T. ) ;
#3689 = VECTOR ( 'NONE', #3784, 1000.000000000000000 ) ;
#3690 = CARTESIAN_POINT ( 'NONE',  ( -2.500000000000127010, 4.499999999999999112, -0.4999999999999868994 ) ) ;
#3691 = DIRECTION ( 'NONE',  ( 0.000000000000000000, 0.000000000000000000, 1.000000000000000000 ) ) ;
#3692 = ORIENTED_EDGE ( 'NONE', *, *, #1782, .T. ) ;
#3693 = PRODUCT_DEFINITION_FORMATION_WITH_SPECIFIED_SOURCE ( 'ANY', '', #3868, .NOT_KNOWN. ) ;
#3694 = ORIENTED_EDGE ( 'NONE', *, *, #1733, .T. ) ;
#3695 = AXIS2_PLACEMENT_3D ( 'NONE', #3971, #1691, #1345 ) ;
#3696 = VECTOR ( 'NONE', #3862, 1000.000000000000000 ) ;
#3697 = CARTESIAN_POINT ( 'NONE',  ( -13.50000000000019362, 6.900000000000074074, -3.399999999999935518 ) ) ;
#3698 = CARTESIAN_POINT ( 'NONE',  ( -13.50000000000019362, 6.400000000000075850, -1.599999999999938582 ) ) ;
#3699 = VECTOR ( 'NONE', #2759, 1000.000000000000000 ) ;
#3700 = DIRECTION ( 'NONE',  ( 0.000000000000000000, 0.000000000000000000, 1.000000000000000000 ) ) ;
#3701 = CARTESIAN_POINT ( 'NONE',  ( -7.950000000000192912, 6.900000000000074074, -2.099999999999938360 ) ) ;
#3702 = AXIS2_PLACEMENT_3D ( 'NONE', #16, #61, #1356 ) ;
#3703 = ADVANCED_FACE ( 'NONE', ( #4256 ), #1262, .T. ) ;
#3704 = CARTESIAN_POINT ( 'NONE',  ( -12.05000000000019433, 6.400000000000075850, -2.099999999999938360 ) ) ;
#3705 = CARTESIAN_POINT ( 'NONE',  ( 1.599999999999806466, 6.900000000000074074, 1.500000000000061284 ) ) ;
#3706 = DIRECTION ( 'NONE',  ( 0.000000000000000000, 1.770125995894702188E-16, -1.000000000000000000 ) ) ;
#3707 = VECTOR ( 'NONE', #2090, 999.9999999999998863 ) ;
#3708 = ADVANCED_FACE ( 'NONE', ( #3595 ), #842, .F. ) ;
#3709 = CARTESIAN_POINT ( 'NONE',  ( -4.000000000000193623, 6.900000000000074074, -3.399999999999935518 ) ) ;
#3710 = ORIENTED_EDGE ( 'NONE', *, *, #2249, .T. ) ;
#3711 = DIRECTION ( 'NONE',  ( -1.000000000000000000, -0.000000000000000000, -0.000000000000000000 ) ) ;
#3712 = ORIENTED_EDGE ( 'NONE', *, *, #3308, .F. ) ;
#3713 = ORIENTED_EDGE ( 'NONE', *, *, #2288, .F. ) ;
#3714 = EDGE_CURVE ( 'NONE', #3514, #3432, #3337, .T. ) ;
#3715 = DIRECTION ( 'NONE',  ( 0.000000000000000000, -1.000000000000000000, 1.084202172485504828E-15 ) ) ;
#3716 = LINE ( 'NONE', #3386, #2756 ) ;
#3717 = ORIENTED_EDGE ( 'NONE', *, *, #2725, .F. ) ;
#3718 = VERTEX_POINT ( 'NONE', #325 ) ;
#3719 = EDGE_CURVE ( 'NONE', #1393, #2537, #1299, .T. ) ;
#3720 = LINE ( 'NONE', #3697, #3904 ) ;
#3721 = DIRECTION ( 'NONE',  ( 0.000000000000000000, 0.000000000000000000, 1.000000000000000000 ) ) ;
#3722 = CARTESIAN_POINT ( 'NONE',  ( 2.399999999999784084, 6.900000000000074074, -1.411880215351643875 ) ) ;
#3723 = LINE ( 'NONE', #1379, #1290 ) ;
#3724 = DIRECTION ( 'NONE',  ( -1.000000000000000000, -0.000000000000000000, -0.000000000000000000 ) ) ;
#3725 = DIRECTION ( 'NONE',  ( 0.000000000000000000, 1.000000000000000000, 3.614007241618348278E-16 ) ) ;
#3726 = DIRECTION ( 'NONE',  ( -0.000000000000000000, -1.000000000000000000, 0.000000000000000000 ) ) ;
#3727 = DIRECTION ( 'NONE',  ( 1.000000000000000000, 0.000000000000000000, 0.000000000000000000 ) ) ;
#3728 = ORIENTED_EDGE ( 'NONE', *, *, #1558, .F. ) ;
#3729 = CARTESIAN_POINT ( 'NONE',  ( -5.000000000000191847, 6.400000000000074074, 0.6000000000000975664 ) ) ;
#3730 = ORIENTED_EDGE ( 'NONE', *, *, #4279, .F. ) ;
#3731 = ORIENTED_EDGE ( 'NONE', *, *, #772, .F. ) ;
#3732 = VECTOR ( 'NONE', #824, 1000.000000000000114 ) ;
#3733 = CARTESIAN_POINT ( 'NONE',  ( -7.500000000000193623, 6.400000000000074074, -0.9999999999998905320 ) ) ;
#3734 = LINE ( 'NONE', #2753, #797 ) ;
#3735 = ADVANCED_FACE ( 'NONE', ( #1667 ), #1342, .F. ) ;
#3736 = VECTOR ( 'NONE', #3565, 1000.000000000000000 ) ;
#3737 = ORIENTED_EDGE ( 'NONE', *, *, #2086, .T. ) ;
#3738 = EDGE_CURVE ( 'NONE', #3319, #83, #1647, .T. ) ;
#3739 = DIRECTION ( 'NONE',  ( 0.000000000000000000, 1.000000000000000000, -0.000000000000000000 ) ) ;
#3740 = DIRECTION ( 'NONE',  ( 0.000000000000000000, 1.000000000000000000, 3.614007241618348278E-16 ) ) ;
#3741 = PLANE ( 'NONE',  #368 ) ;
#3742 = ADVANCED_FACE ( 'NONE', ( #2963 ), #3946, .F. ) ;
#3743 = CARTESIAN_POINT ( 'NONE',  ( -5.000000000000191847, 6.400000000000074074, -0.9999999999999078515 ) ) ;
#3744 = ORIENTED_EDGE ( 'NONE', *, *, #3162, .T. ) ;
#3745 = CARTESIAN_POINT ( 'NONE',  ( -12.95000000000019469, 6.400000000000075850, -2.099999999999938360 ) ) ;
#3746 = FACE_BOUND ( 'NONE', #1722, .T. ) ;
#3747 = FACE_OUTER_BOUND ( 'NONE', #1509, .T. ) ;
#3748 = DIRECTION ( 'NONE',  ( 0.000000000000000000, 1.000000000000000000, 3.614007241618348278E-16 ) ) ;
#3749 = ORIENTED_EDGE ( 'NONE', *, *, #3874, .F. ) ;
#3750 = LINE ( 'NONE', #2096, #2001 ) ;
#3751 = ORIENTED_EDGE ( 'NONE', *, *, #1499, .T. ) ;
#3752 = VERTEX_POINT ( 'NONE', #1 ) ;
#3753 = DIRECTION ( 'NONE',  ( 0.2588190451025210170, 0.000000000000000000, 0.9659258262890680902 ) ) ;
#3754 = VECTOR ( 'NONE', #135, 1000.000000000000000 ) ;
#3755 = CARTESIAN_POINT ( 'NONE',  ( -12.95000000000019469, 6.400000000000075850, -1.599999999999938582 ) ) ;
#3756 = ORIENTED_EDGE ( 'NONE', *, *, #2474, .F. ) ;
#3757 = ORIENTED_EDGE ( 'NONE', *, *, #3180, .F. ) ;
#3758 = VECTOR ( 'NONE', #2018, 1000.000000000000000 ) ;
#3759 = DIRECTION ( 'NONE',  ( 0.000000000000000000, 1.000000000000000000, 0.000000000000000000 ) ) ;
#3760 = DIRECTION ( 'NONE',  ( 0.000000000000000000, 0.000000000000000000, 1.000000000000000000 ) ) ;
#3761 = LOCAL_TIME ( 19, 53, 55.00000000000000000, #2562 ) ;
#3762 = DIRECTION ( 'NONE',  ( 0.000000000000000000, -0.000000000000000000, 1.000000000000000000 ) ) ;
#3763 = CARTESIAN_POINT ( 'NONE',  ( 1.599999999999806466, -2.168404344971008868E-15, 1.500000000000062839 ) ) ;
#3764 = EDGE_CURVE ( 'NONE', #3432, #3514, #4251, .T. ) ;
#3765 = ORIENTED_EDGE ( 'NONE', *, *, #3829, .T. ) ;
#3766 = EDGE_CURVE ( 'NONE', #990, #3994, #2017, .T. ) ;
#3768 = VECTOR ( 'NONE', #1278, 1000.000000000000000 ) ;
#3767 = CARTESIAN_POINT ( 'NONE',  ( -6.863397459621729979, 1.900000000000073852, -2.550000000000003375 ) ) ;
#3769 = FACE_BOUND ( 'NONE', #934, .T. ) ;
#3770 = LINE ( 'NONE', #3049, #278 ) ;
#3771 = AXIS2_PLACEMENT_3D ( 'NONE', #1773, #1469, #1865 ) ;
#3772 = EDGE_CURVE ( 'NONE', #3984, #2232, #4318, .T. ) ;
#3773 = LINE ( 'NONE', #2484, #2227 ) ;
#3774 = VERTEX_POINT ( 'NONE', #945 ) ;
#3775 = VECTOR ( 'NONE', #3191, 1000.000000000000000 ) ;
#3776 = DIRECTION ( 'NONE',  ( 0.2588190451025219607, 0.000000000000000000, 0.9659258262890678681 ) ) ;
#3777 = LINE ( 'NONE', #3494, #4230 ) ;
#3778 = ORIENTED_EDGE ( 'NONE', *, *, #2781, .T. ) ;
#3779 = ORIENTED_EDGE ( 'NONE', *, *, #4143, .T. ) ;
#3780 = LINE ( 'NONE', #1720, #2933 ) ;
#3781 = DIRECTION ( 'NONE',  ( 0.2588190451025139671, 0.000000000000000000, -0.9659258262890701996 ) ) ;
#3782 = EDGE_LOOP ( 'NONE', ( #3124, #2909, #1082, #4284 ) ) ;
#3783 = ORIENTED_EDGE ( 'NONE', *, *, #388, .F. ) ;
#3784 = DIRECTION ( 'NONE',  ( 1.000000000000000000, 0.000000000000000000, -0.000000000000000000 ) ) ;
#3785 = DIRECTION ( 'NONE',  ( 0.000000000000000000, 0.000000000000000000, 1.000000000000000000 ) ) ;
#3786 = DIRECTION ( 'NONE',  ( -0.000000000000000000, 1.000000000000000000, -0.000000000000000000 ) ) ;
#3787 = CC_DESIGN_PERSON_AND_ORGANIZATION_ASSIGNMENT ( #829, #3174, ( #3868 ) ) ;
#3788 = LINE ( 'NONE', #2713, #3828 ) ;
#3789 = EDGE_LOOP ( 'NONE', ( #4289, #4223 ) ) ;
#3790 = CARTESIAN_POINT ( 'NONE',  ( -5.000000000000126121, -1.301042606982605321E-15, -0.4999999999999689138 ) ) ;
#3791 = LINE ( 'NONE', #861, #3914 ) ;
#3792 = PLANE ( 'NONE',  #280 ) ;
#3793 = EDGE_CURVE ( 'NONE', #51, #3937, #1608, .T. ) ;
#3794 = DIRECTION ( 'NONE',  ( 0.000000000000000000, 1.000000000000000000, 3.614007241618348278E-16 ) ) ;
#3795 = EDGE_CURVE ( 'NONE', #3122, #1388, #1625, .T. ) ;
#3796 = ORIENTED_EDGE ( 'NONE', *, *, #3523, .T. ) ;
#3797 = DIRECTION ( 'NONE',  ( -0.000000000000000000, -1.000000000000000000, -3.540251991789403391E-16 ) ) ;
#3798 = DIRECTION ( 'NONE',  ( 0.000000000000000000, 1.000000000000000000, -0.000000000000000000 ) ) ;
#3799 = EDGE_CURVE ( 'NONE', #2978, #356, #615, .T. ) ;
#3800 = ORIENTED_EDGE ( 'NONE', *, *, #2645, .T. ) ;
#3801 = ORIENTED_EDGE ( 'NONE', *, *, #3127, .T. ) ;
#3802 = CARTESIAN_POINT ( 'NONE',  ( 1.599999999999806466, 1.000000000000075051, 1.500000000000062839 ) ) ;
#3803 = VECTOR ( 'NONE', #1726, 1000.000000000000000 ) ;
#3804 = CARTESIAN_POINT ( 'NONE',  ( -1.000000000000193401, 6.400000000000075850, 0.8000000000000619949 ) ) ;
#3805 = EDGE_LOOP ( 'NONE', ( #1716, #1875, #140, #1063 ) ) ;
#3806 = ORIENTED_EDGE ( 'NONE', *, *, #976, .F. ) ;
#3807 = VECTOR ( 'NONE', #2805, 1000.000000000000000 ) ;
#3808 = CARTESIAN_POINT ( 'NONE',  ( -10.00000000000019362, 6.400000000000074074, -0.1999999999998704203 ) ) ;
#3809 = AXIS2_PLACEMENT_3D ( 'NONE', #3259, #1592, #4306 ) ;
#3810 = CARTESIAN_POINT ( 'NONE',  ( 2.399999999999784084, 6.100000000000076028, -0.4881197846482365210 ) ) ;
#3811 = LINE ( 'NONE', #484, #3624 ) ;
#3812 = VERTEX_POINT ( 'NONE', #1025 ) ;
#3813 = CARTESIAN_POINT ( 'NONE',  ( 1.599999999999872413, -1.301042606982605321E-15, -2.550000000000004263 ) ) ;
#3814 = CARTESIAN_POINT ( 'NONE',  ( 1.599999999999806466, 6.900000000000074074, -2.099999999999938360 ) ) ;
#3815 = CARTESIAN_POINT ( 'NONE',  ( -1.500000000000193845, 6.900000000000074074, -1.599999999999938360 ) ) ;
#3816 = DIRECTION ( 'NONE',  ( -0.000000000000000000, -1.000000000000000000, -3.540251991789403391E-16 ) ) ;
#3817 = EDGE_CURVE ( 'NONE', #382, #647, #2307, .T. ) ;
#3818 = ORIENTED_EDGE ( 'NONE', *, *, #1360, .T. ) ;
#3819 = PLANE ( 'NONE',  #1474 ) ;
#3820 = DIRECTION ( 'NONE',  ( -0.000000000000000000, -1.000000000000000000, 0.000000000000000000 ) ) ;
#3821 = ORIENTED_EDGE ( 'NONE', *, *, #343, .F. ) ;
#3822 = EDGE_CURVE ( 'NONE', #1785, #1219, #3292, .T. ) ;
#3823 = ADVANCED_FACE ( 'NONE', ( #1959 ), #3637, .F. ) ;
#3824 = ORIENTED_EDGE ( 'NONE', *, *, #3391, .T. ) ;
#3825 = DIRECTION ( 'NONE',  ( -0.000000000000000000, -1.000000000000000000, -3.540251991789403391E-16 ) ) ;
#3826 = ORIENTED_EDGE ( 'NONE', *, *, #1167, .T. ) ;
#3827 = ORIENTED_EDGE ( 'NONE', *, *, #1629, .T. ) ;
#3828 = VECTOR ( 'NONE', #4053, 1000.000000000000000 ) ;
#3829 = EDGE_CURVE ( 'NONE', #2102, #3319, #3678, .T. ) ;
#3830 = DIRECTION ( 'NONE',  ( 0.000000000000000000, -0.000000000000000000, -1.000000000000000000 ) ) ;
#3831 = CARTESIAN_POINT ( 'NONE',  ( -12.50000000000012612, -1.301042606982605321E-15, 0.5000000000000840439 ) ) ;
#3832 = DIRECTION ( 'NONE',  ( 0.000000000000000000, 2.209838822900390589E-16, -1.000000000000000000 ) ) ;
#3833 = AXIS2_PLACEMENT_3D ( 'NONE', #1980, #1280, #3329 ) ;
#3834 = ORIENTED_EDGE ( 'NONE', *, *, #3772, .T. ) ;
#3835 = CARTESIAN_POINT ( 'NONE',  ( 1.599999999999806466, 6.100000000000074252, -3.399999999999935518 ) ) ;
#3836 = AXIS2_PLACEMENT_3D ( 'NONE', #1001, #634, #1296 ) ;
#3837 = CARTESIAN_POINT ( 'NONE',  ( -4.000000000000193623, 6.900000000000074074, -1.599999999999938360 ) ) ;
#3838 = DIRECTION ( 'NONE',  ( 0.000000000000000000, 0.000000000000000000, -1.000000000000000000 ) ) ;
#3839 = CIRCLE ( 'NONE', #2502, 0.8000000000000009326 ) ;
#3840 = VECTOR ( 'NONE', #1713, 1000.000000000000000 ) ;
#3841 = DIRECTION ( 'NONE',  ( -0.000000000000000000, 1.000000000000000000, 3.614007241618348278E-16 ) ) ;
#3842 = ORIENTED_EDGE ( 'NONE', *, *, #4083, .T. ) ;
#3843 = CARTESIAN_POINT ( 'NONE',  ( -12.20000000000018936, 6.900000000000074074, 2.300000000000063327 ) ) ;
#3844 = VECTOR ( 'NONE', #1159, 1000.000000000000000 ) ;
#3845 = CARTESIAN_POINT ( 'NONE',  ( -5.000000000000126121, -1.414213562373098254, 3.122502256758252770E-14 ) ) ;
#3846 = VECTOR ( 'NONE', #2261, 1000.000000000000000 ) ;
#3847 = ORIENTED_EDGE ( 'NONE', *, *, #3956, .F. ) ;
#3848 = EDGE_CURVE ( 'NONE', #2676, #3017, #2024, .T. ) ;
#3849 = VECTOR ( 'NONE', #1452, 1000.000000000000000 ) ;
#3850 = VERTEX_POINT ( 'NONE', #2367 ) ;
#3851 = LINE ( 'NONE', #2211, #2620 ) ;
#3852 = VERTEX_POINT ( 'NONE', #3704 ) ;
#3853 = VECTOR ( 'NONE', #1497, 1000.000000000000000 ) ;
#3854 = EDGE_CURVE ( 'NONE', #3173, #3100, #702, .T. ) ;
#3855 = ORIENTED_EDGE ( 'NONE', *, *, #1827, .F. ) ;
#3856 = DIRECTION ( 'NONE',  ( -0.000000000000000000, 1.000000000000000000, 3.614007241618348278E-16 ) ) ;
#3857 = CARTESIAN_POINT ( 'NONE',  ( 1.599999999999806466, 6.900000000000074074, -1.599999999999938360 ) ) ;
#3858 = CARTESIAN_POINT ( 'NONE',  ( 1.599999999999806466, 4.699999999999999289, 1.500000000000063727 ) ) ;
#3859 = EDGE_CURVE ( 'NONE', #1829, #327, #4278, .T. ) ;
#3860 = VERTEX_POINT ( 'NONE', #1094 ) ;
#3861 = CARTESIAN_POINT ( 'NONE',  ( -5.000000000000126121, 4.499999999999999112, 0.5000000000000313083 ) ) ;
#3862 = DIRECTION ( 'NONE',  ( -0.000000000000000000, -1.000000000000000000, 0.000000000000000000 ) ) ;
#3863 = LINE ( 'NONE', #2549, #419 ) ;
#3864 = DIRECTION ( 'NONE',  ( 0.000000000000000000, 0.000000000000000000, -1.000000000000000000 ) ) ;
#3865 = ORIENTED_EDGE ( 'NONE', *, *, #3848, .F. ) ;
#3866 = CARTESIAN_POINT ( 'NONE',  ( -11.50000000000019362, 6.400000000000075850, -1.599999999999938582 ) ) ;
#3867 = LINE ( 'NONE', #2654, #1771 ) ;
#3868 = PRODUCT ( 'CONNECTOR,JST XH,F,06 PIN', 'CONNECTOR,JST XH,F,06 PIN', '', ( #4157 ) ) ;
#3869 = ORIENTED_EDGE ( 'NONE', *, *, #3335, .F. ) ;
#3870 = EDGE_LOOP ( 'NONE', ( #3032, #2840, #2076, #3313 ) ) ;
#3871 = FACE_OUTER_BOUND ( 'NONE', #353, .T. ) ;
#3872 = ORIENTED_EDGE ( 'NONE', *, *, #1703, .T. ) ;
#3873 = ORIENTED_EDGE ( 'NONE', *, *, #628, .F. ) ;
#3874 = EDGE_CURVE ( 'NONE', #4003, #3402, #1802, .T. ) ;
#3875 = CARTESIAN_POINT ( 'NONE',  ( -12.50000000000019185, 5.400000000000074962, -0.9999999999998553379 ) ) ;
#3876 = DIRECTION ( 'NONE',  ( 1.000000000000000000, 0.000000000000000000, 2.837848136965480861E-16 ) ) ;
#3877 = AXIS2_PLACEMENT_3D ( 'NONE', #340, #756, #2055 ) ;
#3878 = DIRECTION ( 'NONE',  ( 0.000000000000000000, 1.000000000000000000, 0.000000000000000000 ) ) ;
#3879 = ORIENTED_EDGE ( 'NONE', *, *, #1646, .F. ) ;
#3880 = VECTOR ( 'NONE', #2952, 1000.000000000000000 ) ;
#3881 = DIRECTION ( 'NONE',  ( 1.000000000000000000, -0.000000000000000000, 0.000000000000000000 ) ) ;
#3882 = EDGE_CURVE ( 'NONE', #2857, #9, #788, .T. ) ;
#3883 = DIRECTION ( 'NONE',  ( 0.000000000000000000, 1.000000000000000000, 0.000000000000000000 ) ) ;
#3884 = CARTESIAN_POINT ( 'NONE',  ( -13.50000000000019362, 6.400000000000075850, 0.8000000000000619949 ) ) ;
#3885 = LINE ( 'NONE', #3905, #3970 ) ;
#3886 = ORIENTED_EDGE ( 'NONE', *, *, #2595, .T. ) ;
#3887 = PLANE ( 'NONE',  #4270 ) ;
#3888 = CARTESIAN_POINT ( 'NONE',  ( -2.117949192431308969, 1.900000000000073630, -1.599999999999935252 ) ) ;
#3889 = ORIENTED_EDGE ( 'NONE', *, *, #4160, .F. ) ;
#3890 = ORIENTED_EDGE ( 'NONE', *, *, #106, .T. ) ;
#3891 = LINE ( 'NONE', #1574, #3038 ) ;
#3892 = VERTEX_POINT ( 'NONE', #3136 ) ;
#3893 = ORIENTED_EDGE ( 'NONE', *, *, #3441, .F. ) ;
#3894 = DATE_AND_TIME ( #1908, #2994 ) ;
#3895 = DIRECTION ( 'NONE',  ( 0.2588190451025139671, 0.000000000000000000, -0.9659258262890701996 ) ) ;
#3896 = FACE_OUTER_BOUND ( 'NONE', #1019, .T. ) ;
#3897 = VERTEX_POINT ( 'NONE', #3790 ) ;
#3898 = EDGE_CURVE ( 'NONE', #501, #1813, #1805, .T. ) ;
#3899 = DIRECTION ( 'NONE',  ( 0.000000000000000000, 0.000000000000000000, 1.000000000000000000 ) ) ;
#3900 = DIRECTION ( 'NONE',  ( -0.000000000000000000, 1.000000000000000000, 0.000000000000000000 ) ) ;
#3901 = AXIS2_PLACEMENT_3D ( 'NONE', #639, #2328, #3613 ) ;
#3902 = DIRECTION ( 'NONE',  ( -1.000000000000000000, 0.000000000000000000, -0.000000000000000000 ) ) ;
#3903 = EDGE_CURVE ( 'NONE', #3514, #2706, #3418, .T. ) ;
#3904 = VECTOR ( 'NONE', #2105, 1000.000000000000000 ) ;
#3905 = CARTESIAN_POINT ( 'NONE',  ( -0.8000000000001928901, 6.100000000000072475, 2.300000000000063327 ) ) ;
#3906 = ORIENTED_EDGE ( 'NONE', *, *, #3506, .F. ) ;
#3907 = DIRECTION ( 'NONE',  ( 0.000000000000000000, 0.000000000000000000, -1.000000000000000000 ) ) ;
#3909 = DIRECTION ( 'NONE',  ( -0.000000000000000000, 1.000000000000000000, 3.614007241618348278E-16 ) ) ;
#3908 = LOCAL_TIME ( 19, 53, 55.00000000000000000, #235 ) ;
#3910 = VECTOR ( 'NONE', #2150, 1000.000000000000000 ) ;
#3911 = ORIENTED_EDGE ( 'NONE', *, *, #2636, .F. ) ;
#3912 = EDGE_CURVE ( 'NONE', #2974, #4170, #2741, .T. ) ;
#3913 = ORIENTED_EDGE ( 'NONE', *, *, #2839, .F. ) ;
#3914 = VECTOR ( 'NONE', #2527, 1000.000000000000000 ) ;
#3915 = CARTESIAN_POINT ( 'NONE',  ( -7.500000000000124345, -1.301042606982605321E-15, -0.4999999999999515388 ) ) ;
#3916 = VERTEX_POINT ( 'NONE', #2432 ) ;
#3917 = EDGE_LOOP ( 'NONE', ( #2801, #599, #1638, #2077 ) ) ;
#3918 = VECTOR ( 'NONE', #2275, 1000.000000000000000 ) ;
#3919 = CARTESIAN_POINT ( 'NONE',  ( -12.50000000000019185, 5.400000000000074962, 0.6000000000001484146 ) ) ;
#3920 = VECTOR ( 'NONE', #2704, 1000.000000000000000 ) ;
#3921 = CARTESIAN_POINT ( 'NONE',  ( -1.000000000000193401, 6.400000000000074074, 0.8000000000000619949 ) ) ;
#3922 = EDGE_LOOP ( 'NONE', ( #816, #4179, #1422, #3159 ) ) ;
#3923 = DIRECTION ( 'NONE',  ( -0.000000000000000000, 1.000000000000000000, 3.614007241618348278E-16 ) ) ;
#3924 = EDGE_CURVE ( 'NONE', #2628, #1015, #1475, .T. ) ;
#3925 = LINE ( 'NONE', #3634, #968 ) ;
#3926 = EDGE_CURVE ( 'NONE', #2292, #2115, #416, .T. ) ;
#3927 = LINE ( 'NONE', #3306, #556 ) ;
#3928 = DIRECTION ( 'NONE',  ( 0.000000000000000000, 1.000000000000000000, 3.540251991789403391E-16 ) ) ;
#3929 = LINE ( 'NONE', #1668, #2237 ) ;
#3931 = EDGE_CURVE ( 'NONE', #728, #2819, #437, .T. ) ;
#3930 = DIRECTION ( 'NONE',  ( 0.000000000000000000, 0.000000000000000000, -1.000000000000000000 ) ) ;
#3932 = EDGE_LOOP ( 'NONE', ( #4129, #2006, #1541, #1246, #377, #3033, #2603, #3940, #3153, #126, #1660, #931 ) ) ;
#3933 = ORIENTED_EDGE ( 'NONE', *, *, #3633, .T. ) ;
#3934 = ADVANCED_FACE ( 'NONE', ( #369 ), #2809, .F. ) ;
#3935 = CARTESIAN_POINT ( 'NONE',  ( -10.00000000000012257, -1.301042606982605321E-15, 6.591949208711866959E-14 ) ) ;
#3936 = VERTEX_POINT ( 'NONE', #3767 ) ;
#3937 = VERTEX_POINT ( 'NONE', #1072 ) ;
#3938 = CARTESIAN_POINT ( 'NONE',  ( -4.350000000000193268, 1.900000000000073630, -2.599999999999935252 ) ) ;
#3939 = FACE_OUTER_BOUND ( 'NONE', #625, .T. ) ;
#3940 = ORIENTED_EDGE ( 'NONE', *, *, #310, .T. ) ;
#3941 = CARTESIAN_POINT ( 'NONE',  ( 2.399999999999784084, 6.900000000000074074, -0.4881197846482378533 ) ) ;
#3942 = CARTESIAN_POINT ( 'NONE',  ( -9.000000000000193623, 6.400000000000075850, 0.8000000000000627720 ) ) ;
#3943 = VECTOR ( 'NONE', #2107, 1000.000000000000000 ) ;
#3944 = LINE ( 'NONE', #924, #3846 ) ;
#3945 = AXIS2_PLACEMENT_3D ( 'NONE', #2144, #1440, #3498 ) ;
#3946 = PLANE ( 'NONE',  #3901 ) ;
#3947 = LINE ( 'NONE', #289, #4262 ) ;
#3948 = CARTESIAN_POINT ( 'NONE',  ( -6.863397459621729979, -1.301042606982605321E-15, -2.550000000000003375 ) ) ;
#3949 = AXIS2_PLACEMENT_3D ( 'NONE', #143, #3121, #3098 ) ;
#3950 = ORIENTED_EDGE ( 'NONE', *, *, #1531, .T. ) ;
#3951 = EDGE_CURVE ( 'NONE', #2596, #2886, #4075, .T. ) ;
#3952 = ORIENTED_EDGE ( 'NONE', *, *, #3793, .F. ) ;
#3953 = CARTESIAN_POINT ( 'NONE',  ( 1.599999999999806466, 6.100000000000076028, -2.599999999999935696 ) ) ;
#3954 = ORIENTED_EDGE ( 'NONE', *, *, #1507, .F. ) ;
#3955 = ORIENTED_EDGE ( 'NONE', *, *, #2550, .F. ) ;
#3956 = EDGE_CURVE ( 'NONE', #4150, #2052, #3092, .T. ) ;
#3957 = ADVANCED_FACE ( 'NONE', ( #3068 ), #1140, .F. ) ;
#3958 = CARTESIAN_POINT ( 'NONE',  ( -10.45000000000019291, 6.400000000000075850, -2.099999999999938360 ) ) ;
#3959 = LINE ( 'NONE', #1579, #1223 ) ;
#3960 = VERTEX_POINT ( 'NONE', #2457 ) ;
#3961 = EDGE_CURVE ( 'NONE', #104, #2191, #89, .T. ) ;
#3962 = DIRECTION ( 'NONE',  ( 0.000000000000000000, -3.614007241618348278E-16, 1.000000000000000000 ) ) ;
#3963 = CARTESIAN_POINT ( 'NONE',  ( -9.550000000000194333, 6.400000000000075850, -2.099999999999938360 ) ) ;
#3964 = DIRECTION ( 'NONE',  ( 0.000000000000000000, 3.540251991789403391E-16, -1.000000000000000000 ) ) ;
#3965 = DIRECTION ( 'NONE',  ( 0.000000000000000000, 1.000000000000000000, 3.614007241618348278E-16 ) ) ;
#3966 = VECTOR ( 'NONE', #2110, 1000.000000000000000 ) ;
#3967 = ORIENTED_EDGE ( 'NONE', *, *, #3719, .F. ) ;
#3968 = DIRECTION ( 'NONE',  ( -0.000000000000000000, 1.000000000000000000, 3.614007241618348278E-16 ) ) ;
#3969 = ORIENTED_EDGE ( 'NONE', *, *, #3046, .F. ) ;
#3970 = VECTOR ( 'NONE', #1193, 1000.000000000000000 ) ;
#3971 = CARTESIAN_POINT ( 'NONE',  ( -11.00000000000019362, 6.400000000000074074, 0.8000000000000619949 ) ) ;
#3972 = EDGE_LOOP ( 'NONE', ( #781, #4210, #3367, #1178 ) ) ;
#3973 = AXIS2_PLACEMENT_3D ( 'NONE', #4185, #3923, #2850 ) ;
#3974 = EDGE_CURVE ( 'NONE', #2489, #4163, #2131, .T. ) ;
#3975 = CARTESIAN_POINT ( 'NONE',  ( -4.550000000000193445, 6.400000000000075850, -1.599999999999938360 ) ) ;
#3976 = VERTEX_POINT ( 'NONE', #3813 ) ;
#3977 = EDGE_LOOP ( 'NONE', ( #2356, #88, #1881, #3297 ) ) ;
#3978 = AXIS2_PLACEMENT_3D ( 'NONE', #3963, #592, #261 ) ;
#3979 = DIRECTION ( 'NONE',  ( -1.000000000000000000, -0.000000000000000000, -0.000000000000000000 ) ) ;
#3980 = DIRECTION ( 'NONE',  ( 0.000000000000000000, 0.000000000000000000, 1.000000000000000000 ) ) ;
#3981 = ADVANCED_FACE ( 'NONE', ( #461 ), #812, .F. ) ;
#3982 = CIRCLE ( 'NONE', #3629, 0.8000000000000025979 ) ;
#3983 = VECTOR ( 'NONE', #2981, 999.9999999999998863 ) ;
#3984 = VERTEX_POINT ( 'NONE', #42 ) ;
#3986 = CIRCLE ( 'NONE', #3076, 0.8000000000000009326 ) ;
#3985 = CARTESIAN_POINT ( 'NONE',  ( -0.8000000000001928901, 1.000000000000074607, 1.500000000000062839 ) ) ;
#3987 = CARTESIAN_POINT ( 'NONE',  ( -12.05000000000019433, 6.900000000000074074, -3.399999999999935518 ) ) ;
#3988 = DIRECTION ( 'NONE',  ( 1.000000000000000000, 0.000000000000000000, 0.000000000000000000 ) ) ;
#3989 = ADVANCED_FACE ( 'NONE', ( #2087 ), #1381, .F. ) ;
#3990 = LINE ( 'NONE', #4217, #4222 ) ;
#3991 = DIRECTION ( 'NONE',  ( 0.000000000000000000, 0.000000000000000000, 1.000000000000000000 ) ) ;
#3992 = ORIENTED_EDGE ( 'NONE', *, *, #2636, .T. ) ;
#3993 = DIRECTION ( 'NONE',  ( 1.000000000000000000, -0.000000000000000000, 0.000000000000000000 ) ) ;
#3994 = VERTEX_POINT ( 'NONE', #3861 ) ;
#3995 = LINE ( 'NONE', #969, #1602 ) ;
#3996 = ORIENTED_EDGE ( 'NONE', *, *, #3065, .F. ) ;
#3997 = DIRECTION ( 'NONE',  ( 0.000000000000000000, 1.770125995894702188E-16, -1.000000000000000000 ) ) ;
#3998 = ORIENTED_EDGE ( 'NONE', *, *, #3799, .T. ) ;
#3999 = ORIENTED_EDGE ( 'NONE', *, *, #2327, .T. ) ;
#4000 = CC_DESIGN_DATE_AND_TIME_ASSIGNMENT ( #1134, #2472, ( #2300 ) ) ;
#4001 = LINE ( 'NONE', #3467, #1830 ) ;
#4002 = FACE_OUTER_BOUND ( 'NONE', #603, .T. ) ;
#4003 = VERTEX_POINT ( 'NONE', #921 ) ;
#4004 = EDGE_CURVE ( 'NONE', #2052, #2115, #1912, .T. ) ;
#4005 = DIRECTION ( 'NONE',  ( -0.9659258262890679791, 0.000000000000000000, 0.2588190451025220162 ) ) ;
#4006 = DIRECTION ( 'NONE',  ( -1.000000000000000000, 0.000000000000000000, 1.381149264312744580E-16 ) ) ;
#4007 = CARTESIAN_POINT ( 'NONE',  ( 0.4499999999998064437, 6.900000000000074074, -1.599999999999938360 ) ) ;
#4008 = CARTESIAN_POINT ( 'NONE',  ( -9.617949192431309413, 1.900000000000073630, -1.599999999999935252 ) ) ;
#4009 = VECTOR ( 'NONE', #2022, 999.9999999999998863 ) ;
#4010 = EDGE_CURVE ( 'NONE', #2499, #2906, #488, .T. ) ;
#4011 = CARTESIAN_POINT ( 'NONE',  ( -14.10000000000012577, -1.301042606982605321E-15, -2.550000000000002487 ) ) ;
#4012 = CARTESIAN_POINT ( 'NONE',  ( 0.4499999999998064437, 6.400000000000075850, -2.099999999999938360 ) ) ;
#4013 = CARTESIAN_POINT ( 'NONE',  ( 0.9999999999998065991, 6.900000000000074074, 0.8000000000000627720 ) ) ;
#4014 = CIRCLE ( 'NONE', #304, 0.8000000000000025979 ) ;
#4015 = DIRECTION ( 'NONE',  ( 0.000000000000000000, 1.000000000000000000, 3.540251991789403391E-16 ) ) ;
#4016 = ORIENTED_EDGE ( 'NONE', *, *, #1210, .T. ) ;
#4017 = AXIS2_PLACEMENT_3D ( 'NONE', #972, #275, #1245 ) ;
#4018 = CIRCLE ( 'NONE', #28, 0.5000000000000007772 ) ;
#4019 = DIRECTION ( 'NONE',  ( 0.000000000000000000, 0.000000000000000000, -1.000000000000000000 ) ) ;
#4020 = ORIENTED_EDGE ( 'NONE', *, *, #3530, .T. ) ;
#4021 = VERTEX_POINT ( 'NONE', #2896 ) ;
#4022 = CARTESIAN_POINT ( 'NONE',  ( -2.882050807569068951, 1.900000000000073630, -1.599999999999935252 ) ) ;
#4023 = CARTESIAN_POINT ( 'NONE',  ( -1.500000000000193845, 6.400000000000075850, -1.599999999999938582 ) ) ;
#4024 = EDGE_CURVE ( 'NONE', #2930, #3119, #4249, .T. ) ;
#4025 = ORIENTED_EDGE ( 'NONE', *, *, #2998, .T. ) ;
#4026 = FACE_OUTER_BOUND ( 'NONE', #2377, .T. ) ;
#4027 = DIRECTION ( 'NONE',  ( -0.000000000000000000, -0.000000000000000000, 1.000000000000000000 ) ) ;
#4028 = DIRECTION ( 'NONE',  ( 0.000000000000000000, -0.000000000000000000, -1.000000000000000000 ) ) ;
#4029 = EDGE_CURVE ( 'NONE', #151, #1015, #1189, .T. ) ;
#4030 = CARTESIAN_POINT ( 'NONE',  ( -1.934216675714139910E-13, 5.400000000000074962, -0.1999999999999389488 ) ) ;
#4031 = CARTESIAN_POINT ( 'NONE',  ( -5.450000000000193801, 6.400000000000075850, -2.099999999999938360 ) ) ;
#4032 = DIRECTION ( 'NONE',  ( 0.000000000000000000, 0.000000000000000000, 1.000000000000000000 ) ) ;
#4033 = DIRECTION ( 'NONE',  ( 1.000000000000000000, -0.000000000000000000, 0.000000000000000000 ) ) ;
#4034 = EDGE_CURVE ( 'NONE', #1211, #3437, #1163, .T. ) ;
#4035 = VECTOR ( 'NONE', #528, 1000.000000000000000 ) ;
#4036 = LINE ( 'NONE', #2313, #2852 ) ;
#4037 = ORIENTED_EDGE ( 'NONE', *, *, #875, .T. ) ;
#4039 = PLANE ( 'NONE',  #1926 ) ;
#4038 = VECTOR ( 'NONE', #2388, 1000.000000000000000 ) ;
#4040 = EDGE_CURVE ( 'NONE', #865, #2596, #159, .T. ) ;
#4041 = ORIENTED_EDGE ( 'NONE', *, *, #767, .T. ) ;
#4042 = EDGE_LOOP ( 'NONE', ( #935, #3389, #3339, #2687 ) ) ;
#4043 = LINE ( 'NONE', #1040, #4048 ) ;
#4044 = LINE ( 'NONE', #2357, #273 ) ;
#4045 = CARTESIAN_POINT ( 'NONE',  ( 1.599999999999806466, 6.900000000000074074, -2.099999999999938360 ) ) ;
#4046 = ORIENTED_EDGE ( 'NONE', *, *, #3188, .T. ) ;
#4047 = EDGE_LOOP ( 'NONE', ( #2073, #454 ) ) ;
#4048 = VECTOR ( 'NONE', #711, 1000.000000000000000 ) ;
#4049 = DIRECTION ( 'NONE',  ( 0.000000000000000000, 0.000000000000000000, 1.000000000000000000 ) ) ;
#4050 = CARTESIAN_POINT ( 'NONE',  ( -1.934216675714139910E-13, 6.400000000000074074, -0.1999999999999385047 ) ) ;
#4051 = VECTOR ( 'NONE', #3606, 1000.000000000000000 ) ;
#4052 = DIRECTION ( 'NONE',  ( -1.000000000000000000, 0.000000000000000000, 0.000000000000000000 ) ) ;
#4053 = DIRECTION ( 'NONE',  ( -0.8660254037844361541, 8.850629979473586130E-17, -0.5000000000000042188 ) ) ;
#4054 = AXIS2_PLACEMENT_3D ( 'NONE', #2743, #1432, #4057 ) ;
#4055 = CARTESIAN_POINT ( 'NONE',  ( -0.8000000000001928901, 6.900000000000074074, 1.500000000000061284 ) ) ;
#4056 = FACE_OUTER_BOUND ( 'NONE', #3585, .T. ) ;
#4057 = DIRECTION ( 'NONE',  ( 0.000000000000000000, 0.000000000000000000, 1.000000000000000000 ) ) ;
#4058 = CIRCLE ( 'NONE', #2525, 0.8000000000000019318 ) ;
#4059 = CARTESIAN_POINT ( 'NONE',  ( -0.4500000000001933009, 6.400000000000075850, -2.099999999999938360 ) ) ;
#4060 = EDGE_CURVE ( 'NONE', #2533, #1276, #3182, .T. ) ;
#4061 = VERTEX_POINT ( 'NONE', #552 ) ;
#4062 = CARTESIAN_POINT ( 'NONE',  ( 0.9999999999998065991, 6.400000000000075850, 0.8000000000000627720 ) ) ;
#4063 = EDGE_LOOP ( 'NONE', ( #1300, #2643, #3357, #632 ) ) ;
#4064 = ORIENTED_EDGE ( 'NONE', *, *, #1174, .F. ) ;
#4065 = EDGE_CURVE ( 'NONE', #4104, #2560, #3574, .T. ) ;
#4066 = CARTESIAN_POINT ( 'NONE',  ( -1.925543058334255875E-13, 3.450000000000073896, 1.500000000000061950 ) ) ;
#4067 = DIRECTION ( 'NONE',  ( 0.000000000000000000, -3.540251991789403391E-16, 1.000000000000000000 ) ) ;
#4068 = VERTEX_POINT ( 'NONE', #531 ) ;
#4069 = EDGE_LOOP ( 'NONE', ( #1493, #916, #1765, #2767 ) ) ;
#4070 = FACE_OUTER_BOUND ( 'NONE', #2097, .T. ) ;
#4071 = CARTESIAN_POINT ( 'NONE',  ( -3.500000000000193623, 6.400000000000075850, -1.599999999999938582 ) ) ;
#4072 = DIRECTION ( 'NONE',  ( 0.000000000000000000, 0.000000000000000000, -1.000000000000000000 ) ) ;
#4073 = LINE ( 'NONE', #1753, #1591 ) ;
#4074 = VERTEX_POINT ( 'NONE', #4211 ) ;
#4075 = LINE ( 'NONE', #743, #747 ) ;
#4076 = CARTESIAN_POINT ( 'NONE',  ( -2.050000000000193001, 6.900000000000074074, -1.599999999999938360 ) ) ;
#4077 = CARTESIAN_POINT ( 'NONE',  ( -14.10000000000012577, -1.301042606982605321E-15, -2.550000000000002931 ) ) ;
#4078 = CARTESIAN_POINT ( 'NONE',  ( -5.636602540378655490, 1.900000000000073630, -2.550000000000003819 ) ) ;
#4079 = ORIENTED_EDGE ( 'NONE', *, *, #2894, .F. ) ;
#4080 = VECTOR ( 'NONE', #2847, 1000.000000000000000 ) ;
#4081 = CARTESIAN_POINT ( 'NONE',  ( 1.599999999999806466, 6.900000000000074074, 2.300000000000063327 ) ) ;
#4082 = VERTEX_POINT ( 'NONE', #573 ) ;
#4083 = EDGE_CURVE ( 'NONE', #3320, #4082, #2859, .T. ) ;
#4084 = ORIENTED_EDGE ( 'NONE', *, *, #2402, .F. ) ;
#4085 = VECTOR ( 'NONE', #1177, 1000.000000000000000 ) ;
#4086 = CARTESIAN_POINT ( 'NONE',  ( -9.363397459621731755, 1.900000000000073630, -2.550000000000002931 ) ) ;
#4087 = FACE_OUTER_BOUND ( 'NONE', #2734, .T. ) ;
#4088 = EDGE_LOOP ( 'NONE', ( #4109, #1517 ) ) ;
#4089 = ADVANCED_FACE ( 'NONE', ( #1255 ), #2830, .F. ) ;
#4090 = ORIENTED_EDGE ( 'NONE', *, *, #684, .F. ) ;
#4091 = CARTESIAN_POINT ( 'NONE',  ( 1.599999999999806466, 6.900000000000074074, -1.599999999999938360 ) ) ;
#4092 = FACE_OUTER_BOUND ( 'NONE', #47, .T. ) ;
#4093 = CARTESIAN_POINT ( 'NONE',  ( -2.050000000000193001, 6.400000000000075850, -1.599999999999938582 ) ) ;
#4094 = CARTESIAN_POINT ( 'NONE',  ( -7.500000000000193623, 5.400000000000074962, -0.1999999999998882116 ) ) ;
#4095 = ADVANCED_FACE ( 'NONE', ( #1212 ), #2545, .F. ) ;
#4096 = VERTEX_POINT ( 'NONE', #882 ) ;
#4097 = DIRECTION ( 'NONE',  ( 0.000000000000000000, 1.000000000000000000, -2.312964634635742957E-16 ) ) ;
#4098 = CARTESIAN_POINT ( 'NONE',  ( -3.136602540378655046, 1.900000000000073630, -2.550000000000003819 ) ) ;
#4099 = LINE ( 'NONE', #2047, #65 ) ;
#4100 = CARTESIAN_POINT ( 'NONE',  ( -2.950000000000193356, 6.400000000000075850, -1.599999999999938582 ) ) ;
#4101 = ORIENTED_EDGE ( 'NONE', *, *, #530, .F. ) ;
#4102 = CARTESIAN_POINT ( 'NONE',  ( -1.863397459621730645, 1.900000000000073852, -2.550000000000004263 ) ) ;
#4103 = ORIENTED_EDGE ( 'NONE', *, *, #3577, .T. ) ;
#4104 = VERTEX_POINT ( 'NONE', #3551 ) ;
#4105 = FACE_OUTER_BOUND ( 'NONE', #3870, .T. ) ;
#4106 = AXIS2_PLACEMENT_3D ( 'NONE', #1076, #465, #2813 ) ;
#4107 = FACE_OUTER_BOUND ( 'NONE', #1154, .T. ) ;
#4108 = ORIENTED_EDGE ( 'NONE', *, *, #337, .T. ) ;
#4109 = ORIENTED_EDGE ( 'NONE', *, *, #100, .F. ) ;
#4110 = VECTOR ( 'NONE', #1582, 1000.000000000000000 ) ;
#4111 = ADVANCED_FACE ( 'NONE', ( #2500 ), #508, .F. ) ;
#4112 = CARTESIAN_POINT ( 'NONE',  ( -0.8000000000001928901, 1.000000000000074607, 2.300000000000063327 ) ) ;
#4113 = ADVANCED_FACE ( 'NONE', ( #1563 ), #4231, .F. ) ;
#4114 = LINE ( 'NONE', #504, #1606 ) ;
#4115 = FACE_BOUND ( 'NONE', #336, .T. ) ;
#4116 = FACE_OUTER_BOUND ( 'NONE', #1593, .T. ) ;
#4117 = EDGE_LOOP ( 'NONE', ( #4103, #1789, #2635, #4218 ) ) ;
#4119 = VECTOR ( 'NONE', #2329, 1000.000000000000000 ) ;
#4118 = CARTESIAN_POINT ( 'NONE',  ( -12.11794919243130941, 1.900000000000073630, -1.599999999999935252 ) ) ;
#4120 = EDGE_CURVE ( 'NONE', #1346, #1590, #900, .T. ) ;
#4121 = DIRECTION ( 'NONE',  ( 0.000000000000000000, 0.000000000000000000, 1.000000000000000000 ) ) ;
#4122 = LINE ( 'NONE', #392, #1613 ) ;
#4123 = AXIS2_PLACEMENT_3D ( 'NONE', #3000, #2019, #481 ) ;
#4124 = FACE_OUTER_BOUND ( 'NONE', #799, .T. ) ;
#4125 = ORIENTED_EDGE ( 'NONE', *, *, #1079, .T. ) ;
#4126 = VECTOR ( 'NONE', #3907, 1000.000000000000000 ) ;
#4127 = DIRECTION ( 'NONE',  ( -1.000000000000000000, 0.000000000000000000, 0.000000000000000000 ) ) ;
#4128 = LINE ( 'NONE', #1837, #455 ) ;
#4129 = ORIENTED_EDGE ( 'NONE', *, *, #2945, .T. ) ;
#4130 = ORIENTED_EDGE ( 'NONE', *, *, #2913, .T. ) ;
#4131 = DIRECTION ( 'NONE',  ( 0.000000000000000000, 3.540251991789403391E-16, -1.000000000000000000 ) ) ;
#4132 = DIRECTION ( 'NONE',  ( 0.000000000000000000, 0.000000000000000000, -1.000000000000000000 ) ) ;
#4133 = ORIENTED_EDGE ( 'NONE', *, *, #3194, .F. ) ;
#4134 = ORIENTED_EDGE ( 'NONE', *, *, #3882, .F. ) ;
#4135 = PERSON_AND_ORGANIZATION_ROLE ( 'classification_officer' ) ;
#4136 = DIRECTION ( 'NONE',  ( 0.000000000000000000, 0.000000000000000000, -1.000000000000000000 ) ) ;
#4137 = CARTESIAN_POINT ( 'NONE',  ( -10.45000000000019291, 6.900000000000074074, -2.099999999999938360 ) ) ;
#4138 = CARTESIAN_POINT ( 'NONE',  ( -1.000000000000193401, 6.400000000000074074, 0.8000000000000619949 ) ) ;
#4139 = ORIENTED_EDGE ( 'NONE', *, *, #2870, .T. ) ;
#4140 = ADVANCED_FACE ( 'NONE', ( #2179 ), #3509, .F. ) ;
#4141 = CARTESIAN_POINT ( 'NONE',  ( -3.500000000000193623, 6.400000000000074074, 0.8000000000000619949 ) ) ;
#4142 = CARTESIAN_POINT ( 'NONE',  ( -1.000000000000193401, 6.400000000000075850, -1.599999999999938582 ) ) ;
#4143 = EDGE_CURVE ( 'NONE', #3976, #865, #14, .T. ) ;
#4144 = DIRECTION ( 'NONE',  ( 0.000000000000000000, 0.000000000000000000, 1.000000000000000000 ) ) ;
#4145 = ADVANCED_FACE ( 'NONE', ( #3632 ), #942, .T. ) ;
#4146 = CARTESIAN_POINT ( 'NONE',  ( -2.050000000000193001, 6.400000000000075850, -2.099999999999938360 ) ) ;
#4147 = EDGE_LOOP ( 'NONE', ( #3641, #31, #3300, #3869 ) ) ;
#4148 = DIRECTION ( 'NONE',  ( 0.000000000000000000, 0.000000000000000000, 1.000000000000000000 ) ) ;
#4149 = LINE ( 'NONE', #2860, #4301 ) ;
#4150 = VERTEX_POINT ( 'NONE', #2323 ) ;
#4151 = VECTOR ( 'NONE', #3909, 1000.000000000000000 ) ;
#4152 = VERTEX_POINT ( 'NONE', #2279 ) ;
#4153 = ORIENTED_EDGE ( 'NONE', *, *, #1818, .T. ) ;
#4154 = CARTESIAN_POINT ( 'NONE',  ( 1.599999999999806466, 6.900000000000074074, -1.599999999999938360 ) ) ;
#4155 = ORIENTED_EDGE ( 'NONE', *, *, #3285, .T. ) ;
#4156 = ORIENTED_EDGE ( 'NONE', *, *, #1034, .F. ) ;
#4157 = MECHANICAL_CONTEXT ( 'NONE', #1050, 'mechanical' ) ;
#4158 = LINE ( 'NONE', #2172, #3844 ) ;
#4159 = VECTOR ( 'NONE', #2747, 1000.000000000000000 ) ;
#4160 = EDGE_CURVE ( 'NONE', #1813, #1883, #1621, .T. ) ;
#4161 = LINE ( 'NONE', #3176, #4080 ) ;
#4162 = FACE_OUTER_BOUND ( 'NONE', #2373, .T. ) ;
#4163 = VERTEX_POINT ( 'NONE', #3325 ) ;
#4164 = CARTESIAN_POINT ( 'NONE',  ( -0.8000000000001928901, 6.100000000000072475, 2.300000000000063327 ) ) ;
#4165 = DIRECTION ( 'NONE',  ( 1.000000000000000000, -0.000000000000000000, 0.000000000000000000 ) ) ;
#4166 = ADVANCED_FACE ( 'NONE', ( #4026 ), #2669, .F. ) ;
#4167 = LINE ( 'NONE', #3884, #630 ) ;
#4168 = EDGE_CURVE ( 'NONE', #1973, #3122, #1180, .T. ) ;
#4169 = CARTESIAN_POINT ( 'NONE',  ( -7.500000000000124345, 4.499999999999999112, -0.4999999999999515388 ) ) ;
#4170 = VERTEX_POINT ( 'NONE', #3985 ) ;
#4172 = EDGE_CURVE ( 'NONE', #1272, #3469, #960, .T. ) ;
#4171 = PLANE ( 'NONE',  #3287 ) ;
#4173 = DIRECTION ( 'NONE',  ( 0.000000000000000000, 1.000000000000000000, 0.000000000000000000 ) ) ;
#4174 = ORIENTED_EDGE ( 'NONE', *, *, #850, .F. ) ;
#4175 = ORIENTED_EDGE ( 'NONE', *, *, #3924, .F. ) ;
#4176 = ADVANCED_FACE ( 'NONE', ( #3610 ), #4273, .F. ) ;
#4177 = CARTESIAN_POINT ( 'NONE',  ( -12.05000000000019433, 6.400000000000075850, -1.599999999999938360 ) ) ;
#4178 = ORIENTED_EDGE ( 'NONE', *, *, #850, .T. ) ;
#4179 = ORIENTED_EDGE ( 'NONE', *, *, #3951, .T. ) ;
#4180 = VECTOR ( 'NONE', #1098, 1000.000000000000000 ) ;
#4181 = CARTESIAN_POINT ( 'NONE',  ( -12.20000000000019291, 6.900000000000074074, 2.300000000000063327 ) ) ;
#4182 = LINE ( 'NONE', #1538, #3807 ) ;
#4183 = CARTESIAN_POINT ( 'NONE',  ( -5.450000000000193801, 6.400000000000075850, -1.599999999999938582 ) ) ;
#4184 = ORIENTED_EDGE ( 'NONE', *, *, #2932, .T. ) ;
#4185 = CARTESIAN_POINT ( 'NONE',  ( -5.000000000000191847, 5.400000000000074962, -0.1999999999999055589 ) ) ;
#4186 = VECTOR ( 'NONE', #3161, 1000.000000000000000 ) ;
#4187 = CARTESIAN_POINT ( 'NONE',  ( -12.05000000000019433, 6.900000000000074074, -1.599999999999938360 ) ) ;
#4188 = LINE ( 'NONE', #1259, #1821 ) ;
#4189 = VECTOR ( 'NONE', #428, 1000.000000000000000 ) ;
#4190 = ADVANCED_FACE ( 'NONE', ( #673 ), #4337, .F. ) ;
#4191 = AXIS2_PLACEMENT_3D ( 'NONE', #4142, #201, #4121 ) ;
#4192 = PLANE ( 'NONE',  #2708 ) ;
#4193 = VERTEX_POINT ( 'NONE', #4293 ) ;
#4194 = DIRECTION ( 'NONE',  ( 0.000000000000000000, 0.000000000000000000, 1.000000000000000000 ) ) ;
#4195 = AXIS2_PLACEMENT_3D ( 'NONE', #1560, #1971, #3301 ) ;
#4196 = CARTESIAN_POINT ( 'NONE',  ( -0.8000000000001928901, 1.000000000000074607, 2.300000000000063327 ) ) ;
#4197 = VERTEX_POINT ( 'NONE', #3018 ) ;
#4198 = ADVANCED_FACE ( 'NONE', ( #2259 ), #3591, .T. ) ;
#4199 = VECTOR ( 'NONE', #641, 1000.000000000000000 ) ;
#4200 = ORIENTED_EDGE ( 'NONE', *, *, #4004, .T. ) ;
#4201 = DIRECTION ( 'NONE',  ( 0.9659258262890701996, -0.000000000000000000, 0.2588190451025139671 ) ) ;
#4202 = VERTEX_POINT ( 'NONE', #1975 ) ;
#4203 = VECTOR ( 'NONE', #2899, 1000.000000000000000 ) ;
#4204 = ORIENTED_EDGE ( 'NONE', *, *, #354, .F. ) ;
#4205 = EDGE_CURVE ( 'NONE', #1276, #2698, #1315, .T. ) ;
#4206 = DATE_TIME_ROLE ( 'creation_date' ) ;
#4207 = FACE_OUTER_BOUND ( 'NONE', #2271, .T. ) ;
#4208 = LINE ( 'NONE', #3131, #3029 ) ;
#4209 = FACE_OUTER_BOUND ( 'NONE', #1204, .T. ) ;
#4210 = ORIENTED_EDGE ( 'NONE', *, *, #1286, .T. ) ;
#4211 = CARTESIAN_POINT ( 'NONE',  ( -9.000000000000193623, 6.900000000000074074, -1.599999999999938360 ) ) ;
#4212 = CARTESIAN_POINT ( 'NONE',  ( -6.000000000000193623, 6.900000000000074074, -3.399999999999935518 ) ) ;
#4213 = DIRECTION ( 'NONE',  ( 0.000000000000000000, 1.000000000000000000, 3.614007241618348278E-16 ) ) ;
#4214 = CARTESIAN_POINT ( 'NONE',  ( 0.4999999999998078759, 3.450000000000073896, 1.500000000000062839 ) ) ;
#4215 = ORIENTED_EDGE ( 'NONE', *, *, #3555, .F. ) ;
#4216 = CARTESIAN_POINT ( 'NONE',  ( -6.250000000000127010, 4.499999999999999112, -3.035766082959412415E-15 ) ) ;
#4217 = CARTESIAN_POINT ( 'NONE',  ( -14.10000000000012577, -1.301042606982605321E-15, -2.550000000000002931 ) ) ;
#4218 = ORIENTED_EDGE ( 'NONE', *, *, #3065, .T. ) ;
#4219 = VERTEX_POINT ( 'NONE', #591 ) ;
#4220 = LINE ( 'NONE', #1882, #3736 ) ;
#4221 = EDGE_LOOP ( 'NONE', ( #2072, #3954 ) ) ;
#4222 = VECTOR ( 'NONE', #3214, 1000.000000000000000 ) ;
#4223 = ORIENTED_EDGE ( 'NONE', *, *, #614, .F. ) ;
#4224 = PERSON_AND_ORGANIZATION ( #2460, #1598 ) ;
#4225 = DIRECTION ( 'NONE',  ( 0.2588190451025139671, 0.000000000000000000, -0.9659258262890701996 ) ) ;
#4226 = CARTESIAN_POINT ( 'NONE',  ( -0.4500000000001933009, 6.400000000000075850, -1.599999999999938582 ) ) ;
#4227 = ADVANCED_FACE ( 'NONE', ( #1931 ), #3266, .F. ) ;
#4228 = VECTOR ( 'NONE', #452, 1000.000000000000000 ) ;
#4229 = ORIENTED_EDGE ( 'NONE', *, *, #2461, .F. ) ;
#4230 = VECTOR ( 'NONE', #776, 1000.000000000000000 ) ;
#4231 = CYLINDRICAL_SURFACE ( 'NONE', #2579, 0.8000000000000009326 ) ;
#4232 = FACE_OUTER_BOUND ( 'NONE', #1723, .T. ) ;
#4233 = LINE ( 'NONE', #1238, #1261 ) ;
#4234 = EDGE_CURVE ( 'NONE', #282, #83, #3304, .T. ) ;
#4235 = CARTESIAN_POINT ( 'NONE',  ( 0.3820508075686916971, 1.900000000000073630, -1.599999999999934808 ) ) ;
#4236 = VERTEX_POINT ( 'NONE', #3941 ) ;
#4237 = CARTESIAN_POINT ( 'NONE',  ( -12.50000000000012612, 4.499999999999999112, 8.326672684688674053E-14 ) ) ;
#4238 = CARTESIAN_POINT ( 'NONE',  ( -7.500000000000193623, 6.400000000000074074, -0.1999999999998877676 ) ) ;
#4239 = ORIENTED_EDGE ( 'NONE', *, *, #124, .F. ) ;
#4240 = ORIENTED_EDGE ( 'NONE', *, *, #2176, .T. ) ;
#4241 = LINE ( 'NONE', #1904, #2483 ) ;
#4242 = ORIENTED_EDGE ( 'NONE', *, *, #3898, .T. ) ;
#4243 = ORIENTED_EDGE ( 'NONE', *, *, #3582, .T. ) ;
#4244 = ADVANCED_FACE ( 'NONE', ( #302 ), #1642, .T. ) ;
#4245 = FACE_OUTER_BOUND ( 'NONE', #2233, .T. ) ;
#4246 = FACE_OUTER_BOUND ( 'NONE', #3028, .T. ) ;
#4247 = VERTEX_POINT ( 'NONE', #2079 ) ;
#4248 = EDGE_CURVE ( 'NONE', #1370, #378, #1749, .T. ) ;
#4249 = LINE ( 'NONE', #1831, #3341 ) ;
#4250 = CARTESIAN_POINT ( 'NONE',  ( -5.000000000000191847, 5.400000000000074962, -0.1999999999999055589 ) ) ;
#4251 = CIRCLE ( 'NONE', #3207, 0.8000000000000009326 ) ;
#4252 = LINE ( 'NONE', #4093, #3177 ) ;
#4253 = EDGE_CURVE ( 'NONE', #710, #3295, #60, .T. ) ;
#4254 = AXIS2_PLACEMENT_3D ( 'NONE', #1577, #173, #2871 ) ;
#4255 = EDGE_CURVE ( 'NONE', #3240, #4292, #84, .T. ) ;
#4256 = FACE_OUTER_BOUND ( 'NONE', #335, .T. ) ;
#4257 = ORIENTED_EDGE ( 'NONE', *, *, #3101, .T. ) ;
#4258 = FACE_OUTER_BOUND ( 'NONE', #1059, .T. ) ;
#4259 = LOCAL_TIME ( 19, 53, 55.00000000000000000, #480 ) ;
#4260 = AXIS2_PLACEMENT_3D ( 'NONE', #733, #2397, #1815 ) ;
#4261 = VERTEX_POINT ( 'NONE', #3129 ) ;
#4262 = VECTOR ( 'NONE', #1626, 1000.000000000000000 ) ;
#4263 = VERTEX_POINT ( 'NONE', #384 ) ;
#4264 = AXIS2_PLACEMENT_3D ( 'NONE', #4050, #1725, #739 ) ;
#4265 = CARTESIAN_POINT ( 'NONE',  ( -7.050000000000193445, 6.400000000000075850, -2.099999999999938360 ) ) ;
#4266 = ORIENTED_EDGE ( 'NONE', *, *, #1547, .F. ) ;
#4267 = ORIENTED_EDGE ( 'NONE', *, *, #4277, .T. ) ;
#4268 = VECTOR ( 'NONE', #2439, 1000.000000000000000 ) ;
#4269 = DIRECTION ( 'NONE',  ( -2.837848136965480861E-16, 0.000000000000000000, 1.000000000000000000 ) ) ;
#4270 = AXIS2_PLACEMENT_3D ( 'NONE', #537, #3233, #1217 ) ;
#4271 = PLANE ( 'NONE',  #1429 ) ;
#4272 = ORIENTED_EDGE ( 'NONE', *, *, #2005, .T. ) ;
#4273 = CYLINDRICAL_SURFACE ( 'NONE', #3836, 0.4999999999999998890 ) ;
#4274 = EDGE_CURVE ( 'NONE', #1487, #3683, #2088, .T. ) ;
#4275 = CARTESIAN_POINT ( 'NONE',  ( -13.00000000000019362, 1.000000000000075051, 1.500000000000062839 ) ) ;
#4276 = DIRECTION ( 'NONE',  ( 0.000000000000000000, 1.000000000000000000, 3.540251991789403391E-16 ) ) ;
#4277 = EDGE_CURVE ( 'NONE', #3916, #1812, #431, .T. ) ;
#4278 = LINE ( 'NONE', #769, #3966 ) ;
#4279 = EDGE_CURVE ( 'NONE', #1346, #1949, #2125, .T. ) ;
#4280 = ORIENTED_EDGE ( 'NONE', *, *, #691, .F. ) ;
#4281 = DIRECTION ( 'NONE',  ( 1.000000000000000000, 0.000000000000000000, 0.000000000000000000 ) ) ;
#4282 = ADVANCED_FACE ( 'NONE', ( #2451 ), #1088, .T. ) ;
#4283 = EDGE_CURVE ( 'NONE', #3295, #728, #1797, .T. ) ;
#4284 = ORIENTED_EDGE ( 'NONE', *, *, #2318, .T. ) ;
#4285 = ORIENTED_EDGE ( 'NONE', *, *, #4160, .T. ) ;
#4286 = LINE ( 'NONE', #231, #3880 ) ;
#4287 = EDGE_CURVE ( 'NONE', #2039, #2533, #3720, .T. ) ;
#4288 = ORIENTED_EDGE ( 'NONE', *, *, #662, .T. ) ;
#4289 = ORIENTED_EDGE ( 'NONE', *, *, #2768, .F. ) ;
#4290 = DIRECTION ( 'NONE',  ( -0.000000000000000000, -1.000000000000000000, -0.000000000000000000 ) ) ;
#4291 = LINE ( 'NONE', #3628, #1148 ) ;
#4292 = VERTEX_POINT ( 'NONE', #2736 ) ;
#4293 = CARTESIAN_POINT ( 'NONE',  ( -9.000000000000193623, 6.400000000000074074, 0.8000000000000619949 ) ) ;
#4294 = CARTESIAN_POINT ( 'NONE',  ( -8.500000000000193623, 6.400000000000075850, -1.599999999999938582 ) ) ;
#4295 = VECTOR ( 'NONE', #1887, 1000.000000000000000 ) ;
#4296 = CARTESIAN_POINT ( 'NONE',  ( -8.500000000000193623, 6.400000000000075850, -1.599999999999938582 ) ) ;
#4297 = EDGE_CURVE ( 'NONE', #3469, #4219, #363, .T. ) ;
#4298 = DIRECTION ( 'NONE',  ( 0.000000000000000000, 1.000000000000000000, 0.000000000000000000 ) ) ;
#4299 = CARTESIAN_POINT ( 'NONE',  ( 2.399999999999806732, 6.900000000000074074, -3.399999999999935518 ) ) ;
#4300 = DIRECTION ( 'NONE',  ( 0.2588190451025219607, 0.000000000000000000, 0.9659258262890678681 ) ) ;
#4301 = VECTOR ( 'NONE', #798, 1000.000000000000000 ) ;
#4302 = VERTEX_POINT ( 'NONE', #2059 ) ;
#4303 = DIRECTION ( 'NONE',  ( 0.000000000000000000, 0.000000000000000000, 1.000000000000000000 ) ) ;
#4304 = EDGE_CURVE ( 'NONE', #2070, #1807, #1772, .T. ) ;
#4305 = ORIENTED_EDGE ( 'NONE', *, *, #1896, .F. ) ;
#4306 = DIRECTION ( 'NONE',  ( 0.000000000000000000, 0.000000000000000000, 1.000000000000000000 ) ) ;
#4307 = ORIENTED_EDGE ( 'NONE', *, *, #3523, .F. ) ;
#4308 = ADVANCED_FACE ( 'NONE', ( #4070 ), #737, .F. ) ;
#4309 = ORIENTED_EDGE ( 'NONE', *, *, #2744, .F. ) ;
#4310 = ADVANCED_FACE ( 'NONE', ( #697 ), #2041, .F. ) ;
#4311 = CARTESIAN_POINT ( 'NONE',  ( -7.950000000000192912, 6.400000000000075850, -2.099999999999938360 ) ) ;
#4312 = CARTESIAN_POINT ( 'NONE',  ( -13.00000000000019362, 1.000000000000074607, 2.300000000000063327 ) ) ;
#4313 = ORIENTED_EDGE ( 'NONE', *, *, #187, .F. ) ;
#4314 = DIRECTION ( 'NONE',  ( -1.381149264312744580E-16, 0.000000000000000000, -1.000000000000000000 ) ) ;
#4315 = CARTESIAN_POINT ( 'NONE',  ( -9.550000000000194333, 6.400000000000075850, -2.099999999999938360 ) ) ;
#4316 = DIRECTION ( 'NONE',  ( -0.000000000000000000, -1.000000000000000000, -3.540251991789403391E-16 ) ) ;
#4317 = FACE_OUTER_BOUND ( 'NONE', #1835, .T. ) ;
#4318 = LINE ( 'NONE', #20, #122 ) ;
#4319 = VECTOR ( 'NONE', #2715, 1000.000000000000000 ) ;
#4320 = ORIENTED_EDGE ( 'NONE', *, *, #2083, .F. ) ;
#4321 = PLANE ( 'NONE',  #975 ) ;
#4322 = ORIENTED_EDGE ( 'NONE', *, *, #3898, .F. ) ;
#4323 = EDGE_CURVE ( 'NONE', #4170, #478, #1066, .T. ) ;
#4324 = VECTOR ( 'NONE', #761, 1000.000000000000114 ) ;
#4325 = DIRECTION ( 'NONE',  ( 0.000000000000000000, 1.000000000000000000, -0.000000000000000000 ) ) ;
#4326 = ORIENTED_EDGE ( 'NONE', *, *, #3162, .F. ) ;
#4327 = DIRECTION ( 'NONE',  ( -0.000000000000000000, -1.000000000000000000, -3.540251991789403391E-16 ) ) ;
#4328 = ORIENTED_EDGE ( 'NONE', *, *, #2083, .T. ) ;
#4329 = EDGE_CURVE ( 'NONE', #1015, #3645, #2405, .T. ) ;
#4330 = EDGE_LOOP ( 'NONE', ( #1898, #2991, #3757, #1087 ) ) ;
#4331 = AXIS2_PLACEMENT_3D ( 'NONE', #961, #1603, #303 ) ;
#4332 = DIRECTION ( 'NONE',  ( -1.000000000000000000, 0.000000000000000000, -0.000000000000000000 ) ) ;
#4333 = DIRECTION ( 'NONE',  ( -0.000000000000000000, -1.000000000000000000, 0.000000000000000000 ) ) ;
#4334 = VECTOR ( 'NONE', #3503, 1000.000000000000000 ) ;
#4335 = EDGE_CURVE ( 'NONE', #210, #1064, #3368, .T. ) ;
#4336 = VERTEX_POINT ( 'NONE', #3041 ) ;
#4338 = AXIS2_PLACEMENT_3D ( 'NONE', #3843, #3167, #165 ) ;
#4337 = PLANE ( 'NONE',  #1735 ) ;
#4339 = LINE ( 'NONE', #1751, #1470 ) ;
#4340 = DIRECTION ( 'NONE',  ( 0.2588190451025139671, 0.000000000000000000, -0.9659258262890701996 ) ) ;
#4341 = FACE_OUTER_BOUND ( 'NONE', #1911, .T. ) ;
ENDSEC;
END-ISO-10303-21;
